osm_id,type,name,minlat,minlon,maxlat,maxlon,center_lat,center_lon,tags
413175236,node,Покинута котельня,48.4901751,39.3468529,48.4901751,39.3468529,48.4901751,39.3468529,"{'man_made': 'works', 'name': 'Покинута котельня', 'name:uk': 'Покинута котельня'}"
627636774,node,Cogniance Inc.,50.418134,30.517136,50.418134,30.517136,50.418134,30.517136,"{'addr:housenumber': '86-Д', 'addr:street': 'вулиця Казимира Малевича', 'description': 'Software development', 'man_made': 'works', 'name': 'Cogniance Inc.', 'name:uk': 'Cogniance Inc.', 'website': 'https://cogniance.com/'}"
735120774,node,Покинута котельня,48.4766159,39.3331328,48.4766159,39.3331328,48.4766159,39.3331328,"{'man_made': 'works', 'name': 'Покинута котельня', 'name:uk': 'Покинута котельня'}"
735120901,node,Ptitsefabrika,48.4759543,39.3392408,48.4759543,39.3392408,48.4759543,39.3392408,"{'man_made': 'works', 'name': 'Ptitsefabrika', 'name:uk': 'Ptitsefabrika'}"
1279134205,node,Котельня,47.9346107,37.6862543,47.9346107,37.6862543,47.9346107,37.6862543,"{'man_made': 'works', 'name': 'Котельня', 'name:uk': 'Котельня'}"
1279584521,node,"Винзавод ""Леанка""",48.5362339,22.506649,48.5362339,22.506649,48.5362339,22.506649,"{'man_made': 'works', 'name': 'Винзавод ""Леанка""', 'name:uk': 'Винзавод ""Леанка""'}"
1360284527,node,Unknown,50.039397,36.2197,50.039397,36.2197,50.039397,36.2197,{'man_made': 'works'}
1407115170,node,Алювіжен,50.7762572,25.3454409,50.7762572,25.3454409,50.7762572,25.3454409,"{'addr:housenumber': '12а', 'man_made': 'works', 'name': 'Алювіжен', 'name:en': 'Aluvision', 'name:ru': 'Алювижен', 'name:uk': 'Алювіжен'}"
1678958361,node,ЛугаРайзАгро,48.7320014,39.3094888,48.7320014,39.3094888,48.7320014,39.3094888,"{'man_made': 'works', 'name': 'ЛугаРайзАгро', 'name:uk': 'ЛугаРайзАгро'}"
1706780846,node,Unknown,49.9571977,31.0379389,49.9571977,31.0379389,49.9571977,31.0379389,{'man_made': 'works'}
1736093803,node,"Будівельна база ""Солід""",48.0242901,38.6302793,48.0242901,38.6302793,48.0242901,38.6302793,"{'man_made': 'works', 'name': 'Будівельна база ""Солід""', 'name:uk': 'Будівельна база ""Солід""'}"
2191392260,node,Мівіна,49.9723463,36.3030718,49.9723463,36.3030718,49.9723463,36.3030718,"{'man_made': 'works', 'name': 'Мівіна', 'name:uk': 'Мівіна'}"
2191392262,node,Турбоатом,49.9730238,36.3009517,49.9730238,36.3009517,49.9730238,36.3009517,"{'man_made': 'works', 'name': 'Турбоатом', 'name:uk': 'Турбоатом'}"
2313570194,node,ІСКРА,47.837312,35.2228662,47.837312,35.2228662,47.837312,35.2228662,"{'addr:housenumber': '84', 'addr:street': 'Магістральна вулиця', 'email': 'iskra@iskra.zp.ua', 'man_made': 'works', 'name': 'ІСКРА', 'name:en': 'ISKRA', 'name:ru': 'ИСКРА', 'name:uk': 'ІСКРА', 'phone': '+380 612 71 2152;+380 612 71 2279', 'website': 'https://iskra.zp.ua/index.php?lang=ua'}"
2344124912,node,Волочиський Консервний Завод,49.5320655,26.2337279,49.5320655,26.2337279,49.5320655,26.2337279,"{'man_made': 'works', 'name': 'Волочиський Консервний Завод', 'name:uk': 'Волочиський Консервний Завод'}"
2344128270,node,Цегляний завод,49.5508857,26.2310586,49.5508857,26.2310586,49.5508857,26.2310586,"{'industrial': 'brickyard', 'man_made': 'works', 'name': 'Цегляний завод', 'name:uk': 'Цегляний завод'}"
2578506266,node,Хлібозавод №8,49.9866815,36.3280594,49.9866815,36.3280594,49.9866815,36.3280594,"{'man_made': 'works', 'name': 'Хлібозавод №8', 'name:ru': 'Хлебзавод №8', 'name:uk': 'Хлібозавод №8', 'note': 'Филиал Салтовского'}"
2582280431,node,"ПП „Демидів Продукт""",50.4245747,25.3326605,50.4245747,25.3326605,50.4245747,25.3326605,"{'man_made': 'works', 'name': 'ПП „Демидів Продукт""', 'name:uk': 'ПП „Демидів Продукт""'}"
2787554997,node,"Шиферный завод ""Кряж""",45.5198609,34.3073221,45.5198609,34.3073221,45.5198609,34.3073221,"{'contact:phone': '+38 06556 24584', 'industrial': 'factory', 'name': 'Шиферный завод ""Кряж""', 'name:en': 'Roof Tile Factory', 'name:ru': 'Шиферный завод ""Кряж""', 'name:uk': 'Шиферний завод ""Кряж""', 'official_name': 'ДП ЧП Красногвардейский шиферный завод ""Кряж""'}"
2950486853,node,ТОВ „КомбікормТрейд“,49.4439785,25.5992344,49.4439785,25.5992344,49.4439785,25.5992344,"{'man_made': 'works', 'name': 'ТОВ „КомбікормТрейд“', 'name:uk': 'ТОВ „КомбікормТрейд“'}"
2959778793,node,Метінвест-СМЦ,48.9949902,24.1879427,48.9949902,24.1879427,48.9949902,24.1879427,"{'man_made': 'works', 'name': 'Метінвест-СМЦ', 'name:uk': 'Метінвест-СМЦ'}"
2972193896,node,Сільськогосподарські угіддя,47.8916183,37.6774679,47.8916183,37.6774679,47.8916183,37.6774679,"{'craft': 'agricultural_engines', 'man_made': 'works', 'name': 'Сільськогосподарські угіддя', 'name:uk': 'Сільськогосподарські угіддя', 'opening_hours': '08:00-18:00', 'wheelchair': 'limited'}"
2972193903,node,ТОК,47.8865286,37.6751316,47.8865286,37.6751316,47.8865286,37.6751316,"{'man_made': 'works', 'name': 'ТОК', 'name:uk': 'ТОК'}"
2972193904,node,"Фермерське господарство ""Лілія""",47.845653,37.6459712,47.845653,37.6459712,47.845653,37.6459712,"{'man_made': 'works', 'name': 'Фермерське господарство ""Лілія""', 'name:uk': 'Фермерське господарство ""Лілія""'}"
2975991038,node,Завод з виробництва мінеральної води,47.8319692,37.8035882,47.8319692,37.8035882,47.8319692,37.8035882,"{'man_made': 'works', 'name': 'Завод з виробництва мінеральної води', 'name:uk': 'Завод з виробництва мінеральної води'}"
2976160904,node,Сар.,47.8305481,37.7692537,47.8305481,37.7692537,47.8305481,37.7692537,"{'man_made': 'works', 'name': 'Сар.', 'name:uk': 'Сар.'}"
2977813069,node,Пол.ст.,47.8887049,37.531107,47.8887049,37.531107,47.8887049,37.531107,"{'man_made': 'works', 'name': 'Пол.ст.', 'name:uk': 'Пол.ст.'}"
2978009892,node,Брикетна фабрика,47.9351262,37.5858529,47.9351262,37.5858529,47.9351262,37.5858529,"{'man_made': 'works', 'name': 'Брикетна фабрика', 'name:uk': 'Брикетна фабрика'}"
2978009894,node,Донметпром,47.9289327,37.5869764,47.9289327,37.5869764,47.9289327,37.5869764,"{'man_made': 'works', 'name': 'Донметпром', 'name:uk': 'Донметпром'}"
2978009895,node,Бойня,47.9316436,37.5925484,47.9316436,37.5925484,47.9316436,37.5925484,"{'man_made': 'works', 'name': 'Бойня', 'name:uk': 'Бойня'}"
2978330176,node,ХБК,47.9357872,37.6809701,47.9357872,37.6809701,47.9357872,37.6809701,"{'man_made': 'works', 'name': 'ХБК', 'name:uk': 'ХБК'}"
2978330177,node,Золотое руно,47.94017,37.6796744,47.94017,37.6796744,47.94017,37.6796744,"{'man_made': 'works', 'name': 'Золотое руно', 'name:uk': 'Золотое руно'}"
2978385956,node,«Норд» - ВЕЗ,47.9355233,37.6905349,47.9355233,37.6905349,47.9355233,37.6905349,"{'man_made': 'works', 'name': '«Норд» - ВЕЗ', 'name:uk': '«Норд» - ВЕЗ'}"
2978385957,node,ГВ18,47.9332117,37.6872938,47.9332117,37.6872938,47.9332117,37.6872938,"{'man_made': 'works', 'name': 'ГВ18', 'name:uk': 'ГВ18'}"
2978385962,node,Текстиль контакт,47.9351573,37.6791319,47.9351573,37.6791319,47.9351573,37.6791319,"{'man_made': 'works', 'name': 'Текстиль контакт', 'name:uk': 'Текстиль контакт'}"
2978385965,node,Насосна станція,47.9275719,37.6859321,47.9275719,37.6859321,47.9275719,37.6859321,"{'man_made': 'works', 'name': 'Насосна станція', 'name:uk': 'Насосна станція'}"
2978385966,node,Склади АТБ,47.9318416,37.6826546,47.9318416,37.6826546,47.9318416,37.6826546,"{'man_made': 'works', 'name': 'Склади АТБ', 'name:uk': 'Склади АТБ'}"
2980398541,node,Великобурлуцьке ХПП,50.0388101,37.40337,50.0388101,37.40337,50.0388101,37.40337,"{'man_made': 'works', 'name': 'Великобурлуцьке ХПП', 'name:uk': 'Великобурлуцьке ХПП', 'operator': 'ООО ""Гутянский элеватор"" Великобурлукский участок', 'phone': '+380 5752 53 857', 'product': 'bread;хлеб'}"
2982458842,node,"Енерговугілля, енергетична компанія",47.9312024,37.656437,47.9312024,37.656437,47.9312024,37.656437,"{'man_made': 'works', 'name': 'Енерговугілля, енергетична компанія', 'name:uk': 'Енерговугілля, енергетична компанія'}"
2982617582,node,Евросталь,47.9372744,37.669071,47.9372744,37.669071,47.9372744,37.669071,"{'man_made': 'works', 'name': 'Евросталь', 'name:uk': 'Евросталь'}"
2982617584,node,Типографія «Астро»,47.9377683,37.6674531,47.9377683,37.6674531,47.9377683,37.6674531,"{'man_made': 'works', 'name': 'Типографія «Астро»', 'name:ru': 'Типография «Астро»', 'name:uk': 'Типографія «Астро»'}"
2982666818,node,Рибцех,47.9387541,37.6694771,47.9387541,37.6694771,47.9387541,37.6694771,"{'man_made': 'works', 'name': 'Рибцех', 'name:uk': 'Рибцех'}"
2983064847,node,Завод «Продмаш»,47.9356389,37.6688061,47.9356389,37.6688061,47.9356389,37.6688061,"{'man_made': 'works', 'name': 'Завод «Продмаш»', 'name:uk': 'Завод «Продмаш»'}"
2988244606,node,Камбінат НОВИЙ,47.7765251,37.6426267,47.7765251,37.6426267,47.7765251,37.6426267,"{'man_made': 'works', 'name': 'Камбінат НОВИЙ', 'name:uk': 'Камбінат НОВИЙ'}"
2988479872,node,Котельня,47.7569362,37.6637986,47.7569362,37.6637986,47.7569362,37.6637986,"{'man_made': 'works', 'name': 'Котельня', 'name:uk': 'Котельня'}"
3020315482,node,Пол.ст.,47.0713147,36.9145077,47.0713147,36.9145077,47.0713147,36.9145077,"{'man_made': 'works', 'name': 'Пол.ст.', 'name:uk': 'Пол.ст.'}"
3020315483,node,Пол.ст.,47.1026975,36.9073062,47.1026975,36.9073062,47.1026975,36.9073062,"{'man_made': 'works', 'name': 'Пол.ст.', 'name:uk': 'Пол.ст.'}"
3026945111,node,Unknown,47.0518905,37.1799887,47.0518905,37.1799887,47.0518905,37.1799887,{'man_made': 'works'}
3089568967,node,ТОВ Віньковецький сирзавод,49.0317696,27.2257532,49.0317696,27.2257532,49.0317696,27.2257532,"{'addr:city': 'Віньківці', 'addr:country': 'UA', 'addr:housenumber': '4', 'addr:postcode': '32500', 'addr:street': 'Центральна вулиця', 'man_made': 'works', 'name': 'ТОВ Віньковецький сирзавод', 'name:uk': 'ТОВ Віньковецький сирзавод'}"
3089577951,node,Асфальтний завод,49.0371508,27.2606813,49.0371508,27.2606813,49.0371508,27.2606813,"{'addr:city': 'Віньківці', 'addr:country': 'UA', 'addr:postcode': '32500', 'addr:street': 'Володимирська вулиця', 'man_made': 'works', 'name': 'Асфальтний завод', 'name:uk': 'Асфальтний завод'}"
3116552568,node,Підземгаз,48.9360216,38.4894962,48.9360216,38.4894962,48.9360216,38.4894962,"{'man_made': 'works', 'name': 'Підземгаз', 'name:en': 'Pidzemgas', 'name:ru': 'Подземгаз', 'name:uk': 'Підземгаз', 'official_name:ru': 'Северодонецкое производственное управление подземного хранения газа', 'website': 'http://dtg.naftogaz.com'}"
3138404219,node,"ТзОВ ""Каскад-Продакшн""",50.7852443,25.3791533,50.7852443,25.3791533,50.7852443,25.3791533,"{'branch': 'Деревообробний цех', 'man_made': 'works', 'name': 'ТзОВ ""Каскад-Продакшн""', 'name:en': 'ТзОВ ""Каскад-Продакшн""', 'name:uk': 'ТзОВ ""Каскад-Продакшн""'}"
3149238574,node,Донізол,48.9527504,38.4403771,48.9527504,38.4403771,48.9527504,38.4403771,"{'man_made': 'works', 'name': 'Донізол', 'name:en': 'Donizol', 'name:ru': 'ДонИзол', 'name:uk': 'Донізол'}"
3233291851,node,АТП,48.9367351,38.4862329,48.9367351,38.4862329,48.9367351,38.4862329,"{'man_made': 'works', 'name': 'АТП', 'name:uk': 'АТП'}"
3290571674,node,Завод «Ротор»,48.9585559,38.4925258,48.9585559,38.4925258,48.9585559,38.4925258,"{'man_made': 'works', 'name': 'Завод «Ротор»', 'name:uk': 'Завод «Ротор»'}"
3409775977,node,Аллен,47.9352088,37.5082043,47.9352088,37.5082043,47.9352088,37.5082043,"{'man_made': 'works', 'name': 'Аллен', 'name:uk': 'Аллен'}"
3409776007,node,База оптовой торговли,47.936991,37.5091322,47.936991,37.5091322,47.936991,37.5091322,"{'man_made': 'works', 'name': 'База оптовой торговли', 'name:uk': 'База оптовой торговли'}"
3413667661,node,Облгаз,47.9401936,37.4973514,47.9401936,37.4973514,47.9401936,37.4973514,"{'man_made': 'works', 'name': 'Облгаз', 'name:uk': 'Облгаз'}"
3420453119,node,Міськводоканал,47.9373932,37.5028728,47.9373932,37.5028728,47.9373932,37.5028728,"{'man_made': 'works', 'name': 'Міськводоканал', 'name:uk': 'Міськводоканал'}"
3545088900,node,"ТзОВ ""Уніплит""",48.8747301,24.7142695,48.8747301,24.7142695,48.8747301,24.7142695,"{'man_made': 'works', 'name': 'ТзОВ ""Уніплит""', 'name:uk': 'ТзОВ ""Уніплит""'}"
3691034004,node,"ПМП ВФ ""Панда""",49.2683534,28.505705,49.2683534,28.505705,49.2683534,28.505705,"{'brand': 'Караван', 'description': 'Виробництво безалкогольних напоїв ТМ ""Караван""', 'man_made': 'works', 'name': 'ПМП ВФ ""Панда""', 'name:uk': 'ПМП ВФ ""Панда""', 'opening_hours': 'Mo-Fr 08:00-16:30', 'phone': '+380 432 55 4812', 'website': 'https://karavan.net.ua/'}"
3756206315,node,"Завод ""Ленінська кузня""",50.4758929,30.5289054,50.4758929,30.5289054,50.4758929,30.5289054,"{'addr:housenumber': '26', 'addr:postcode': '04176', 'addr:street': 'вулиця Електриків', 'man_made': 'works', 'name': 'Завод ""Ленінська кузня""', 'name:uk': 'Завод ""Ленінська кузня""', 'phone': '+380 44 425 2150', 'website': 'https://lk.com.ua/'}"
3901526472,node,Одесавинпром,46.4625649,30.7545969,46.4625649,30.7545969,46.4625649,30.7545969,"{'entrance': 'main', 'man_made': 'works', 'name': 'Одесавинпром', 'name:uk': 'Одесавинпром'}"
4079778486,node,Цементний завод,50.5467042,26.2585611,50.5467042,26.2585611,50.5467042,26.2585611,"{'man_made': 'works', 'name': 'Цементний завод', 'name:uk': 'Цементний завод', 'official_name': 'Dyckerhoff', 'short_name': 'Цемзавод', 'website': 'https://www.dyckerhoff.com.ua/'}"
4087723007,node,ТОВ Лелека,50.5165138,30.2567387,50.5165138,30.2567387,50.5165138,30.2567387,"{'man_made': 'works', 'name': 'ТОВ Лелека', 'name:uk': 'ТОВ Лелека', 'product': 'frames', 'website': 'http://frame.com.ua/'}"
4099206135,node,Планета Пластик,50.535612,30.2463803,50.535612,30.2463803,50.535612,30.2463803,"{'addr:housenumber': '1', 'addr:street': 'вулиця Дзержинського', 'man_made': 'works', 'name': 'Планета Пластик', 'name:uk': 'Планета Пластик'}"
4099214289,node,К.ТЕКС,50.5390663,30.2469596,50.5390663,30.2469596,50.5390663,30.2469596,"{'addr:housenumber': '1-А', 'addr:street': 'вулиця Дзержинського', 'description:ru': 'Нетканые материалы', 'man_made': 'works', 'name': 'К.ТЕКС', 'name:uk': 'К.ТЕКС'}"
4284837366,node,Лазерні технології,48.3962725,35.0456616,48.3962725,35.0456616,48.3962725,35.0456616,"{'email': 'inframark14@ukr.net', 'man_made': 'works', 'name': 'Лазерні технології', 'name:uk': 'Лазерні технології', 'phone': '+380 67 637 2237;+380 563 74 2917', 'shop': 'trophy', 'website': 'https://laserdnepr.com.ua/'}"
4296821041,node,ЗАТ Кременчуцька обувна фабрика,49.0748349,33.4195917,49.0748349,33.4195917,49.0748349,33.4195917,"{'contact:phone': '+380 5366 22 228', 'man_made': 'works', 'name': 'ЗАТ Кременчуцька обувна фабрика', 'name:uk': 'ЗАТ Кременчуцька обувна фабрика'}"
4341144494,node,Очисна станція,48.6302449,37.5248341,48.6302449,37.5248341,48.6302449,37.5248341,"{'man_made': 'works', 'name': 'Очисна станція', 'name:uk': 'Очисна станція'}"
4343081191,node,РГТФ,50.7487867,33.4887119,50.7487867,33.4887119,50.7487867,33.4887119,"{'man_made': 'works', 'name': 'РГТФ', 'name:uk': 'РГТФ'}"
4509169275,node,СанРайз Пиломатеріали,50.1674391,30.3273415,50.1674391,30.3273415,50.1674391,30.3273415,"{'addr:city': 'Васильків', 'addr:housenumber': '3а', 'addr:street': 'вулиця Чехова', 'man_made': 'works', 'name': 'СанРайз Пиломатеріали', 'name:uk': 'СанРайз Пиломатеріали'}"
4516730420,node,ФТИНТ,49.8315717,35.6406155,49.8315717,35.6406155,49.8315717,35.6406155,"{'man_made': 'works', 'name': 'ФТИНТ', 'name:uk': 'ФТИНТ'}"
4552415181,node,СТ Домашній хліб,49.6653713,27.0000588,49.6653713,27.0000588,49.6653713,27.0000588,"{'addr:city': 'Красілив', 'addr:country': 'UA', 'addr:housenumber': '154', 'addr:postcode': '31000', 'addr:street': 'вулиця Грушевського', 'email': 'domashniy_hlib@ukr.net', 'fax': '+380 3855 31 929', 'image': 'https://goo.gl/q1qyLP', 'man_made': 'works', 'name': 'СТ Домашній хліб', 'name:uk': 'СТ Домашній хліб', 'phone': '+380 97 342 1864', 'website': 'http://domashniyhlib.com.ua/'}"
4602763435,node,Вімм-Білль-Данн,50.3885581,30.3417643,50.3885581,30.3417643,50.3885581,30.3417643,"{'addr:city': 'Вишневе', 'addr:housenumber': '7', 'addr:street': 'Промислова вулиця', 'description': 'Молокозавод', 'man_made': 'works', 'name': 'Вімм-Білль-Данн', 'name:uk': 'Вімм-Білль-Данн', 'wikipedia': 'uk:Вімм-Білль-Данн Україна'}"
4710291236,node,Крохмальний завод,50.5770713,30.2056988,50.5770713,30.2056988,50.5770713,30.2056988,"{'addr:street': 'вулиця Богдана Хмельницького', 'man_made': 'works', 'name': 'Крохмальний завод', 'name:uk': 'Крохмальний завод'}"
4715356191,node,Машторф завод,50.5213852,30.2185185,50.5213852,30.2185185,50.5213852,30.2185185,"{'addr:housenumber': '92', 'addr:street': 'Садова вулиця', 'building': 'yes', 'man_made': 'works', 'name': 'Машторф завод', 'name:ru': 'Проходная завода машторф', 'name:uk': 'Машторф завод'}"
4732471692,node,Пост ЕЦ,47.08463,37.5495792,47.08463,37.5495792,47.08463,37.5495792,"{'man_made': 'works', 'name': 'Пост ЕЦ', 'name:ru': 'Пост ЭЦ', 'name:uk': 'Пост ЕЦ'}"
4732471693,node,Вагонне депо,47.0841795,37.5522727,47.0841795,37.5522727,47.0841795,37.5522727,"{'man_made': 'works', 'name': 'Вагонне депо', 'name:ru': 'Вагонное депо', 'name:uk': 'Вагонне депо'}"
4732471694,node,ЕЧС-21,47.0841134,37.5579852,47.0841134,37.5579852,47.0841134,37.5579852,"{'man_made': 'works', 'name': 'ЕЧС-21', 'name:ru': 'ЭЧС-21', 'name:uk': 'ЕЧС-21'}"
4732471695,node,ЕЧК-12,47.0844137,37.5579508,47.0844137,37.5579508,47.0844137,37.5579508,"{'man_made': 'works', 'name': 'ЕЧК-12', 'name:ru': 'ЭЧК-12', 'name:uk': 'ЕЧК-12'}"
4732471697,node,Локомотивне депо,47.0843986,37.5566715,47.0843986,37.5566715,47.0843986,37.5566715,"{'man_made': 'works', 'name': 'Локомотивне депо', 'name:ru': 'Локомотивное депо', 'name:uk': 'Локомотивне депо'}"
4732471698,node,Бригадний будинок машиністів,47.0840154,37.556546,47.0840154,37.556546,47.0840154,37.556546,"{'man_made': 'works', 'name': 'Бригадний будинок машиністів', 'name:ru': 'Бригадный дом машинистов', 'name:uk': 'Бригадний будинок машиністів'}"
4734313275,node,АПК-2,47.1798038,37.5587984,47.1798038,37.5587984,47.1798038,37.5587984,"{'man_made': 'works', 'name': 'АПК-2', 'name:ru': 'АБК-2', 'name:uk': 'АПК-2'}"
4734313276,node,ЕП-4,47.1759894,37.5584685,47.1759894,37.5584685,47.1759894,37.5584685,"{'man_made': 'works', 'name': 'ЕП-4', 'name:ru': 'ЭП-4', 'name:uk': 'ЕП-4'}"
4734313277,node,АПК-1 ЛПЦ-3000,47.1726768,37.5639166,47.1726768,37.5639166,47.1726768,37.5639166,"{'man_made': 'works', 'name': 'АПК-1 ЛПЦ-3000', 'name:ru': 'АБК-1 ЛПЦ-3000', 'name:uk': 'АПК-1 ЛПЦ-3000'}"
4734313279,node,АПК ЦПСМ,47.1698692,37.5609517,47.1698692,37.5609517,47.1698692,37.5609517,"{'man_made': 'works', 'name': 'АПК ЦПСМ', 'name:ru': 'АБК ЦПСМ', 'name:uk': 'АПК ЦПСМ'}"
4734313280,node,ЦПСМ,47.1691859,37.5615516,47.1691859,37.5615516,47.1691859,37.5615516,"{'man_made': 'works', 'name': 'ЦПСМ', 'name:uk': 'ЦПСМ'}"
4734313283,node,Листопрокатний цех 3000,47.1764186,37.5600571,47.1764186,37.5600571,47.1764186,37.5600571,"{'alt_name': 'Стан 3000', 'man_made': 'works', 'name': 'Листопрокатний цех 3000', 'name:ru': 'Листопрокатный цех 3000', 'name:uk': 'Листопрокатний цех 3000', 'short_name': 'ЛПЦ-3000'}"
4734313284,node,Цех холодного прокату,47.1735889,37.5543172,47.1735889,37.5543172,47.1735889,37.5543172,"{'man_made': 'works', 'name': 'Цех холодного прокату', 'name:ru': 'Цех холодного проката', 'name:uk': 'Цех холодного прокату'}"
4734313285,node,Листопрокатний цех 1700,47.1690741,37.5526971,47.1690741,37.5526971,47.1690741,37.5526971,"{'alt_name': 'Стан 1700', 'man_made': 'works', 'name': 'Листопрокатний цех 1700', 'name:ru': 'Листопрокатный цех 1700', 'name:uk': 'Листопрокатний цех 1700', 'short_name': 'ЛПЦ-1700'}"
4734313289,node,Склад,47.1599439,37.5561265,47.1599439,37.5561265,47.1599439,37.5561265,"{'man_made': 'works', 'name': 'Склад', 'name:ru': 'Склад', 'name:uk': 'Склад'}"
4734313290,node,"Цеха 194, 195",47.1595383,37.5533566,47.1595383,37.5533566,47.1595383,37.5533566,"{'man_made': 'works', 'name': 'Цеха 194, 195', 'name:uk': 'Цеха 194, 195'}"
4734313291,node,"Цеха 148, 198",47.1574174,37.550935,47.1574174,37.550935,47.1574174,37.550935,"{'man_made': 'works', 'name': 'Цеха 148, 198', 'name:uk': 'Цеха 148, 198'}"
4734313292,node,Цех 192,47.155446,37.5511816,47.155446,37.5511816,47.155446,37.5511816,"{'man_made': 'works', 'name': 'Цех 192', 'name:uk': 'Цех 192'}"
4734613855,node,Золотий урожай,47.1023926,37.6246185,47.1023926,37.6246185,47.1023926,37.6246185,"{'man_made': 'works', 'name': 'Золотий урожай', 'name:ru': 'Золотой урожай', 'name:uk': 'Золотий урожай', 'official_status': 'uk:хлібокомбінат'}"
4734613879,node,Товстолистовий цех,47.1095804,37.6069233,47.1095804,37.6069233,47.1095804,37.6069233,"{'alt_name': 'Стан 3600', 'man_made': 'works', 'name': 'Товстолистовий цех', 'name:ru': 'Толстолистовой цех', 'name:uk': 'Товстолистовий цех', 'short_name': 'ТЛЦ'}"
4745705568,node,Ретим,50.5264423,30.8001704,50.5264423,30.8001704,50.5264423,30.8001704,"{'addr:housenumber': '50', 'addr:street': 'вулиця 136-го батальйону', 'man_made': 'works', 'name': 'Ретим', 'name:uk': 'Ретим'}"
4770658525,node,Сєвєродонецький завод теплоізоляційних виробів,48.9562658,38.4485213,48.9562658,38.4485213,48.9562658,38.4485213,"{'man_made': 'works', 'name': 'Сєвєродонецький завод теплоізоляційних виробів', 'name:ru': 'Северодонецкий завод теплоизоляционных изделий', 'name:uk': 'Сєвєродонецький завод теплоізоляційних виробів'}"
4773993333,node,"ТОВ ""Теріхем Тервакоскі""",50.7428519,25.388314,50.7428519,25.388314,50.7428519,25.388314,"{'addr:housenumber': '76а', 'addr:postcode': '43020', 'addr:street': 'Рівненська вулиця', 'man_made': 'works', 'name': 'ТОВ ""Теріхем Тервакоскі""', 'name:uk': 'ТОВ ""Теріхем Тервакоскі""', 'product': 'polypropylene_film'}"
4832717228,node,Прохідні ворота №20,47.1598511,37.5504807,47.1598511,37.5504807,47.1598511,37.5504807,"{'man_made': 'works', 'name': 'Прохідні ворота №20', 'name:ru': 'Проходные ворота №20', 'name:uk': 'Прохідні ворота №20', 'ref': '20', 'short_name': 'КПП №20'}"
4855028678,node,Корса,49.246535,28.5295844,49.246535,28.5295844,49.246535,28.5295844,"{'man_made': 'works', 'name': 'Корса', 'name:uk': 'Корса'}"
4899667284,node,Бердичівська фабрика одягу,49.8948833,28.5791285,49.8948833,28.5791285,49.8948833,28.5791285,"{'man_made': 'works', 'name': 'Бердичівська фабрика одягу', 'name:ru': 'Бердичевская фабрика одежды', 'name:uk': 'Бердичівська фабрика одягу', 'website': 'https://www.bfo.com.ua/'}"
4924583822,node,ДимКом,49.7933696,24.0109263,49.7933696,24.0109263,49.7933696,24.0109263,"{'description': 'виготовлення димарів та труб', 'man_made': 'works', 'name': 'ДимКом', 'name:ru': 'ДимКом', 'name:uk': 'ДимКом'}"
4946586619,node,Blizarrd,48.4360342,22.2043924,48.4360342,22.2043924,48.4360342,22.2043924,"{'man_made': 'works', 'name': 'Blizarrd', 'name:uk': 'Blizarrd'}"
4958972933,node,Київське учбово-виробниче підприємство №3,50.4629243,30.5055294,50.4629243,30.5055294,50.4629243,30.5055294,"{'man_made': 'works', 'name': 'Київське учбово-виробниче підприємство №3', 'name:ru': 'Киевское учебно-производственное предприятие №3', 'name:uk': 'Київське учбово-виробниче підприємство №3', 'operator': 'Українське товариство сліпих'}"
5003226305,node,Бравіос,50.1092573,25.1336396,50.1092573,25.1336396,50.1092573,25.1336396,"{'addr:city': 'Язлівчик', 'addr:housenumber': '31', 'addr:street': 'Конюшківська вулиця', 'man_made': 'works', 'name': 'Бравіос', 'name:uk': 'Бравіос'}"
5003226423,node,Агротехсервіс,50.0934016,25.1501298,50.0934016,25.1501298,50.0934016,25.1501298,"{'addr:housenumber': '1', 'addr:street': 'вулиця Івана Богуна', 'man_made': 'works', 'name': 'Агротехсервіс', 'name:uk': 'Агротехсервіс'}"
5003226449,node,"ТзОВ ""Броди АГРО""",50.1752697,25.1664805,50.1752697,25.1664805,50.1752697,25.1664805,"{'addr:city': 'Броди', 'addr:housenumber': '6', 'addr:postcode': '80600', 'addr:street': 'вулиця Тараса Чупринки', 'man_made': 'works', 'name': 'ТзОВ ""Броди АГРО""', 'name:ru': 'ООО ""Броды АГРО""', 'name:uk': 'ТзОВ ""Броди АГРО""'}"
5017521515,node,Краєвид,50.4817291,31.7833641,50.4817291,31.7833641,50.4817291,31.7833641,"{'man_made': 'works', 'name': 'Краєвид', 'name:uk': 'Краєвид', 'name:uk-Latn': 'Kraievyd', 'product': 'sugar'}"
5037784671,node,СП ТОВ Укон,50.0838367,25.147039,50.0838367,25.147039,50.0838367,25.147039,"{'man_made': 'works', 'name': 'СП ТОВ Укон', 'name:uk': 'СП ТОВ Укон'}"
5046447925,node,"Тютюнова фабрика ""Хамадей""",47.9918027,37.8801968,47.9918027,37.8801968,47.9918027,37.8801968,"{'man_made': 'works', 'name': 'Тютюнова фабрика ""Хамадей""', 'name:ru': 'Табачная фабрика ""Хамадей""', 'name:uk': 'Тютюнова фабрика ""Хамадей""'}"
5047994755,node,"Мурованокуриловецький завод мінеральної води ""Реґіна""",48.7106464,27.5140805,48.7106464,27.5140805,48.7106464,27.5140805,"{'man_made': 'works', 'name': 'Мурованокуриловецький завод мінеральної води ""Реґіна""', 'name:uk': 'Мурованокуриловецький завод мінеральної води ""Реґіна""'}"
5058183738,node,ПАТ «Уманьферммаш»,48.7455863,30.1781677,48.7455863,30.1781677,48.7455863,30.1781677,"{'man_made': 'works', 'name': 'ПАТ «Уманьферммаш»', 'name:ru': 'ОАО ""Уманьферммаш""', 'name:uk': 'ПАТ «Уманьферммаш»'}"
5072930540,node,Конствукторское бюро коммутационной аппаратуры,44.590897,33.4827617,44.590897,33.4827617,44.590897,33.4827617,"{'man_made': 'works', 'name': 'Конствукторское бюро коммутационной аппаратуры', 'name:ru': 'Конствукторское бюро коммутационной аппаратуры', 'name:uk': 'КБ Комутаційної апаратури'}"
5141612576,node,Молокозавод,51.1856446,33.7789452,51.1856446,33.7789452,51.1856446,33.7789452,"{'man_made': 'works', 'name': 'Молокозавод', 'name:uk': 'Молокозавод'}"
5169992655,node,ОРЕОЛ-1,50.5084431,30.4650441,50.5084431,30.4650441,50.5084431,30.4650441,"{'addr:housenumber': '18', 'addr:street': 'Коноплянська вулиця', 'man_made': 'works', 'name': 'ОРЕОЛ-1', 'name:ru': 'ОРЕОЛ-1', 'name:uk': 'ОРЕОЛ-1'}"
5244067417,node,ДонЕРМ,47.9913526,37.8384923,47.9913526,37.8384923,47.9913526,37.8384923,"{'man_made': 'works', 'name': 'ДонЕРМ', 'name:uk': 'ДонЕРМ'}"
5316615350,node,Виробництво піноблоків,49.6738984,28.8313625,49.6738984,28.8313625,49.6738984,28.8313625,"{'man_made': 'works', 'name': 'Виробництво піноблоків', 'name:uk': 'Виробництво піноблоків'}"
5336584143,node,"ТОВ ""Татрафан""",50.7424889,25.3862572,50.7424889,25.3862572,50.7424889,25.3862572,"{'addr:housenumber': '76а', 'addr:street': 'Рівненська вулиця', 'description': 'Виробництво пакувальної поліпропіленової плівки', 'man_made': 'works', 'name': 'ТОВ ""Татрафан""', 'name:uk': 'ТОВ ""Татрафан""', 'opening_hours': 'Mo-Fr 08:00-17:00'}"
5372969786,node,Сладосвіт,49.6707651,32.3212153,49.6707651,32.3212153,49.6707651,32.3212153,"{'man_made': 'works', 'name': 'Сладосвіт', 'name:uk': 'Сладосвіт'}"
5373465210,node,Червонослобідський спиртовий завод,50.3921309,29.6854784,50.3921309,29.6854784,50.3921309,29.6854784,"{'addr:housenumber': '1', 'addr:street': 'Заводська вулиця', 'man_made': 'works', 'name': 'Червонослобідський спиртовий завод', 'name:uk': 'Червонослобідський спиртовий завод', 'product': 'alcohol', 'website': 'http://sloboda.wallst.ru/'}"
5412743453,node,"ДП ""УКРСПИРТ"" Рава-Руське МПД",50.2357292,23.6023483,50.2357292,23.6023483,50.2357292,23.6023483,"{'addr:housenumber': '50', 'addr:postcode': '80316', 'addr:street': 'вулиця 22 Січня', 'man_made': 'works', 'name': 'ДП ""УКРСПИРТ"" Рава-Руське МПД', 'name:uk': 'ДП ""УКРСПИРТ"" Рава-Руське МПД'}"
5474783977,node,BISCOTTI,49.7674262,24.0225116,49.7674262,24.0225116,49.7674262,24.0225116,"{'internet_access': 'wlan', 'man_made': 'works', 'name': 'BISCOTTI', 'name:en': 'BISCOTTI', 'name:uk': 'BISCOTTI', 'product': 'confectionary;cookies'}"
5543007921,node,"Виррбництво меблів ""Орхідея""",50.592599,32.3641819,50.592599,32.3641819,50.592599,32.3641819,"{'addr:street': 'Козача вулиця', 'craft': 'carpenter', 'man_made': 'works', 'name': 'Виррбництво меблів ""Орхідея""', 'name:uk': 'Виррбництво меблів ""Орхідея""'}"
5582701707,node,Сєвєродонецький завод теплоізоляційних виробів,48.9749884,38.4477711,48.9749884,38.4477711,48.9749884,38.4477711,"{'contact:website': 'http://www.ukrizol.dp.ua', 'man_made': 'works', 'name': 'Сєвєродонецький завод теплоізоляційних виробів', 'name:ru': 'Северодонецкий завод теплоизоляционных изделий', 'name:uk': 'Сєвєродонецький завод теплоізоляційних виробів'}"
5679271445,node,Unknown,48.8610075,38.2932115,48.8610075,38.2932115,48.8610075,38.2932115,"{'loc_name:ru': 'Битумное хозяйство', 'man_made': 'works'}"
5679271446,node,Цегляний завод,48.8467317,38.3307624,48.8467317,38.3307624,48.8467317,38.3307624,"{'man_made': 'works', 'name': 'Цегляний завод', 'name:ru': 'Кирпичный завод', 'name:uk': 'Цегляний завод'}"
5679678197,node,Завод,49.6441684,27.2438028,49.6441684,27.2438028,49.6441684,27.2438028,"{'man_made': 'works', 'name': 'Завод', 'name:uk': 'Завод'}"
5695847774,node,Асфальтобетонний завод,48.9607257,38.4653878,48.9607257,38.4653878,48.9607257,38.4653878,"{'addr:housenumber': '2д', 'addr:street': 'Богдана Ліщини вулиця', 'man_made': 'works', 'name': 'Асфальтобетонний завод', 'name:uk': 'Асфальтобетонний завод'}"
5793498186,node,Coca Cola,49.8615195,24.0335442,49.8615195,24.0335442,49.8615195,24.0335442,"{'addr:housenumber': '43', 'addr:street': 'Городницька вулиця', 'man_made': 'works', 'name': 'Coca Cola', 'name:uk': 'Coca Cola', 'operator': 'Coca Cola', 'product': 'beverages'}"
5836994808,node,Овочеконсервний завод,48.0677241,30.8674803,48.0677241,30.8674803,48.0677241,30.8674803,"{'man_made': 'works', 'name': 'Овочеконсервний завод', 'name:uk': 'Овочеконсервний завод'}"
5836994810,node,"ДОПП ""Райз-Агросервіс""",48.0732209,30.878586,48.0732209,30.878586,48.0732209,30.878586,"{'man_made': 'works', 'name': 'ДОПП ""Райз-Агросервіс""', 'name:uk': 'ДОПП ""Райз-Агросервіс""'}"
5836994811,node,ФОП Борцова І.Л.,48.0747761,30.8806069,48.0747761,30.8806069,48.0747761,30.8806069,"{'man_made': 'works', 'name': 'ФОП Борцова І.Л.', 'name:uk': 'ФОП Борцова І.Л.'}"
5898686230,node,Комуніст,47.8859887,33.332541,47.8859887,33.332541,47.8859887,33.332541,"{'man_made': 'works', 'name': 'Комуніст', 'name:ru': 'Коммунист', 'name:uk': 'Комуніст'}"
5914650186,node,"Завод мінеральних вод ""Себек""",49.8360613,36.7265172,49.8360613,36.7265172,49.8360613,36.7265172,"{'man_made': 'works', 'name': 'Завод мінеральних вод ""Себек""', 'name:uk': 'Завод мінеральних вод ""Себек""'}"
5991264966,node,Швейна фабрика Троттола,49.8360942,24.0026674,49.8360942,24.0026674,49.8360942,24.0026674,"{'description': 'Пошиття верхнього одягу, роздрібна торгівля одягом, включаючи спортивний.', 'email': 'trottola@trottola.lviv.ua;yarru@trottola.lviv.ua', 'fax': '+380 322 97 0896', 'man_made': 'works', 'name': 'Швейна фабрика Троттола', 'name:uk': 'Швейна фабрика Троттола', 'operator': 'ВАТ „Троттола“', 'phone': '+380 322 37 1435;+380 322 37 1439;+380 322 37 1436', 'short_name': 'Троттола', 'short_name:en': 'Trottola'}"
6037359949,node,Завод причепів,49.0798159,33.4127841,49.0798159,33.4127841,49.0798159,33.4127841,"{'man_made': 'works', 'name': 'Завод причепів', 'name:uk': 'Завод причепів'}"
6200549083,node,Завод електротехнічної порцеляни,50.2003435,27.6295161,50.2003435,27.6295161,50.2003435,27.6295161,"{'addr:housenumber': '1', 'addr:postcode': '12746', 'addr:street': 'Комсомольська вулиця', 'man_made': 'works', 'name': 'Завод електротехнічної порцеляни', 'name:uk': 'Завод електротехнічної порцеляни', 'phone': '+380 97 900 6870', 'website': 'https://eceram.com/'}"
6228073319,node,Завод гідроарматури,49.4516776,26.9228345,49.4516776,26.9228345,49.4516776,26.9228345,"{'man_made': 'works', 'name': 'Завод гідроарматури', 'name:uk': 'Завод гідроарматури'}"
6278796216,node,Завод металоконструкцій,50.6298044,26.267014,50.6298044,26.267014,50.6298044,26.267014,"{'man_made': 'works', 'name': 'Завод металоконструкцій', 'name:uk': 'Завод металоконструкцій'}"
6304184058,node,Восор,47.872884,35.0074487,47.872884,35.0074487,47.872884,35.0074487,"{'addr:housenumber': '38', 'addr:postcode': '69089', 'addr:street': 'Сковороди вулиця', 'man_made': 'works', 'name': 'Восор', 'name:en': 'Vosor', 'name:ru': 'Восор', 'name:uk': 'Восор', 'product': 'fertilizer;pesticides;удобрения;пестициды'}"
6341337366,node,Подоляночка,49.7829632,33.2722899,49.7829632,33.2722899,49.7829632,33.2722899,"{'man_made': 'works', 'name': 'Подоляночка', 'name:uk': 'Подоляночка'}"
6367754093,node,Рівненський пивзавод,50.6210095,26.2286811,50.6210095,26.2286811,50.6210095,26.2286811,"{'man_made': 'works', 'name': 'Рівненський пивзавод', 'name:uk': 'Рівненський пивзавод', 'operator': 'ТОВ ""Рівень ЛТД""', 'product': 'beer', 'website': 'https://riven.com.ua/'}"
6396272847,node,Машинобудівний,48.0357045,38.1524942,48.0357045,38.1524942,48.0357045,38.1524942,"{'man_made': 'works', 'name': 'Машинобудівний', 'name:uk': 'Машинобудівний'}"
6443212385,node,Ваги,47.1497268,37.5741333,47.1497268,37.5741333,47.1497268,37.5741333,"{'man_made': 'works', 'name': 'Ваги', 'name:en': 'Weighter', 'name:ru': 'Весы', 'name:uk': 'Ваги'}"
6445082586,node,Цех підготовки виробництва,47.1511458,37.5726708,47.1511458,37.5726708,47.1511458,37.5726708,"{'man_made': 'works', 'name': 'Цех підготовки виробництва', 'name:ru': 'Цех подготовки производства', 'name:uk': 'Цех підготовки виробництва'}"
6502552088,node,"ТОВ ""Полімер-колор""",50.5129884,30.8338519,50.5129884,30.8338519,50.5129884,30.8338519,"{'man_made': 'works', 'name': 'ТОВ ""Полімер-колор""', 'name:uk': 'ТОВ ""Полімер-колор""'}"
6502552089,node,"ТОВ ""Леал-гласс""",50.512635,30.8333662,50.512635,30.8333662,50.512635,30.8333662,"{'man_made': 'works', 'name': 'ТОВ ""Леал-гласс""', 'name:uk': 'ТОВ ""Леал-гласс""'}"
6542150337,node,ТОВ Київський БКК,50.4352804,30.3714325,50.4352804,30.3714325,50.4352804,30.3714325,"{'addr:housenumber': '7/1', 'addr:street': 'вулиця Дмитра Чижевського', 'brand': 'Київхліб', 'man_made': 'works', 'name': 'ТОВ Київський БКК', 'name:uk': 'ТОВ Київський БКК'}"
6551611343,node,"Механічний завод ""Сонет""",50.5091836,30.8123882,50.5091836,30.8123882,50.5091836,30.8123882,"{'addr:housenumber': '57', 'addr:postcode': '07403', 'addr:street': 'вулиця Олега Онікієнка', 'man_made': 'works', 'name': 'Механічний завод ""Сонет""', 'name:uk': 'Механічний завод ""Сонет""', 'phone': '+380 66 040 4205', 'website': 'https://www.mz-sonet.com.ua/'}"
6565782593,node,"ПрАТ ""ІНДАР""",50.4334904,30.6744209,50.4334904,30.6744209,50.4334904,30.6744209,"{'addr:housenumber': '5', 'addr:street': 'Зрошувальна вулиця', 'man_made': 'works', 'name': 'ПрАТ ""ІНДАР""', 'name:en': 'PRJSC “INDAR”', 'name:fr': 'INDAR', 'name:pt': 'INDAR S.A.', 'name:uk': 'ПрАТ ""ІНДАР""', 'website': 'https://indar.com.ua/en'}"
6569248744,node,ТОВ ВФ Лелека,49.9625366,36.2415791,49.9625366,36.2415791,49.9625366,36.2415791,"{'FIXME': 'Уточнити розташування щодо цеху', 'addr:housenumber': '13', 'addr:street': 'Біологічна вулиця', 'brand': 'Полісся', 'man_made': 'works', 'name': 'ТОВ ВФ Лелека', 'name:en': 'Open Company the Production firm ""Leleka""', 'name:uk': 'ТОВ ВФ Лелека', 'product': 'wet scarf /вологі хустинки'}"
6573932261,node,Асфальтний завод,47.1724906,37.5116776,47.1724906,37.5116776,47.1724906,37.5116776,"{'man_made': 'works', 'name': 'Асфальтний завод', 'name:en': 'Asphalt Plant', 'name:ru': 'Асфальтный завод', 'name:uk': 'Асфальтний завод'}"
6600900967,node,Арт-Бетон,48.5892802,37.9877829,48.5892802,37.9877829,48.5892802,37.9877829,"{'addr:housenumber': '6', 'addr:street': 'Космонавтів вулиця', 'man_made': 'works', 'name': 'Арт-Бетон', 'name:uk': 'Арт-Бетон', 'phone': '+380 50 567 5650', 'website': 'http://art-beton.dn.ua/'}"
6604170085,node,Фабрика ялинкових іграшок,49.7015151,37.6131146,49.7015151,37.6131146,49.7015151,37.6131146,"{'man_made': 'works', 'name': 'Фабрика ялинкових іграшок', 'name:ru': 'фабрика елочных игрушек', 'name:uk': 'Фабрика ялинкових іграшок'}"
6610396634,node,"ТОВ ТЕНДЕР - виробництво пам""ятників",49.2241804,31.7652853,49.2241804,31.7652853,49.2241804,31.7652853,"{'man_made': 'works', 'name': 'ТОВ ТЕНДЕР - виробництво пам""ятників', 'name:uk': 'ТОВ ТЕНДЕР - виробництво пам""ятників', 'product': 'памятник;пам""ятники'}"
6647257817,node,ТОВ М'ясна фабрика Фаворит плюс,48.53667,35.0664925,48.53667,35.0664925,48.53667,35.0664925,"{'addr:housenumber': '76', 'man_made': 'works', 'name': ""ТОВ М'ясна фабрика Фаворит плюс"", 'name:uk': ""ТОВ М'ясна фабрика Фаворит плюс""}"
6661027797,node,ПтахоФабрика,50.5852034,32.4131197,50.5852034,32.4131197,50.5852034,32.4131197,"{'man_made': 'works', 'name': 'ПтахоФабрика', 'name:uk': 'ПтахоФабрика'}"
6670888786,node,"Завод пластикових вікон та дверей ""Геоід""",48.7208868,32.7101219,48.7208868,32.7101219,48.7208868,32.7101219,"{'man_made': 'works', 'name': 'Завод пластикових вікон та дверей ""Геоід""', 'name:ru': 'Завод пластиковых окон и дверей ""Геоид""', 'name:uk': 'Завод пластикових вікон та дверей ""Геоід""'}"
6721033389,node,УТОС,47.0940648,37.562335,47.0940648,37.562335,47.0940648,37.562335,"{'alt_name': 'Товариство сліпих', 'alt_name:ru': 'Общество слепых', 'alt_name:uk': 'Товариство сліпих', 'man_made': 'works', 'name': 'УТОС', 'name:uk': 'УТОС', 'phone': '+380 62 933 8398'}"
6751888901,node,Синельниковський комбікормовий завод,48.3370183,35.4787667,48.3370183,35.4787667,48.3370183,35.4787667,"{'man_made': 'works', 'name': 'Синельниковський комбікормовий завод', 'name:uk': 'Синельниковський комбікормовий завод'}"
6751888902,node,Винзавод «Золотая Амфора»,48.336521,35.4861333,48.336521,35.4861333,48.336521,35.4861333,"{'addr:housenumber': '1', 'addr:street': 'Космічна вулиця', 'man_made': 'works', 'name': 'Винзавод «Золотая Амфора»', 'name:uk': 'Винзавод «Золотая Амфора»'}"
6788051049,node,ХайдельбергЦемент Україна,47.8748702,33.4401456,47.8748702,33.4401456,47.8748702,33.4401456,"{'man_made': 'works', 'name': 'ХайдельбергЦемент Україна', 'name:uk': 'ХайдельбергЦемент Україна'}"
6833214525,node,Мідколгоспбуд,51.2598022,29.3904595,51.2598022,29.3904595,51.2598022,29.3904595,"{'man_made': 'works', 'name': 'Мідколгоспбуд', 'name:uk': 'Мідколгоспбуд'}"
6879767730,node,"Самбірський радіозавод ""Сигнал""",49.518738,23.1867509,49.518738,23.1867509,49.518738,23.1867509,"{'man_made': 'works', 'name': 'Самбірський радіозавод ""Сигнал""', 'name:uk': 'Самбірський радіозавод ""Сигнал""'}"
6879767740,node,Самбірський приладобудівний завод «ОМЕГА»,49.5294649,23.2008379,49.5294649,23.2008379,49.5294649,23.2008379,"{'addr:housenumber': '2', 'addr:postcode': '81400', 'addr:street': 'Промислова вулиця', 'man_made': 'works', 'name': 'Самбірський приладобудівний завод «ОМЕГА»', 'name:uk': 'Самбірський приладобудівний завод «ОМЕГА»', 'product': 'electronics', 'website': 'https://spzomega.com.ua/'}"
6976389789,node,ФАРМСТАНДАРТ БІОЛІК,50.047418,36.2715303,50.047418,36.2715303,50.047418,36.2715303,"{'addr:housenumber': '1/1', 'addr:street': 'Михаила Гуревича', 'man_made': 'works', 'name': 'ФАРМСТАНДАРТ БІОЛІК', 'name:uk': 'ФАРМСТАНДАРТ БІОЛІК'}"
6992500285,node,Склозавод,50.1398175,27.9592964,50.1398175,27.9592964,50.1398175,27.9592964,"{'addr:housenumber': '97', 'addr:street': 'Східна вулиця', 'man_made': 'works', 'name': 'Склозавод', 'name:uk': 'Склозавод', 'wikidata': 'Q12148734', 'wikipedia': 'uk:Романівський склозавод'}"
7019227577,node,ЦТП,47.1046302,37.6438907,47.1046302,37.6438907,47.1046302,37.6438907,"{'man_made': 'works', 'name': 'ЦТП', 'name:en': 'CHS', 'name:ru': 'ЦТП', 'name:uk': 'ЦТП', 'official_name': 'Центральний тепловий пункт', 'official_name:en': 'Central heat station', 'official_name:ru': 'Центральный тепловой пункт', 'official_name:uk': 'Центральний тепловий пункт'}"
7019227578,node,ЦТП,47.1062999,37.6340559,47.1062999,37.6340559,47.1062999,37.6340559,"{'man_made': 'works', 'name': 'ЦТП', 'name:en': 'CHS', 'name:ru': 'ЦТП', 'name:uk': 'ЦТП', 'official_name': 'Центральний тепловий пункт', 'official_name:en': 'Central heat station', 'official_name:ru': 'Центральный тепловой пункт', 'official_name:uk': 'Центральний тепловий пункт'}"
7019227579,node,ЦТП,47.0998987,37.6332938,47.0998987,37.6332938,47.0998987,37.6332938,"{'man_made': 'works', 'name': 'ЦТП', 'name:en': 'CHS', 'name:ru': 'ЦТП', 'name:uk': 'ЦТП', 'official_name': 'Центральний тепловий пункт', 'official_name:en': 'Central heat station', 'official_name:ru': 'Центральный тепловой пункт', 'official_name:uk': 'Центральний тепловий пункт'}"
7019227580,node,ЦТП,47.098343,37.6525146,47.098343,37.6525146,47.098343,37.6525146,"{'man_made': 'works', 'name': 'ЦТП', 'name:en': 'CHS', 'name:ru': 'ЦТП', 'name:uk': 'ЦТП', 'official_name': 'Центральний тепловий пункт', 'official_name:en': 'Central heat station', 'official_name:ru': 'Центральный тепловой пункт', 'official_name:uk': 'Центральний тепловий пункт'}"
7019227581,node,ЦТП,47.0998655,37.6547692,47.0998655,37.6547692,47.0998655,37.6547692,"{'man_made': 'works', 'name': 'ЦТП', 'name:en': 'CHS', 'name:ru': 'ЦТП', 'name:uk': 'ЦТП', 'official_name': 'Центральний тепловий пункт', 'official_name:en': 'Central heat station', 'official_name:ru': 'Центральный тепловой пункт', 'official_name:uk': 'Центральний тепловий пункт'}"
7019227582,node,ЦТП,47.1045213,37.665008,47.1045213,37.665008,47.1045213,37.665008,"{'man_made': 'works', 'name': 'ЦТП', 'name:en': 'CHS', 'name:ru': 'ЦТП', 'name:uk': 'ЦТП', 'official_name': 'Центральний тепловий пункт', 'official_name:en': 'Central heat station', 'official_name:ru': 'Центральный тепловой пункт', 'official_name:uk': 'Центральний тепловий пункт'}"
7019227583,node,ЦТП,47.1121765,37.6734932,47.1121765,37.6734932,47.1121765,37.6734932,"{'man_made': 'works', 'name': 'ЦТП', 'name:en': 'CHS', 'name:ru': 'ЦТП', 'name:uk': 'ЦТП', 'official_name': 'Центральний тепловий пункт', 'official_name:en': 'Central heat station', 'official_name:ru': 'Центральный тепловой пункт', 'official_name:uk': 'Центральний тепловий пункт'}"
7019227584,node,ЦТП,47.1184953,37.686032,47.1184953,37.686032,47.1184953,37.686032,"{'man_made': 'works', 'name': 'ЦТП', 'name:en': 'CHS', 'name:ru': 'ЦТП', 'name:uk': 'ЦТП', 'official_name': 'Центральний тепловий пункт', 'official_name:en': 'Central heat station', 'official_name:ru': 'Центральный тепловой пункт', 'official_name:uk': 'Центральний тепловий пункт', 'ref': '43'}"
7019231585,node,ЦТП,47.1225881,37.6894531,47.1225881,37.6894531,47.1225881,37.6894531,"{'man_made': 'works', 'name': 'ЦТП', 'name:en': 'CHS', 'name:ru': 'ЦТП', 'name:uk': 'ЦТП', 'official_name': 'Центральний тепловий пункт', 'official_name:en': 'Central heat station', 'official_name:ru': 'Центральный тепловой пункт', 'official_name:uk': 'Центральний тепловий пункт', 'ref': '90'}"
7019231586,node,ЦТП,47.1228291,37.6813942,47.1228291,37.6813942,47.1228291,37.6813942,"{'man_made': 'works', 'name': 'ЦТП', 'name:en': 'CHS', 'name:ru': 'ЦТП', 'name:uk': 'ЦТП', 'official_name': 'Центральний тепловий пункт', 'official_name:en': 'Central heat station', 'official_name:ru': 'Центральный тепловой пункт', 'official_name:uk': 'Центральний тепловий пункт'}"
7019231588,node,ЦТП,47.1267211,37.6878575,47.1267211,37.6878575,47.1267211,37.6878575,"{'man_made': 'works', 'name': 'ЦТП', 'name:en': 'CHS', 'name:ru': 'ЦТП', 'name:uk': 'ЦТП', 'official_name': 'Центральний тепловий пункт', 'official_name:en': 'Central heat station', 'official_name:ru': 'Центральный тепловой пункт', 'official_name:uk': 'Центральний тепловий пункт'}"
7019265112,node,ЦТП,47.117656,37.5295368,47.117656,37.5295368,47.117656,37.5295368,"{'man_made': 'works', 'name': 'ЦТП', 'name:en': 'CHS', 'name:ru': 'ЦТП', 'name:uk': 'ЦТП', 'official_name': 'Центральний тепловий пункт', 'official_name:en': 'Central heat station', 'official_name:ru': 'Центральный тепловой пункт', 'official_name:uk': 'Центральний тепловий пункт'}"
7019265113,node,ЦТП,47.1175511,37.5231336,47.1175511,37.5231336,47.1175511,37.5231336,"{'man_made': 'works', 'name': 'ЦТП', 'name:en': 'CHS', 'name:ru': 'ЦТП', 'name:uk': 'ЦТП', 'official_name': 'Центральний тепловий пункт', 'official_name:en': 'Central heat station', 'official_name:ru': 'Центральный тепловой пункт', 'official_name:uk': 'Центральний тепловий пункт'}"
7019265114,node,ЦТП,47.1212311,37.5245548,47.1212311,37.5245548,47.1212311,37.5245548,"{'man_made': 'works', 'name': 'ЦТП', 'name:en': 'CHS', 'name:ru': 'ЦТП', 'name:uk': 'ЦТП', 'official_name': 'Центральний тепловий пункт', 'official_name:en': 'Central heat station', 'official_name:ru': 'Центральный тепловой пункт', 'official_name:uk': 'Центральний тепловий пункт'}"
7019265115,node,ЦТП,47.118661,37.5179723,47.118661,37.5179723,47.118661,37.5179723,"{'man_made': 'works', 'name': 'ЦТП', 'name:en': 'CHS', 'name:ru': 'ЦТП', 'name:uk': 'ЦТП', 'official_name': 'Центральний тепловий пункт', 'official_name:en': 'Central heat station', 'official_name:ru': 'Центральный тепловой пункт', 'official_name:uk': 'Центральний тепловий пункт', 'ref': '47'}"
7019265117,node,ЦТП,47.1151682,37.514332,47.1151682,37.514332,47.1151682,37.514332,"{'man_made': 'works', 'name': 'ЦТП', 'name:en': 'CHS', 'name:ru': 'ЦТП', 'name:uk': 'ЦТП', 'official_name': 'Центральний тепловий пункт', 'official_name:en': 'Central heat station', 'official_name:ru': 'Центральный тепловой пункт', 'official_name:uk': 'Центральний тепловий пункт', 'ref': '103'}"
7019265118,node,ЦТП,47.1130102,37.5221891,47.1130102,37.5221891,47.1130102,37.5221891,"{'man_made': 'works', 'name': 'ЦТП', 'name:en': 'CHS', 'name:ru': 'ЦТП', 'name:uk': 'ЦТП', 'official_name': 'Центральний тепловий пункт', 'official_name:en': 'Central heat station', 'official_name:ru': 'Центральный тепловой пункт', 'official_name:uk': 'Центральний тепловий пункт'}"
7019265119,node,ЦТП,47.1103708,37.5166276,47.1103708,37.5166276,47.1103708,37.5166276,"{'man_made': 'works', 'name': 'ЦТП', 'name:en': 'CHS', 'name:ru': 'ЦТП', 'name:uk': 'ЦТП', 'official_name': 'Центральний тепловий пункт', 'official_name:en': 'Central heat station', 'official_name:ru': 'Центральный тепловой пункт', 'official_name:uk': 'Центральний тепловий пункт'}"
7019265120,node,ЦТП,47.1068223,37.5150423,47.1068223,37.5150423,47.1068223,37.5150423,"{'man_made': 'works', 'name': 'ЦТП', 'name:en': 'CHS', 'name:ru': 'ЦТП', 'name:uk': 'ЦТП', 'official_name': 'Центральний тепловий пункт', 'official_name:en': 'Central heat station', 'official_name:ru': 'Центральный тепловой пункт', 'official_name:uk': 'Центральний тепловий пункт'}"
7019265121,node,ЦТП,47.1031193,37.5107562,47.1031193,37.5107562,47.1031193,37.5107562,"{'man_made': 'works', 'name': 'ЦТП', 'name:en': 'CHS', 'name:ru': 'ЦТП', 'name:uk': 'ЦТП', 'official_name': 'Центральний тепловий пункт', 'official_name:en': 'Central heat station', 'official_name:ru': 'Центральный тепловой пункт', 'official_name:uk': 'Центральний тепловий пункт'}"
7019265122,node,ЦТП,47.1018822,37.5170033,47.1018822,37.5170033,47.1018822,37.5170033,"{'man_made': 'works', 'name': 'ЦТП', 'name:en': 'CHS', 'name:ru': 'ЦТП', 'name:uk': 'ЦТП', 'official_name': 'Центральний тепловий пункт', 'official_name:en': 'Central heat station', 'official_name:ru': 'Центральный тепловой пункт', 'official_name:uk': 'Центральний тепловий пункт'}"
7019265123,node,ЦТП,47.1003422,37.5212932,47.1003422,37.5212932,47.1003422,37.5212932,"{'man_made': 'works', 'name': 'ЦТП', 'name:en': 'CHS', 'name:ru': 'ЦТП', 'name:uk': 'ЦТП', 'official_name': 'Центральний тепловий пункт', 'official_name:en': 'Central heat station', 'official_name:ru': 'Центральный тепловой пункт', 'official_name:uk': 'Центральний тепловий пункт'}"
7019265124,node,ЦТП,47.0671693,37.4792334,47.0671693,37.4792334,47.0671693,37.4792334,"{'man_made': 'works', 'name': 'ЦТП', 'name:en': 'CHS', 'name:ru': 'ЦТП', 'name:uk': 'ЦТП', 'official_name': 'Центральний тепловий пункт', 'official_name:en': 'Central heat station', 'official_name:ru': 'Центральный тепловой пункт', 'official_name:uk': 'Центральний тепловий пункт'}"
7019265125,node,ЦТП,47.0688036,37.4862479,47.0688036,37.4862479,47.0688036,37.4862479,"{'man_made': 'works', 'name': 'ЦТП', 'name:en': 'CHS', 'name:ru': 'ЦТП', 'name:uk': 'ЦТП', 'official_name': 'Центральний тепловий пункт', 'official_name:en': 'Central heat station', 'official_name:ru': 'Центральный тепловой пункт', 'official_name:uk': 'Центральний тепловий пункт'}"
7019265128,node,ЦТП,47.0680711,37.5105173,47.0680711,37.5105173,47.0680711,37.5105173,"{'man_made': 'works', 'name': 'ЦТП', 'name:en': 'CHS', 'name:ru': 'ЦТП', 'name:uk': 'ЦТП', 'official_name': 'Центральний тепловий пункт', 'official_name:en': 'Central heat station', 'official_name:ru': 'Центральный тепловой пункт', 'official_name:uk': 'Центральний тепловий пункт'}"
7019265129,node,ЦТП,47.0939208,37.5263837,47.0939208,37.5263837,47.0939208,37.5263837,"{'man_made': 'works', 'name': 'ЦТП', 'name:en': 'CHS', 'name:ru': 'ЦТП', 'name:uk': 'ЦТП', 'official_name': 'Центральний тепловий пункт', 'official_name:en': 'Central heat station', 'official_name:ru': 'Центральный тепловой пункт', 'official_name:uk': 'Центральний тепловий пункт'}"
7019265130,node,ЦТП,47.0957369,37.5242905,47.0957369,37.5242905,47.0957369,37.5242905,"{'man_made': 'works', 'name': 'ЦТП', 'name:en': 'CHS', 'name:ru': 'ЦТП', 'name:uk': 'ЦТП', 'official_name': 'Центральний тепловий пункт', 'official_name:en': 'Central heat station', 'official_name:ru': 'Центральный тепловой пункт', 'official_name:uk': 'Центральний тепловий пункт'}"
7019265131,node,ЦТП,47.0935407,37.5314264,47.0935407,37.5314264,47.0935407,37.5314264,"{'man_made': 'works', 'name': 'ЦТП', 'name:en': 'CHS', 'name:ru': 'ЦТП', 'name:uk': 'ЦТП', 'official_name': 'Центральний тепловий пункт', 'official_name:en': 'Central heat station', 'official_name:ru': 'Центральный тепловой пункт', 'official_name:uk': 'Центральний тепловий пункт'}"
7019265132,node,ЦТП,47.1001118,37.5320423,47.1001118,37.5320423,47.1001118,37.5320423,"{'man_made': 'works', 'name': 'ЦТП', 'name:en': 'CHS', 'name:ru': 'ЦТП', 'name:uk': 'ЦТП', 'official_name': 'Центральний тепловий пункт', 'official_name:en': 'Central heat station', 'official_name:ru': 'Центральный тепловой пункт', 'official_name:uk': 'Центральний тепловий пункт'}"
7019265133,node,ЦТП,47.1037479,37.551014,47.1037479,37.551014,47.1037479,37.551014,"{'man_made': 'works', 'name': 'ЦТП', 'name:en': 'CHS', 'name:ru': 'ЦТП', 'name:uk': 'ЦТП', 'official_name': 'Центральний тепловий пункт', 'official_name:en': 'Central heat station', 'official_name:ru': 'Центральный тепловой пункт', 'official_name:uk': 'Центральний тепловий пункт'}"
7019265134,node,ЦТП,47.10627,37.5534287,47.10627,37.5534287,47.10627,37.5534287,"{'man_made': 'works', 'name': 'ЦТП', 'name:en': 'CHS', 'name:ru': 'ЦТП', 'name:uk': 'ЦТП', 'official_name': 'Центральний тепловий пункт', 'official_name:en': 'Central heat station', 'official_name:ru': 'Центральный тепловой пункт', 'official_name:uk': 'Центральний тепловий пункт'}"
7019265135,node,ЦТП,47.1095495,37.5580655,47.1095495,37.5580655,47.1095495,37.5580655,"{'man_made': 'works', 'name': 'ЦТП', 'name:en': 'CHS', 'name:ru': 'ЦТП', 'name:uk': 'ЦТП', 'official_name': 'Центральний тепловий пункт', 'official_name:en': 'Central heat station', 'official_name:ru': 'Центральный тепловой пункт', 'official_name:uk': 'Центральний тепловий пункт'}"
7019265136,node,ЦТП,47.1302015,37.5677042,47.1302015,37.5677042,47.1302015,37.5677042,"{'man_made': 'works', 'name': 'ЦТП', 'name:en': 'CHS', 'name:ru': 'ЦТП', 'name:uk': 'ЦТП', 'official_name': 'Центральний тепловий пункт', 'official_name:en': 'Central heat station', 'official_name:ru': 'Центральный тепловой пункт', 'official_name:uk': 'Центральний тепловий пункт'}"
7019265137,node,ЦТП,47.1510699,37.6070689,47.1510699,37.6070689,47.1510699,37.6070689,"{'man_made': 'works', 'name': 'ЦТП', 'name:en': 'CHS', 'name:ru': 'ЦТП', 'name:uk': 'ЦТП', 'official_name': 'Центральний тепловий пункт', 'official_name:en': 'Central heat station', 'official_name:ru': 'Центральный тепловой пункт', 'official_name:uk': 'Центральний тепловий пункт'}"
7022082021,node,Подільський цемент,48.7449655,26.6044981,48.7449655,26.6044981,48.7449655,26.6044981,"{'addr:housenumber': '1а', 'addr:postcode': '32325', 'addr:street': 'Хмельницьке шосе', 'email': 'info@crhukraine.com', 'fax': '+380 3849 90 190', 'man_made': 'works', 'name': 'Подільський цемент', 'name:uk': 'Подільський цемент', 'operator': 'CRH Україна', 'phone': '+380 3849 67 215', 'product': 'cement', 'website': 'https://www.crhukraine.com/'}"
7026911387,node,ЦТП,47.1144272,37.5152148,47.1144272,37.5152148,47.1144272,37.5152148,"{'man_made': 'works', 'name': 'ЦТП', 'name:en': 'CHS', 'name:ru': 'ЦТП', 'name:uk': 'ЦТП', 'official_name': 'Центральний тепловий пункт', 'official_name:en': 'Central heat station', 'official_name:ru': 'Центральный тепловой пункт', 'official_name:uk': 'Центральний тепловий пункт'}"
7033682534,node,Швейна фабрика,50.7184204,25.3126705,50.7184204,25.3126705,50.7184204,25.3126705,"{'entrance': 'main', 'man_made': 'works', 'name': 'Швейна фабрика', 'name:uk': 'Швейна фабрика'}"
7050257778,node,Млин,48.5321892,39.2948206,48.5321892,39.2948206,48.5321892,39.2948206,"{'addr:housenumber': '111', 'addr:street': 'Лутугінська вулиця', 'man_made': 'works', 'name': 'Млин', 'name:uk': 'Млин'}"
7050271710,node,М'ясокомбінат,48.5299026,39.2948402,48.5299026,39.2948402,48.5299026,39.2948402,"{'addr:housenumber': '119', 'addr:street': 'Лутугінська вулиця', 'man_made': 'works', 'name': ""М'ясокомбінат"", 'name:uk': ""М'ясокомбінат""}"
7062864801,node,Тютюнова фабрика,48.534511,39.2950318,48.534511,39.2950318,48.534511,39.2950318,"{'addr:housenumber': '111б', 'addr:street': 'Лутугінська вулиця', 'man_made': 'works', 'name': 'Тютюнова фабрика', 'name:uk': 'Тютюнова фабрика'}"
7071538478,node,ЦТП,47.1136026,37.5192342,47.1136026,37.5192342,47.1136026,37.5192342,"{'man_made': 'works', 'name': 'ЦТП', 'name:en': 'CHS', 'name:ru': 'ЦТП', 'name:uk': 'ЦТП', 'official_name': 'Центральний тепловий пункт', 'official_name:en': 'Central heat station', 'official_name:ru': 'Центральный тепловой пункт', 'official_name:uk': 'Центральний тепловий пункт'}"
7131046510,node,Прохідні ворота №5,47.1470043,37.5866633,47.1470043,37.5866633,47.1470043,37.5866633,"{'man_made': 'works', 'name': 'Прохідні ворота №5', 'name:ru': 'Проходные ворота №5', 'name:uk': 'Прохідні ворота №5', 'ref': '5', 'short_name': 'КПП №5'}"
7153537518,node,Склад вогнетривів,47.1924263,37.544559,47.1924263,37.544559,47.1924263,37.544559,"{'man_made': 'works', 'name': 'Склад вогнетривів', 'name:ru': 'Склад огнеупоров', 'name:uk': 'Склад вогнетривів'}"
7153537519,node,Ваговій цех,47.192617,37.5461014,47.192617,37.5461014,47.192617,37.5461014,"{'man_made': 'works', 'name': 'Ваговій цех', 'name:ru': 'Весовой цех', 'name:uk': 'Ваговій цех'}"
7153537520,node,Склад БРЦ,47.198101,37.5451831,47.198101,37.5451831,47.198101,37.5451831,"{'man_made': 'works', 'name': 'Склад БРЦ', 'name:ru': 'Склад БРЦ', 'name:uk': 'Склад БРЦ'}"
7153537530,node,Ремонтно-механічний цех №2 (РМЦ 2),47.1942257,37.550699,47.1942257,37.550699,47.1942257,37.550699,"{'man_made': 'works', 'name': 'Ремонтно-механічний цех №2 (РМЦ 2)', 'name:ru': 'Ремонтно-механический цех №2 (РМЦ 2)', 'name:uk': 'Ремонтно-механічний цех №2 (РМЦ 2)'}"
7153537531,node,Ковальсько-пресовий цех,47.1952349,37.5480951,47.1952349,37.5480951,47.1952349,37.5480951,"{'man_made': 'works', 'name': 'Ковальсько-пресовий цех', 'name:ru': 'Кузнечно-прессовый цех', 'name:uk': 'Ковальсько-пресовий цех'}"
7153537532,node,Цех ремонту металургійного устаткування (ЦРМО 3),47.1962144,37.5460905,47.1962144,37.5460905,47.1962144,37.5460905,"{'man_made': 'works', 'name': 'Цех ремонту металургійного устаткування (ЦРМО 3)', 'name:ru': 'Цех ремонта металлургического оборудования (ЦРМО 3)', 'name:uk': 'Цех ремонту металургійного устаткування (ЦРМО 3)'}"
7153537533,node,"ФСЛЦ (обрубка, землеробство)",47.1970795,37.5506688,47.1970795,37.5506688,47.1970795,37.5506688,"{'man_made': 'works', 'name': 'ФСЛЦ (обрубка, землеробство)', 'name:ru': 'ФСЛЦ (обрубка, земледелка)', 'name:uk': 'ФСЛЦ (обрубка, землеробство)'}"
7153537534,node,Основний корпус фасонно-сталеливарного цеху,47.1974492,37.5495945,47.1974492,37.5495945,47.1974492,37.5495945,"{'man_made': 'works', 'name': 'Основний корпус фасонно-сталеливарного цеху', 'name:ru': 'Основной корпус фасонно-сталелитейного цеха', 'name:uk': 'Основний корпус фасонно-сталеливарного цеху'}"
7153537539,node,Модельна ділянка ФСЛЦ,47.1976962,37.5475053,47.1976962,37.5475053,47.1976962,37.5475053,"{'man_made': 'works', 'name': 'Модельна ділянка ФСЛЦ', 'name:ru': 'Модельный участок ФСЛЦ', 'name:uk': 'Модельна ділянка ФСЛЦ'}"
7153537540,node,Склад модельної дільниці,47.1986806,37.5482011,47.1986806,37.5482011,47.1986806,37.5482011,"{'man_made': 'works', 'name': 'Склад модельної дільниці', 'name:ru': 'Склад модельного участка', 'name:uk': 'Склад модельної дільниці'}"
7153537541,node,Котельня БРЦ ТСЦ,47.1991107,37.5518343,47.1991107,37.5518343,47.1991107,37.5518343,"{'man_made': 'works', 'name': 'Котельня БРЦ ТСЦ', 'name:ru': 'Котельная БРЦ ТСЦ', 'name:uk': 'Котельня БРЦ ТСЦ'}"
7153537542,node,ЦТК-2,47.1995665,37.5508314,47.1995665,37.5508314,47.1995665,37.5508314,"{'man_made': 'works', 'name': 'ЦТК-2', 'name:ru': 'ЦТК-2', 'name:uk': 'ЦТК-2'}"
7153537544,node,АПК вапняно-випалювального цеху,47.2087062,37.5594299,47.2087062,37.5594299,47.2087062,37.5594299,"{'man_made': 'works', 'name': 'АПК вапняно-випалювального цеху', 'name:ru': 'АБК известково-обжигового цеха', 'name:uk': 'АПК вапняно-випалювального цеху'}"
7153537556,node,Склад вапняку і палива,47.2061153,37.5583133,47.2061153,37.5583133,47.2061153,37.5583133,"{'man_made': 'works', 'name': 'Склад вапняку і палива', 'name:ru': 'Склад известняка и топлива', 'name:uk': 'Склад вапняку і палива'}"
7153537557,node,Відділення дозування і первинного змішування,47.2048871,37.5548165,47.2048871,37.5548165,47.2048871,37.5548165,"{'man_made': 'works', 'name': 'Відділення дозування і первинного змішування', 'name:ru': 'Отделение дозирования и первичного смешения', 'name:uk': 'Відділення дозування і первинного змішування'}"
7153537558,node,Склад руди і концентрату,47.2025394,37.5553425,47.2025394,37.5553425,47.2025394,37.5553425,"{'man_made': 'works', 'name': 'Склад руди і концентрату', 'name:ru': 'Склад руды и концентрата', 'name:uk': 'Склад руди і концентрату'}"
7153537559,node,Аглокорпус №2,47.2076909,37.5563953,47.2076909,37.5563953,47.2076909,37.5563953,"{'man_made': 'works', 'name': 'Аглокорпус №2', 'name:ru': 'Аглокорпус №2', 'name:uk': 'Аглокорпус №2'}"
7153540893,node,Аглокорпус №1,47.203422,37.5529238,47.203422,37.5529238,47.203422,37.5529238,"{'man_made': 'works', 'name': 'Аглокорпус №1', 'name:ru': 'Аглокорпус №1', 'name:uk': 'Аглокорпус №1'}"
7153661085,node,Цех по ремонту енергетичного обладнання,47.1900935,37.5443628,47.1900935,37.5443628,47.1900935,37.5443628,"{'man_made': 'works', 'name': 'Цех по ремонту енергетичного обладнання', 'name:ru': 'Цех по ремонту энергетического оборудования', 'name:uk': 'Цех по ремонту енергетичного обладнання'}"
7153714251,node,АПК ЖДЦ (корпус 2),47.166141,37.5639238,47.166141,37.5639238,47.166141,37.5639238,"{'man_made': 'works', 'name': 'АПК ЖДЦ (корпус 2)', 'name:ru': 'АБК ЖДЦ (корпус 2)', 'name:uk': 'АПК ЖДЦ (корпус 2)'}"
7153714252,node,АПК ЖДЦ,47.1664919,37.5645441,47.1664919,37.5645441,47.1664919,37.5645441,"{'man_made': 'works', 'name': 'АПК ЖДЦ', 'name:ru': 'АБК ЖДЦ', 'name:uk': 'АПК ЖДЦ'}"
7153714253,node,АПК ТЕЦ-2,47.1718174,37.5660434,47.1718174,37.5660434,47.1718174,37.5660434,"{'man_made': 'works', 'name': 'АПК ТЕЦ-2', 'name:ru': 'АБК ТЭЦ-2', 'name:uk': 'АПК ТЕЦ-2'}"
7153714254,node,ТЕЦ-2,47.1709877,37.5658795,47.1709877,37.5658795,47.1709877,37.5658795,"{'man_made': 'works', 'name': 'ТЕЦ-2', 'name:ru': 'ТЭЦ-2', 'name:uk': 'ТЕЦ-2'}"
7153714255,node,ХВО-6,47.1690092,37.5662255,47.1690092,37.5662255,47.1690092,37.5662255,"{'man_made': 'works', 'name': 'ХВО-6', 'name:uk': 'ХВО-6'}"
7153714257,node,Цех ремонту прокатного обладнання,47.1644755,37.555226,47.1644755,37.555226,47.1644755,37.555226,"{'man_made': 'works', 'name': 'Цех ремонту прокатного обладнання', 'name:ru': 'Цех ремонта прокатного оборудования', 'name:uk': 'Цех ремонту прокатного обладнання'}"
7154051309,node,ЦРМО-2,47.101965,37.5951552,47.101965,37.5951552,47.101965,37.5951552,"{'man_made': 'works', 'name': 'ЦРМО-2', 'name:ru': 'ЦРМО-2', 'name:uk': 'ЦРМО-2'}"
7154051313,node,УЖДТ,47.1025134,37.6072183,47.1025134,37.6072183,47.1025134,37.6072183,"{'man_made': 'works', 'name': 'УЖДТ', 'name:ru': 'УЖДТ', 'name:uk': 'УЖДТ'}"
7154051314,node,Киснево-розподільний пункт,47.0991034,37.6039417,47.0991034,37.6039417,47.0991034,37.6039417,"{'man_made': 'works', 'name': 'Киснево-розподільний пункт', 'name:ru': 'Кислородно-распределительный пункт', 'name:uk': 'Киснево-розподільний пункт'}"
7154051315,node,Відділення зливу шлаку,47.0976332,37.6035592,47.0976332,37.6035592,47.0976332,37.6035592,"{'man_made': 'works', 'name': 'Відділення зливу шлаку', 'name:ru': 'Отделение слива шлака', 'name:uk': 'Відділення зливу шлаку'}"
7154051316,node,Скрапове відділення,47.0988754,37.6113534,47.0988754,37.6113534,47.0988754,37.6113534,"{'man_made': 'works', 'name': 'Скрапове відділення', 'name:ru': 'Скраповое отделение', 'name:uk': 'Скрапове відділення'}"
7154051331,node,Повітророзподільна установка КТК,47.0924315,37.5863115,47.0924315,37.5863115,47.0924315,37.5863115,"{'man_made': 'works', 'name': 'Повітророзподільна установка КТК', 'name:ru': 'Воздухоразделительная установка КТК', 'name:uk': 'Повітророзподільна установка КТК'}"
7154051332,node,Насосна станція №2 Морська,47.089609,37.5824278,47.089609,37.5824278,47.089609,37.5824278,"{'man_made': 'works', 'name': 'Насосна станція №2 Морська', 'name:ru': 'Насосная станция №2 Морская', 'name:uk': 'Насосна станція №2 Морська'}"
7154051333,node,ВРУ-60,47.0905148,37.582378,47.0905148,37.582378,47.0905148,37.582378,"{'man_made': 'works', 'name': 'ВРУ-60', 'name:ru': 'ВРУ-60', 'name:uk': 'ВРУ-60'}"
7154051334,node,Берегова насосна станція морської води,47.0890957,37.5837248,47.0890957,37.5837248,47.0890957,37.5837248,"{'man_made': 'works', 'name': 'Берегова насосна станція морської води', 'name:ru': 'Береговая насосная станция морской воды', 'name:uk': 'Берегова насосна станція морської води'}"
7154051336,node,Паровоздуходувна станція,47.0903859,37.5853346,47.0903859,37.5853346,47.0903859,37.5853346,"{'man_made': 'works', 'name': 'Паровоздуходувна станція', 'name:ru': 'Паровоздуходувная станция', 'name:uk': 'Паровоздуходувна станція'}"
7154051337,node,Ділянка компресії повітря До-1500,47.0901326,37.589766,47.0901326,37.589766,47.0901326,37.589766,"{'man_made': 'works', 'name': 'Ділянка компресії повітря До-1500', 'name:ru': 'Участок компрессии воздуха К-1500', 'name:uk': 'Ділянка компресії повітря До-1500'}"
7154051338,node,Турбінний цех ТЕЦ,47.0910698,37.5872869,47.0910698,37.5872869,47.0910698,37.5872869,"{'man_made': 'works', 'name': 'Турбінний цех ТЕЦ', 'name:ru': 'Турбинный цех ТЭЦ', 'name:uk': 'Турбінний цех ТЕЦ'}"
7166836017,node,Цех рейкових скріплень,47.1003771,37.6199459,47.1003771,37.6199459,47.1003771,37.6199459,"{'man_made': 'works', 'name': 'Цех рейкових скріплень', 'name:ru': 'Цех рельсовых скреплений', 'name:uk': 'Цех рейкових скріплень'}"
7167778073,node,Міксер №2,47.1584795,37.5622451,47.1584795,37.5622451,47.1584795,37.5622451,"{'man_made': 'works', 'name': 'Міксер №2', 'name:ru': 'Миксер №2', 'name:uk': 'Міксер №2'}"
7167779200,node,Відділення безперервного розливання сталі,47.1578901,37.5651974,47.1578901,37.5651974,47.1578901,37.5651974,"{'man_made': 'works', 'name': 'Відділення безперервного розливання сталі', 'name:ru': 'Отделение непрерывной разливки стали', 'name:uk': 'Відділення безперервного розливання сталі'}"
7167779201,node,Мартенівське відділення ККЦ,47.1559806,37.5646304,47.1559806,37.5646304,47.1559806,37.5646304,"{'man_made': 'works', 'name': 'Мартенівське відділення ККЦ', 'name:ru': 'Мартеновское отделение ККЦ', 'name:uk': 'Мартенівське відділення ККЦ'}"
7167779203,node,Міксерне відділення мартенівського цеху,47.1532848,37.5669025,47.1532848,37.5669025,47.1532848,37.5669025,"{'man_made': 'works', 'name': 'Міксерне відділення мартенівського цеху', 'name:ru': 'Миксерное отделение мартеновского цеха', 'name:uk': 'Міксерне відділення мартенівського цеху'}"
7176702937,node,"Руїни заводу ""Автоцвітліт""",46.8178159,35.2980827,46.8178159,35.2980827,46.8178159,35.2980827,"{'description': 'В 2019г. Завод был полностью уничтожен, все здания и убежища разрушены, металл весь вывезен. 2020г - территория в руинах, но все еще ограждена забором', 'man_made': 'works', 'name': 'Руїни заводу ""Автоцвітліт""', 'name:uk': 'Руїни заводу ""Автоцвітліт""'}"
7180926024,node,Сварог Вест Груп,50.1705902,27.0976496,50.1705902,27.0976496,50.1705902,27.0976496,"{'man_made': 'works', 'name': 'Сварог Вест Груп', 'name:uk': 'Сварог Вест Груп'}"
7180926025,node,М'ясокомбінат,50.1736,27.0995808,50.1736,27.0995808,50.1736,27.0995808,"{'man_made': 'works', 'name': ""М'ясокомбінат"", 'name:uk': ""М'ясокомбінат""}"
7234923834,node,Барський молокозавод,49.0372837,27.7196301,49.0372837,27.7196301,49.0372837,27.7196301,"{'man_made': 'works', 'name': 'Барський молокозавод', 'name:uk': 'Барський молокозавод', 'product': 'dairy'}"
7283088345,node,ЦТП,47.1727149,37.5791728,47.1727149,37.5791728,47.1727149,37.5791728,"{'man_made': 'works', 'name': 'ЦТП', 'name:en': 'CHS', 'name:ru': 'ЦТП', 'name:uk': 'ЦТП', 'official_name': 'Центральний тепловий пункт', 'official_name:en': 'Central heat station', 'official_name:ru': 'Центральный тепловой пункт', 'official_name:uk': 'Центральний тепловий пункт'}"
7321842893,node,DekorStreet,49.58634,34.45532,49.58634,34.45532,49.58634,34.45532,"{'description': 'Изготовление и продажа тротуарной плитки, бордюров, и стеновых бетонных блоков в Полтаве', 'man_made': 'works', 'name': 'DekorStreet', 'name:uk': 'DekorStreet', 'phone': '+380 50 304 5890', 'website': 'https://dekorstreet.com.ua'}"
7346090302,node,ЦТП,47.099787,37.6403318,47.099787,37.6403318,47.099787,37.6403318,"{'man_made': 'works', 'name': 'ЦТП', 'name:en': 'CHS', 'name:ru': 'ЦТП', 'name:uk': 'ЦТП', 'official_name': 'Центральний тепловий пункт', 'official_name:en': 'Central heat station', 'official_name:ru': 'Центральный тепловой пункт', 'official_name:uk': 'Центральний тепловий пункт'}"
7387151446,node,Мій двір,49.7073409,24.1095182,49.7073409,24.1095182,49.7073409,24.1095182,"{'email': 'info@miidvir.ua', 'man_made': 'works', 'name': 'Мій двір', 'name:uk': 'Мій двір', 'phone:UA': '0 800 302 103', 'product': 'concrete', 'website': 'https://miidvir.ua/'}"
7417789372,node,ЦТП,47.1838754,37.515445,47.1838754,37.515445,47.1838754,37.515445,"{'man_made': 'works', 'name': 'ЦТП', 'name:en': 'CHS', 'name:ru': 'ЦТП', 'name:uk': 'ЦТП', 'official_name': 'Центральний тепловий пункт', 'official_name:en': 'Central heat station', 'official_name:ru': 'Центральный тепловой пункт', 'official_name:uk': 'Центральний тепловий пункт'}"
7442506574,node,Водоочисні технології,48.9267888,38.492521,48.9267888,38.492521,48.9267888,38.492521,"{'contact:website': 'http://www.ivt.ua/', 'man_made': 'works', 'name': 'Водоочисні технології', 'name:en': 'Vodoochysni technologii', 'name:ru': 'Водоочистные технологии', 'name:uk': 'Водоочисні технології', 'official_name:ru': 'НИПИ ""Водоочистные технологии""'}"
7497988895,node,ЦТП,47.0958896,37.5121721,47.0958896,37.5121721,47.0958896,37.5121721,"{'man_made': 'works', 'name': 'ЦТП', 'name:en': 'CHS', 'name:ru': 'ЦТП', 'name:uk': 'ЦТП', 'official_name': 'Центральний тепловий пункт', 'official_name:en': 'Central heat station', 'official_name:ru': 'Центральный тепловой пункт', 'official_name:uk': 'Центральний тепловий пункт'}"
7518060390,node,AutoEnterprise,50.033335,36.2830075,50.033335,36.2830075,50.033335,36.2830075,"{'addr:housenumber': '6', 'addr:street': 'Григорія Рудика вулиця', 'email': 'info@autoenterprise.ua', 'man_made': 'works', 'name': 'AutoEnterprise', 'name:uk': 'AutoEnterprise', 'phone': '+380 97 535 7777', 'product': 'зарядные_станции_для_электромобилей', 'website': 'https://www.autoenterprise.com.ua/'}"
7553632199,node,Киснева установка БР-2,47.092075,37.587042,47.092075,37.587042,47.092075,37.587042,"{'man_made': 'works', 'name': 'Киснева установка БР-2', 'name:ru': 'Кислородная установка БР-2', 'name:uk': 'Киснева установка БР-2'}"
7553632201,node,Cклад ТЕЦ,47.0903688,37.5840541,47.0903688,37.5840541,47.0903688,37.5840541,"{'man_made': 'works', 'name': 'Cклад ТЕЦ', 'name:ru': 'Склад ТЭЦ', 'name:uk': 'Cклад ТЕЦ'}"
7553632202,node,Кисневий цех,47.0924843,37.588326,47.0924843,37.588326,47.0924843,37.588326,"{'man_made': 'works', 'name': 'Кисневий цех', 'name:ru': 'Кислородный цех', 'name:uk': 'Кисневий цех'}"
7553632204,node,Котельний цех ТЕЦ,47.0904016,37.5873489,47.0904016,37.5873489,47.0904016,37.5873489,"{'man_made': 'works', 'name': 'Котельний цех ТЕЦ', 'name:ru': 'Котельный цех ТЭЦ', 'name:uk': 'Котельний цех ТЕЦ'}"
7570841062,node,Anserglob,46.6869479,32.5825012,46.6869479,32.5825012,46.6869479,32.5825012,"{'man_made': 'works', 'name': 'Anserglob', 'name:uk': 'Anserglob'}"
7571463868,node,Бон Херсон,46.7155464,32.6542072,46.7155464,32.6542072,46.7155464,32.6542072,"{'man_made': 'works', 'name': 'Бон Херсон', 'name:uk': 'Бон Херсон'}"
7623119323,node,Unknown,49.293982,23.4166724,49.293982,23.4166724,49.293982,23.4166724,{'man_made': 'works'}
7722179735,node,ЦТП,47.129808,37.5664904,47.129808,37.5664904,47.129808,37.5664904,"{'man_made': 'works', 'name': 'ЦТП', 'name:en': 'CHS', 'name:ru': 'ЦТП', 'name:uk': 'ЦТП', 'official_name': 'Центральний тепловий пункт', 'official_name:en': 'Central heat station', 'official_name:ru': 'Центральный тепловой пункт', 'official_name:uk': 'Центральний тепловий пункт', 'ref': '1'}"
7756280828,node,Рафінадний завод,49.9032733,28.6167467,49.9032733,28.6167467,49.9032733,28.6167467,"{'man_made': 'works', 'name': 'Рафінадний завод', 'name:uk': 'Рафінадний завод', 'product': 'food', 'status': 'abandoned'}"
7770318447,node,ЦТП,47.1036837,37.547697,47.1036837,37.547697,47.1036837,37.547697,"{'man_made': 'works', 'name': 'ЦТП', 'name:en': 'CHS', 'name:ru': 'ЦТП', 'name:uk': 'ЦТП', 'official_name': 'Центральний тепловий пункт', 'official_name:en': 'Central heat station', 'official_name:ru': 'Центральный тепловой пункт', 'official_name:uk': 'Центральний тепловий пункт'}"
7783713863,node,Українська вагова компанія,50.0927972,36.2552503,50.0927972,36.2552503,50.0927972,36.2552503,"{'addr:housenumber': '2', 'addr:street': 'Транспортна вулиця', 'man_made': 'works', 'name': 'Українська вагова компанія', 'name:en': 'Ukrainian scales company', 'name:ru': 'Украинская весовая компания', 'name:uk': 'Українська вагова компанія', 'product': 'scales'}"
7785044149,node,ЦТП,47.1203911,37.6809308,47.1203911,37.6809308,47.1203911,37.6809308,"{'man_made': 'works', 'name': 'ЦТП', 'name:en': 'CHS', 'name:ru': 'ЦТП', 'name:uk': 'ЦТП', 'official_name': 'Центральний тепловий пункт', 'official_name:en': 'Central heat station', 'official_name:ru': 'Центральный тепловой пункт', 'official_name:uk': 'Центральний тепловий пункт'}"
7792976285,node,ПрАТ Донецька сукняна фабрика,47.9818651,37.8533039,47.9818651,37.8533039,47.9818651,37.8533039,"{'industrial': 'factory', 'name': 'ПрАТ Донецька сукняна фабрика', 'name:ru': 'ЧАО Донецкая суконная фабрика', 'name:uk': 'ПрАТ Донецька сукняна фабрика'}"
7887553498,node,ЦТП,47.0994221,37.6463238,47.0994221,37.6463238,47.0994221,37.6463238,"{'man_made': 'works', 'name': 'ЦТП', 'name:en': 'CHS', 'name:ru': 'ЦТП', 'name:uk': 'ЦТП', 'official_name': 'Центральний тепловий пункт', 'official_name:en': 'Central heat station', 'official_name:ru': 'Центральный тепловой пункт', 'official_name:uk': 'Центральний тепловий пункт'}"
7904486240,node,Державне підприємство «Поліграфічний комбінат «Україна» по виготовленню цінних паперів»,50.463408,30.4610306,50.463408,30.4610306,50.463408,30.4610306,"{'addr:housenumber': '38-44', 'addr:postcode': '04119', 'addr:street': 'Дегтярівська вулиця', 'email': 'general@pk-ukraina.gov.ua', 'fax': '+380 44 481 0496', 'man_made': 'works', 'name': 'Державне підприємство «Поліграфічний комбінат «Україна» по виготовленню цінних паперів»', 'name:ru': 'Государственное предприятие «Полиграфический комбинат «Украина» по изготовлению ценных бумаг»', 'name:uk': 'Державне підприємство «Поліграфічний комбінат «Україна» по виготовленню цінних паперів»', 'phone': '+380 44 481 0308', 'website': 'https://pk-ukraina.gov.ua/'}"
7934011985,node,ТОВ ВП ПОЛІСАН,50.8773218,34.864254,50.8773218,34.864254,50.8773218,34.864254,"{'addr:housenumber': '25', 'addr:street': 'вулиця Івана Піддубного', 'man_made': 'works', 'name': 'ТОВ ВП ПОЛІСАН', 'name:uk': 'ТОВ ВП ПОЛІСАН', 'product': 'фарби'}"
7950792059,node,"Костянтинівський завод механічного обладнання ""КЗМО""",48.5034381,37.6897236,48.5034381,37.6897236,48.5034381,37.6897236,"{'man_made': 'works', 'name': 'Костянтинівський завод механічного обладнання ""КЗМО""', 'name:uk': 'Костянтинівський завод механічного обладнання ""КЗМО""'}"
7963317585,node,ТОВ Гідротек,50.3982806,30.6801099,50.3982806,30.6801099,50.3982806,30.6801099,"{'addr:housenumber': '3', 'addr:street': 'Колекторна вулиця', 'man_made': 'works', 'name': 'ТОВ Гідротек', 'name:uk': 'ТОВ Гідротек', 'product': 'лічильник на воду'}"
8002950166,node,"ЛУБНИМАШ, ПП",50.0226897,32.9769477,50.0226897,32.9769477,50.0226897,32.9769477,"{'addr:housenumber': '110/1', 'addr:postcode': '37500', 'addr:street': 'Володимирський проспект', 'email': 'info@lubnymash.com', 'fax': '+380 5361 72 597', 'man_made': 'works', 'name': 'ЛУБНИМАШ, ПП', 'name:en': 'LUBNYMASH, PE', 'name:ru': 'ЛУБНЫМАШ, ЧП', 'name:uk': 'ЛУБНИМАШ, ПП', 'phone:UA': '0 800 405 080', 'product': 'Елеваторне_обладнання;Силоси_металеві_для_зерна', 'start_date': '1888 09 20', 'website': 'https://lubnymash.com/'}"
8003918652,node,Хуторок,49.6787512,36.3319802,49.6787512,36.3319802,49.6787512,36.3319802,"{'addr:housenumber': '5', 'addr:street': 'Таранівське шосе', 'email': 'info@inmilkco.com.ua', 'man_made': 'works', 'name': 'Хуторок', 'name:uk': 'Хуторок', 'operator': 'ООО «С-Транс»', 'phone': '+380 5747 33 705;+380 5747 30 045', 'product': 'milk;kefir;cheese;cottage_cheese', 'website': 'http://inmilkco.com.ua/'}"
8025937069,node,Де Ла Марк,50.410907,30.5195128,50.410907,30.5195128,50.410907,30.5195128,"{'man_made': 'works', 'name': 'Де Ла Марк', 'name:uk': 'Де Ла Марк', 'product': 'cosmetics', 'website': 'https://delamark.ua/'}"
8029973471,node,М’ясопереробний комплекс ТзОВ «Верест»,48.9076855,26.9551125,48.9076855,26.9551125,48.9076855,26.9551125,"{'addr:housenumber': '16', 'addr:postcode': '32460', 'addr:street': 'Центральна вулиця', 'man_made': 'works', 'name': 'М’ясопереробний комплекс ТзОВ «Верест»', 'name:en': 'Meat processing complex LTD ""Verest""', 'name:uk': 'М’ясопереробний комплекс ТзОВ «Верест»', 'operator': 'ТзОВ «Верест»', 'phone': '+380 67 247 4775', 'product': 'meat', 'website': 'https://verest.com.ua/'}"
8111944863,node,"ТзОВ ""Завод ДК Орісіл",49.0730863,24.2995005,49.0730863,24.2995005,49.0730863,24.2995005,"{'man_made': 'works', 'name': 'ТзОВ ""Завод ДК Орісіл', 'name:uk': 'ТзОВ ""Завод ДК Орісіл'}"
8114286717,node,ВАТ КРІОЛІТ-Д,48.4723096,35.1052451,48.4723096,35.1052451,48.4723096,35.1052451,"{'addr:housenumber': '4', 'addr:street': 'Океанська вулиця', 'man_made': 'works', 'name': 'ВАТ КРІОЛІТ-Д', 'name:en': 'LLC KRIOLIT-D', 'name:uk': 'ВАТ КРІОЛІТ-Д', 'product': 'печиво'}"
8118021566,node,ЦТП,47.0669019,37.5067272,47.0669019,37.5067272,47.0669019,37.5067272,"{'man_made': 'works', 'name': 'ЦТП', 'name:en': 'CHS', 'name:ru': 'ЦТП', 'name:uk': 'ЦТП', 'official_name': 'Центральний тепловий пункт', 'official_name:en': 'Central heat station', 'official_name:ru': 'Центральный тепловой пункт', 'official_name:uk': 'Центральний тепловий пункт'}"
8123823392,node,"АГК ""МОТОР""",47.9962959,37.8430033,47.9962959,37.8430033,47.9962959,37.8430033,"{'man_made': 'works', 'name': 'АГК ""МОТОР""', 'name:uk': 'АГК ""МОТОР""'}"
8145404895,node,Азовреле,47.1081436,37.5346175,47.1081436,37.5346175,47.1081436,37.5346175,"{'man_made': 'works', 'name': 'Азовреле', 'name:ru': 'Азовреле', 'name:uk': 'Азовреле', 'ownership': 'private'}"
8157764449,node,"""ЖДЦ ЧАО ЗЖРК""",47.1751957,34.9617251,47.1751957,34.9617251,47.1751957,34.9617251,"{'man_made': 'works', 'name': '""ЖДЦ ЧАО ЗЖРК""', 'name:uk': '""ЖДЦ ЧАО ЗЖРК""'}"
8184026826,node,ЛЕМЗ,48.532093,39.2778053,48.532093,39.2778053,48.532093,39.2778053,"{'addr:housenumber': '16', 'addr:street': '2-а Краснознамённая улица', 'man_made': 'works', 'name': 'ЛЕМЗ', 'name:uk': 'ЛЕМЗ'}"
8184087726,node,Трансмаш,48.5824328,39.3425538,48.5824328,39.3425538,48.5824328,39.3425538,"{'man_made': 'works', 'name': 'Трансмаш'}"
8219559498,node,"ТОВ ""Кондитерська фабрика ""Східні ласощі""",48.526401,32.2174784,48.526401,32.2174784,48.526401,32.2174784,"{'addr:housenumber': '215', 'contact:phone': '+380 522 56 7408', 'man_made': 'works', 'name': 'ТОВ ""Кондитерська фабрика ""Східні ласощі""', 'name:uk': 'ТОВ ""Кондитерська фабрика ""Східні ласощі""'}"
8220736714,node,Підприємство,49.8541949,23.7728385,49.8541949,23.7728385,49.8541949,23.7728385,"{'man_made': 'works', 'name': 'Підприємство', 'name:uk': 'Підприємство'}"
8220736715,node,Підприємство,49.8409154,23.6940459,49.8409154,23.6940459,49.8409154,23.6940459,"{'man_made': 'works', 'name': 'Підприємство', 'name:uk': 'Підприємство'}"
8220736716,node,Підприємство,49.8403446,23.692383,49.8403446,23.692383,49.8403446,23.692383,"{'man_made': 'works', 'name': 'Підприємство', 'name:uk': 'Підприємство'}"
8220772417,node,Підприємство,49.8414897,23.6925761,49.8414897,23.6925761,49.8414897,23.6925761,"{'man_made': 'works', 'name': 'Підприємство', 'name:uk': 'Підприємство'}"
8228124233,node,Темп,49.43608,27.0150865,49.43608,27.0150865,49.43608,27.0150865,"{'addr:street': 'проспект Миру', 'man_made': 'works', 'name': 'Темп', 'name:uk': 'Темп'}"
8237286906,node,Цикоринка,50.3080672,26.8869154,50.3080672,26.8869154,50.3080672,26.8869154,"{'man_made': 'works', 'name': 'Цикоринка', 'name:uk': 'Цикоринка'}"
8237286908,node,Влад,50.3112798,26.8763295,50.3112798,26.8763295,50.3112798,26.8763295,"{'man_made': 'works', 'name': 'Влад', 'name:uk': 'Влад', 'phone': '+380 3842 73 196', 'website': 'spolivlad.com'}"
8261818094,node,ТОВ Компанія «Укрелітагро»,50.0543008,26.7050815,50.0543008,26.7050815,50.0543008,26.7050815,"{'man_made': 'works', 'name': 'ТОВ Компанія «Укрелітагро»', 'name:uk': 'ТОВ Компанія «Укрелітагро»'}"
8275010670,node,Маслозавод,50.3208094,26.526559,50.3208094,26.526559,50.3208094,26.526559,"{'man_made': 'works', 'name': 'Маслозавод', 'name:uk': 'Маслозавод'}"
8290091657,node,Цегельний завод,50.347843,26.5182388,50.347843,26.5182388,50.347843,26.5182388,"{'man_made': 'works', 'name': 'Цегельний завод', 'name:uk': 'Цегельний завод'}"
8345627284,node,Острозька фабріка Вілія,50.3201877,26.4954293,50.3201877,26.4954293,50.3201877,26.4954293,"{'man_made': 'works', 'name': 'Острозька фабріка Вілія', 'name:uk': 'Острозька фабріка Вілія'}"
8358182201,node,Острозький завод мінеральної води,50.3247815,26.5121797,50.3247815,26.5121797,50.3247815,26.5121797,"{'man_made': 'works', 'name': 'Острозький завод мінеральної води', 'name:uk': 'Острозький завод мінеральної води'}"
8372117019,node,ЦТП,47.1118267,37.6320303,47.1118267,37.6320303,47.1118267,37.6320303,"{'man_made': 'works', 'name': 'ЦТП', 'name:en': 'CHS', 'name:ru': 'ЦТП', 'name:uk': 'ЦТП', 'official_name': 'Центральний тепловий пункт', 'official_name:en': 'Central heat station', 'official_name:ru': 'Центральный тепловой пункт', 'official_name:uk': 'Центральний тепловий пункт'}"
8418769627,node,"ТОВ ""Профі-стан""",48.5195323,32.2606603,48.5195323,32.2606603,48.5195323,32.2606603,"{'industrial': 'machinery', 'man_made': 'works', 'name': 'ТОВ ""Профі-стан""', 'name:uk': 'ТОВ ""Профі-стан""', 'phone': '+380 95 238 9502'}"
8488252052,node,ЦТП,47.0739255,37.5132426,47.0739255,37.5132426,47.0739255,37.5132426,"{'man_made': 'works', 'name': 'ЦТП', 'name:en': 'CHS', 'name:ru': 'ЦТП', 'name:uk': 'ЦТП', 'official_name': 'Центральний тепловий пункт', 'official_name:en': 'Central heat station', 'official_name:ru': 'Центральный тепловой пункт', 'official_name:uk': 'Центральний тепловий пункт'}"
8665796777,node,Відділення десульфурації чавуну,47.0939003,37.5959558,47.0939003,37.5959558,47.0939003,37.5959558,"{'man_made': 'works', 'name': 'Відділення десульфурації чавуну', 'name:ru': 'Отделение десульфурации чугуна', 'name:uk': 'Відділення десульфурації чавуну'}"
8665796778,node,Аспірація,47.0937003,37.5967508,47.0937003,37.5967508,47.0937003,37.5967508,"{'man_made': 'works', 'name': 'Аспірація', 'name:ru': 'Аспирация', 'name:uk': 'Аспірація'}"
8665796779,node,Відділення безперервного розливання сталі,47.0966607,37.6106697,47.0966607,37.6106697,47.0966607,37.6106697,"{'man_made': 'works', 'name': 'Відділення безперервного розливання сталі', 'name:ru': 'Отделение непрерывной разливки стали', 'name:uk': 'Відділення безперервного розливання сталі'}"
8665796780,node,Конвертерне відділення,47.0979607,37.6091252,47.0979607,37.6091252,47.0979607,37.6091252,"{'man_made': 'works', 'name': 'Конвертерне відділення', 'name:ru': 'Конвертерное отделение', 'name:uk': 'Конвертерне відділення'}"
8705936338,node,"МК ""Антарес""",50.4561554,30.4207657,50.4561554,30.4207657,50.4561554,30.4207657,"{'addr:housenumber': '1-А', 'addr:street': 'вулиця Миколи Василенка', 'email': 'titanium@antares.com.ua', 'man_made': 'works', 'name': 'МК ""Антарес""', 'name:uk': 'МК ""Антарес""', 'phone': '+380 44 456 3000;+380 44 456 4899', 'product': 'titanium', 'website': 'http://www.antares.com.ua/'}"
8738287698,node,Unknown,49.774911,30.3280128,49.774911,30.3280128,49.774911,30.3280128,{'man_made': 'works'}
8740186883,node,ФОП Тютюнник,50.0327468,32.9570237,50.0327468,32.9570237,50.0327468,32.9570237,"{'man_made': 'works', 'name': 'ФОП Тютюнник', 'name:uk': 'ФОП Тютюнник', 'product': 'oil'}"
8902609006,node,ЦТП,47.1392197,37.5955963,47.1392197,37.5955963,47.1392197,37.5955963,"{'man_made': 'works', 'name': 'ЦТП', 'name:en': 'CHS', 'name:ru': 'ЦТП', 'name:uk': 'ЦТП', 'official_name': 'Центральний тепловий пункт', 'official_name:en': 'Central heat station', 'official_name:ru': 'Центральный тепловой пункт', 'official_name:uk': 'Центральний тепловий пункт'}"
9056450242,node,Заможненський сирзавод,50.2491062,28.2955201,50.2491062,28.2955201,50.2491062,28.2955201,"{'man_made': 'works', 'name': 'Заможненський сирзавод', 'name:uk': 'Заможненський сирзавод'}"
9089470432,node,"ТОВ ""Механічний завод""",46.6721163,32.5854402,46.6721163,32.5854402,46.6721163,32.5854402,"{'man_made': 'works', 'name': 'ТОВ ""Механічний завод""', 'name:uk': 'ТОВ ""Механічний завод""'}"
9092612406,node,ІМПЕЛ,46.8604991,35.3798014,46.8604991,35.3798014,46.8604991,35.3798014,"{'email': 'impel@impel.com.ua', 'man_made': 'works', 'name': 'ІМПЕЛ', 'name:uk': 'ІМПЕЛ', 'opening_hours': 'Mo-Fr 09:00-17:00', 'phone': '+380 6194 40 010;+380 67 110 7710', 'product': 'hydraulics', 'website': 'http://impel.zp.ua/'}"
9102017555,node,ТОВ “ГАМА БЦ”,49.7746201,30.327692,49.7746201,30.327692,49.7746201,30.327692,"{'addr:housenumber': '29а', 'addr:postcode': '09165', 'addr:street': 'вулиця Мельниченка', 'man_made': 'works', 'name': 'ТОВ “ГАМА БЦ”', 'name:uk': 'ТОВ “ГАМА БЦ”', 'product': 'food'}"
9102017556,node,Unknown,49.7768639,30.3246711,49.7768639,30.3246711,49.7768639,30.3246711,"{'man_made': 'works', 'product': 'furniture'}"
9140622331,node,СМК,44.586759,33.6142394,44.586759,33.6142394,44.586759,33.6142394,"{'man_made': 'works', 'name': 'СМК', 'name:uk': 'СМЯ'}"
9221777287,node,Дніпропетровський дослідний завод «Енергоавтоматика» ISTA,48.4292501,35.1198409,48.4292501,35.1198409,48.4292501,35.1198409,"{'addr:housenumber': '2', 'addr:street': 'Базова вулиця', 'man_made': 'works', 'name': 'Дніпропетровський дослідний завод «Енергоавтоматика» ISTA', 'name:ru': 'Днепропетровский опытный завод «Энергоавтоматика» ISTA', 'name:uk': 'Дніпропетровський дослідний завод «Енергоавтоматика» ISTA', 'website': 'http://energoavtomatika.dp.ua/'}"
9233618271,node,ЦТП,47.0794219,37.5115236,47.0794219,37.5115236,47.0794219,37.5115236,"{'man_made': 'works', 'name': 'ЦТП', 'name:en': 'CHS', 'name:ru': 'ЦТП', 'name:uk': 'ЦТП', 'official_name': 'Центральний тепловий пункт', 'official_name:en': 'Central heat station', 'official_name:ru': 'Центральный тепловой пункт', 'official_name:uk': 'Центральний тепловий пункт'}"
9247197980,node,Склоресурс,50.393302,25.7751649,50.393302,25.7751649,50.393302,25.7751649,"{'addr:housenumber': '105', 'addr:postcode': '35600', 'addr:street': 'Семидубська вулиця', 'email': 'office@skloresurs.com', 'man_made': 'works', 'name': 'Склоресурс', 'name:uk': 'Склоресурс', 'phone': '+380 44 355 0599', 'product': 'glass', 'website': 'https://skloresurs.com'}"
9251198707,node,Unknown,44.9449941,34.0190805,44.9449941,34.0190805,44.9449941,34.0190805,{'man_made': 'works'}
9260398586,node,ЦТП,47.1370554,37.5656246,47.1370554,37.5656246,47.1370554,37.5656246,"{'man_made': 'works', 'name': 'ЦТП', 'name:en': 'CHS', 'name:ru': 'ЦТП', 'name:uk': 'ЦТП', 'official_name': 'Центральний тепловий пункт', 'official_name:en': 'Central heat station', 'official_name:ru': 'Центральный тепловой пункт', 'official_name:uk': 'Центральний тепловий пункт'}"
9300724167,node,Unknown,50.8437137,31.9169903,50.8437137,31.9169903,50.8437137,31.9169903,{'man_made': 'works'}
9300724316,node,ТОВ Лосинівський маслосирзавод,50.835387,31.9092862,50.835387,31.9092862,50.835387,31.9092862,"{'addr:housenumber': '9', 'addr:postcode': '16663', 'addr:street': 'Київська вулиця', 'man_made': 'works', 'name': 'ТОВ Лосинівський маслосирзавод', 'name:uk': 'ТОВ Лосинівський маслосирзавод'}"
9432178676,node,ТЕЦ-1,47.144222,37.5807931,47.144222,37.5807931,47.144222,37.5807931,"{'man_made': 'works', 'name': 'ТЕЦ-1', 'name:ru': 'ТЭЦ-1', 'name:uk': 'ТЕЦ-1'}"
9492778731,node,Прохідні ворота №27,47.1808696,37.5500203,47.1808696,37.5500203,47.1808696,37.5500203,"{'man_made': 'works', 'name': 'Прохідні ворота №27', 'name:ru': 'Проходные ворота №27', 'name:uk': 'Прохідні ворота №27', 'ref': '27', 'short_name': 'КПП №27'}"
9492778732,node,Прохідні ворота №2,47.1386946,37.5870836,47.1386946,37.5870836,47.1386946,37.5870836,"{'man_made': 'works', 'name': 'Прохідні ворота №2', 'name:ru': 'Проходные ворота №2', 'name:uk': 'Прохідні ворота №2', 'ref': '2', 'short_name': 'КПП №2'}"
9492778733,node,Прохідні ворота №1,47.1395578,37.5936083,47.1395578,37.5936083,47.1395578,37.5936083,"{'man_made': 'works', 'name': 'Прохідні ворота №1', 'name:ru': 'Проходные ворота №1', 'name:uk': 'Прохідні ворота №1', 'ref': '1', 'short_name': 'КПП №1'}"
9492778734,node,Прохідні ворота №3,47.1393917,37.5769936,47.1393917,37.5769936,47.1393917,37.5769936,"{'man_made': 'works', 'name': 'Прохідні ворота №3', 'name:ru': 'Проходные ворота №3', 'name:uk': 'Прохідні ворота №3', 'ref': '3', 'short_name': 'КПП №3'}"
9536769840,node,ГУП РК элеватор Красноперекопский комбинат хлебопродуктов,45.9810752,33.758465,45.9810752,33.758465,45.9810752,33.758465,"{'man_made': 'works', 'name': 'ГУП РК элеватор Красноперекопский комбинат хлебопродуктов', 'name:uk': 'ГУП РК елеватор Красноперекопський комбінат хлібопродуктів'}"
9656737792,node,Ужгородське учбово-виробниче підприємство №2 УТОГ,48.6079311,22.3081016,48.6079311,22.3081016,48.6079311,22.3081016,"{'man_made': 'works', 'name': 'Ужгородське учбово-виробниче підприємство №2 УТОГ', 'name:uk': 'Ужгородське учбово-виробниче підприємство №2 УТОГ', 'office': 'company'}"
9731010260,node,Швейна фабрика,48.053889,38.7867966,48.053889,38.7867966,48.053889,38.7867966,"{'man_made': 'works', 'name': 'Швейна фабрика', 'name:uk': 'Швейна фабрика'}"
9762043947,node,VentaRock,49.8327894,23.9844101,49.8327894,23.9844101,49.8327894,23.9844101,"{'description': 'завод вентфасадів', 'man_made': 'works', 'name': 'VentaRock', 'name:uk': 'VentaRock'}"
9884338248,node,Бакалія,49.4089837,26.9410354,49.4089837,26.9410354,49.4089837,26.9410354,"{'man_made': 'works', 'name': 'Бакалія', 'name:uk': 'Бакалія'}"
9884338249,node,Котельня,49.4130821,26.9541514,49.4130821,26.9541514,49.4130821,26.9541514,"{'generator:output:hot_water': 'yes', 'man_made': 'works', 'name': 'Котельня', 'name:uk': 'Котельня', 'power': 'generator'}"
9884390618,node,Ремонтний корпус,49.4199545,26.9560826,49.4199545,26.9560826,49.4199545,26.9560826,"{'man_made': 'works', 'name': 'Ремонтний корпус', 'name:uk': 'Ремонтний корпус'}"
9884390620,node,CУМС (ремонтний корпус),49.4198586,26.9539717,49.4198586,26.9539717,49.4198586,26.9539717,"{'man_made': 'works', 'name': 'CУМС (ремонтний корпус)', 'name:uk': 'CУМС (ремонтний корпус)'}"
9884390622,node,1 ПМК-33,49.4216487,26.9484463,49.4216487,26.9484463,49.4216487,26.9484463,"{'man_made': 'works', 'name': '1 ПМК-33', 'name:uk': '1 ПМК-33'}"
9894442095,node,Адвіс,49.4087499,27.0206849,49.4087499,27.0206849,49.4087499,27.0206849,"{'man_made': 'works', 'name': 'Адвіс', 'name:uk': 'Адвіс'}"
9894505834,node,Алмаз,49.4431776,26.9403943,49.4431776,26.9403943,49.4431776,26.9403943,"{'man_made': 'works', 'name': 'Алмаз', 'name:uk': 'Алмаз'}"
9894588389,node,ЦТП,49.432785,27.0176366,49.432785,27.0176366,49.432785,27.0176366,"{'man_made': 'works', 'name': 'ЦТП', 'name:uk': 'ЦТП'}"
9894588398,node,Котельня,49.4329795,27.0100929,49.4329795,27.0100929,49.4329795,27.0100929,"{'man_made': 'works', 'name': 'Котельня', 'name:uk': 'Котельня'}"
9894588399,node,ЦТП,49.4337592,27.0089342,49.4337592,27.0089342,49.4337592,27.0089342,"{'man_made': 'works', 'name': 'ЦТП', 'name:uk': 'ЦТП'}"
9894588400,node,Темп,49.4371919,27.0163786,49.4371919,27.0163786,49.4371919,27.0163786,"{'man_made': 'works', 'name': 'Темп', 'name:uk': 'Темп'}"
9896643968,node,Новатор,49.4070479,26.9463694,49.4070479,26.9463694,49.4070479,26.9463694,"{'man_made': 'works', 'name': 'Новатор', 'name:uk': 'Новатор', 'wikidata': 'Q19886205', 'wikipedia': 'uk:Новатор (підприємство)'}"
9898986691,node,Хмельницька макаронна фабрика,49.4431619,27.0051804,49.4431619,27.0051804,49.4431619,27.0051804,"{'man_made': 'works', 'name': 'Хмельницька макаронна фабрика', 'name:uk': 'Хмельницька макаронна фабрика'}"
9898986693,node,Хлібзавод,49.4420876,27.0032063,49.4420876,27.0032063,49.4420876,27.0032063,"{'man_made': 'works', 'name': 'Хлібзавод', 'name:ru': 'Хлебозавод', 'name:uk': 'Хлібзавод'}"
9898986705,node,ВШО Легпром,49.4447563,26.9906358,49.4447563,26.9906358,49.4447563,26.9906358,"{'man_made': 'works', 'name': 'ВШО Легпром', 'name:uk': 'ВШО Легпром'}"
9908798916,node,Нейл,49.4075654,26.9968453,49.4075654,26.9968453,49.4075654,26.9968453,"{'man_made': 'works', 'name': 'Нейл', 'name:uk': 'Нейл'}"
9908832517,node,Спецкомунтранс ХКП,49.4161405,26.9711025,49.4161405,26.9711025,49.4161405,26.9711025,"{'man_made': 'works', 'name': 'Спецкомунтранс ХКП', 'name:uk': 'Спецкомунтранс ХКП'}"
9924688497,node,Патон,50.3506195,30.5618305,50.3506195,30.5618305,50.3506195,30.5618305,"{'email': 'office@paton.ua', 'man_made': 'works', 'name': 'Патон', 'name:en': 'Paton', 'name:uk': 'Патон', 'official_name': 'Опытный завод сварочного оборудования Института электросварки им. Е. О. Патона', 'website': 'https://paton.ua/'}"
9930930259,node,Цегельний завод,49.3976736,26.9626218,49.3976736,26.9626218,49.3976736,26.9626218,"{'man_made': 'works', 'name': 'Цегельний завод', 'name:ru': 'Кирпичный завод', 'name:uk': 'Цегельний завод'}"
9972979150,node,"ПрАТ ""Лакталіс Суми""",51.8530929,33.4781562,51.8530929,33.4781562,51.8530929,33.4781562,"{'addr:housenumber': '27А', 'addr:postcode': '41100', 'addr:street': 'вулиця Родини Кривоносів', 'man_made': 'works', 'name': 'ПрАТ ""Лакталіс Суми""', 'name:uk': 'ПрАТ ""Лакталіс Суми""', 'product': 'food', 'website': 'https://lactalis.com.ua/'}"
10037522788,node,Дніпровський кабельний завод,48.5123721,34.6233058,48.5123721,34.6233058,48.5123721,34.6233058,"{'man_made': 'works', 'name': 'Дніпровський кабельний завод', 'name:uk': 'Дніпровський кабельний завод', 'product': 'cable'}"
10079477222,node,ВИРОБНИЧО ТОРГІВЕЛЬНА КОМПАНІЯ ЕКОЛАЙН,50.55736,26.2550018,50.55736,26.2550018,50.55736,26.2550018,"{'addr:housenumber': '33', 'addr:postcode': '35350', 'addr:street': 'вулиця Волинських Чехів', 'man_made': 'works', 'name': 'ВИРОБНИЧО ТОРГІВЕЛЬНА КОМПАНІЯ ЕКОЛАЙН', 'name:uk': 'ВИРОБНИЧО ТОРГІВЕЛЬНА КОМПАНІЯ ЕКОЛАЙН', 'product': 'water', 'website': 'https://ecoline-ukraine.com.ua/'}"
10214934422,node,"Шахта ""Топаз""",48.1278912,38.1046307,48.1278912,38.1046307,48.1278912,38.1046307,"{'man_made': 'works', 'name': 'Шахта ""Топаз""', 'name:uk': 'Шахта ""Топаз""'}"
10632388337,node,Unknown,47.5358166,31.3303252,47.5358166,31.3303252,47.5358166,31.3303252,{'man_made': 'works'}
10706768933,node,ТОВ «Угринів Еко Ферм»,50.5682354,24.1174526,50.5682354,24.1174526,50.5682354,24.1174526,"{'man_made': 'works', 'name': 'ТОВ «Угринів Еко Ферм»', 'name:uk': 'ТОВ «Угринів Еко Ферм»'}"
10761799412,node,Цегельний завод,49.8263755,26.8734855,49.8263755,26.8734855,49.8263755,26.8734855,"{'man_made': 'works', 'name': 'Цегельний завод', 'name:uk': 'Цегельний завод'}"
10784198687,node,Індустріальний парк NOVO,50.7439774,24.1614871,50.7439774,24.1614871,50.7439774,24.1614871,"{'addr:housenumber': '3г', 'addr:postcode': '45400', 'addr:street': 'Луцька вулиця', 'email': 'office@novopark.com.ua', 'man_made': 'works', 'name': 'Індустріальний парк NOVO', 'name:en': 'NOVO Industrial Park', 'name:uk': 'Індустріальний парк NOVO', 'phone': '+38 098 825 0211', 'product': 'food', 'website': 'https://novopark.com.ua/'}"
10796827405,node,Ярило,47.8525307,35.1491899,47.8525307,35.1491899,47.8525307,35.1491899,"{'man_made': 'works', 'name': 'Ярило', 'name:uk': 'Ярило'}"
10859795630,node,ТДВ Херсонський маслозавод,46.6569924,32.6516811,46.6569924,32.6516811,46.6569924,32.6516811,"{'addr:housenumber': '162', 'addr:street': 'Перекопська вулиця', 'man_made': 'works', 'name': 'ТДВ Херсонський маслозавод', 'name:ru': 'ОДО Херсонский маслозавод', 'name:uk': 'ТДВ Херсонський маслозавод', 'product': 'food'}"
11039740076,node,Ремонт турбін,50.3529273,30.4918864,50.3529273,30.4918864,50.3529273,30.4918864,"{'man_made': 'works', 'name': 'Ремонт турбін', 'name:uk': 'Ремонт турбін', 'operator': 'Юг-Турбосервіс'}"
11086282588,node,"ТОВ ""Барс""",48.4758272,34.9730166,48.4758272,34.9730166,48.4758272,34.9730166,"{'addr:housenumber': '9', 'addr:street': 'Коксохімічна вулиця', 'check_date': '2023-08-03', 'email': 'BarsDnepr@gmail.com', 'man_made': 'works', 'mobile': '+380 503209191', 'name': 'ТОВ ""Барс""', 'name:uk': 'ТОВ ""Барс""', 'product': 'plastic', 'website': 'https://bars.in.ua/'}"
11216190666,node,"Чернігівська фабрика вхідних дверей ""Двері Булат""",51.4673363,31.2432394,51.4673363,31.2432394,51.4673363,31.2432394,"{'addr:housenumber': '78', 'addr:street': 'вул. Івана Мазепи', 'man_made': 'works', 'mobile': '+38(050) 312 99 89', 'name': 'Чернігівська фабрика вхідних дверей ""Двері Булат""', 'name:uk': 'Чернігівська фабрика вхідних дверей ""Двері Булат""', 'operator': 'ТОВ ""ДВЕРІ БУЛАТ""', 'phone': '+38(067) 312 99 89', 'website': 'https://www.bulat-doors.com.ua/'}"
11427396743,node,Цегельна фабрика,48.9767226,30.3025802,48.9767226,30.3025802,48.9767226,30.3025802,"{'man_made': 'works', 'name': 'Цегельна фабрика', 'name:uk': 'Цегельна фабрика'}"
11508592369,node,КАЛУШ-ГРАНІТ,49.0483588,24.3443847,49.0483588,24.3443847,49.0483588,24.3443847,"{'addr:housenumber': '13', 'addr:street': 'вулиця Литвина', 'man_made': 'works', 'name': 'КАЛУШ-ГРАНІТ', 'name:uk': 'КАЛУШ-ГРАНІТ'}"
11508592370,node,Паперовий Еко Світ,49.0489878,24.3440941,49.0489878,24.3440941,49.0489878,24.3440941,"{'addr:housenumber': '30б', 'addr:street': 'вулиця Литвина', 'man_made': 'works', 'name': 'Паперовий Еко Світ', 'name:uk': 'Паперовий Еко Світ'}"
11509035211,node,Завод будівельних машин,49.0450992,24.3379589,49.0450992,24.3379589,49.0450992,24.3379589,"{'man_made': 'works', 'name': 'Завод будівельних машин', 'name:uk': 'Завод будівельних машин'}"
11516308772,node,"ТОВ ""Деревообробний завод""",49.0418695,24.3373089,49.0418695,24.3373089,49.0418695,24.3373089,"{'man_made': 'works', 'name': 'ТОВ ""Деревообробний завод""', 'name:uk': 'ТОВ ""Деревообробний завод""'}"
11781703050,node,ТОВ ГАЛВАПНО,49.0237096,24.9169444,49.0237096,24.9169444,49.0237096,24.9169444,"{'addr:housenumber': '1А', 'addr:postcode': '77433', 'addr:street': 'вулиця Тараса Шевченка', 'alt_name': 'GALVAPNO', 'email': 'info@galvapno.com.ua', 'man_made': 'works', 'name': 'ТОВ ГАЛВАПНО', 'name:uk': 'ТОВ ГАЛВАПНО', 'operator': 'ТОВ ГАЛВАПНО', 'phone': '+380 (67) 7 555 999;+380 (95) 654-97-98', 'website': 'https://galvapno.com.ua/'}"
12199321348,node,"ТОВ ""Смілянська хлодня""",49.1990968,31.8596735,49.1990968,31.8596735,49.1990968,31.8596735,"{'man_made': 'works', 'name': 'ТОВ ""Смілянська хлодня""'}"
12368417974,node,Колишній цегельний завод,48.8234733,24.6571529,48.8234733,24.6571529,48.8234733,24.6571529,"{'man_made': 'works', 'name': 'Колишній цегельний завод'}"
12392679668,node,Пет-тара,50.1863138,30.287708,50.1863138,30.287708,50.1863138,30.287708,"{'addr:housenumber': '38-Б', 'addr:street': 'Керамічна вулиця', 'industrial': 'plastic_processing', 'man_made': 'works', 'name': 'Пет-тара', 'operator': 'ТОВ Кумір', 'product': 'plastic'}"
12425234786,node,Цегляний завод,48.7928805,24.6436795,48.7928805,24.6436795,48.7928805,24.6436795,"{'man_made': 'works', 'name': 'Цегляний завод'}"
12486551690,node,Unknown,49.5209507,24.9575468,49.5209507,24.9575468,49.5209507,24.9575468,"{'industrial': 'grinding_mill', 'man_made': 'works', 'product': 'food'}"
12486551691,node,Млин,49.521839,24.9541564,49.521839,24.9541564,49.521839,24.9541564,"{'industrial': 'grinding_mill', 'man_made': 'works', 'name': 'Млин'}"
12495898616,node,Жива Земля,49.3945758,24.9811688,49.3945758,24.9811688,49.3945758,24.9811688,"{'man_made': 'works', 'name': 'Жива Земля', 'product': 'food'}"
12570982186,node,Колишній бетонний завод,49.0763984,27.6932719,49.0763984,27.6932719,49.0763984,27.6932719,"{'man_made': 'works', 'name': 'Колишній бетонний завод', 'name:uk': 'Колишній бетонний завод', 'product': 'industrial_use'}"
12615826200,node,Unknown,47.0348263,32.4322413,47.0348263,32.4322413,47.0348263,32.4322413,"{'man_made': 'works', 'note': 'recycling factory is going be build'}"
12615983535,node,sugar factory,47.0428297,32.4344487,47.0428297,32.4344487,47.0428297,32.4344487,"{'man_made': 'works', 'name': 'sugar factory'}"
12657584168,node,Мотор Січ,50.5808473,34.5035435,50.5808473,34.5035435,50.5808473,34.5035435,"{'man_made': 'works', 'name': 'Мотор Січ'}"
12660008430,node,Завод залізобетонних виробів,50.5882041,34.4982642,50.5882041,34.4982642,50.5882041,34.4982642,"{'man_made': 'works', 'name': 'Завод залізобетонних виробів'}"
12660008482,node,Укртранспневматика,50.5929609,34.5029153,50.5929609,34.5029153,50.5929609,34.5029153,"{'addr:housenumber': '92', 'addr:street': 'Сумська вулиця', 'man_made': 'works', 'name': 'Укртранспневматика'}"
12660434924,node,Лебединская рыбоводо-мелиоративная станция,50.6001825,34.5227413,50.6001825,34.5227413,50.6001825,34.5227413,"{'man_made': 'works', 'name': 'Лебединская рыбоводо-мелиоративная станция'}"
12744379340,node,"Завод ""Демітекс""",49.6003799,34.5164473,49.6003799,34.5164473,49.6003799,34.5164473,"{'man_made': 'works', 'name': 'Завод ""Демітекс""', 'name:uk': 'Завод ""Демітекс""'}"
12755375021,node,НафтоБаза,49.0392414,27.7294572,49.0392414,27.7294572,49.0392414,27.7294572,"{'man_made': 'works', 'name': 'НафтоБаза', 'name:uk': 'НафтоБаза', 'product': 'industrial_use'}"
12990629190,node,MoodMetal,50.4541111,30.6575466,50.4541111,30.6575466,50.4541111,30.6575466,"{'man_made': 'works', 'name': 'MoodMetal', 'website': 'http://smeb.com.ua'}"
12992573974,node,Катран,50.4578278,30.6442705,50.4578278,30.6442705,50.4578278,30.6442705,"{'description': 'Меблева фабрика', 'man_made': 'works', 'name': 'Катран', 'opening_hours': 'Mo-Fr 10:00-19:00; Sa, Su 10:00-18:00'}"
13134459281,node,Lampa,50.8341277,24.3422729,50.8341277,24.3422729,50.8341277,24.3422729,"{'man_made': 'works', 'name': 'Lampa'}"
13188650214,node,"ТзОВ ""Екран"" Перша українська цинковня",49.2682792,23.8127034,49.2682792,23.8127034,49.2682792,23.8127034,"{'addr:housenumber': '0324539142', 'addr:postcode': '82400', 'addr:street': 'вул. Промислова, 7а', 'email': 'sales@zink.com.ua', 'man_made': 'works', 'mobile': '0324539142', 'name': 'ТзОВ ""Екран"" Перша українська цинковня', 'product': 'гаряче_цинкування', 'website': 'https://zink.com.ua/'}"
13227467977,node,"ТОВ ФІРМА ""СИГНАЛ""",49.7189274,37.6391098,49.7189274,37.6391098,49.7189274,37.6391098,"{'man_made': 'works', 'name': 'ТОВ ФІРМА ""СИГНАЛ""'}"
13232689110,node,"ПП ""Артан-Калор"" - фабрика новорічних ялинкових прикрас",49.6810583,37.6406398,49.6810583,37.6406398,49.6810583,37.6406398,"{'man_made': 'works', 'name': 'ПП ""Артан-Калор"" - фабрика новорічних ялинкових прикрас'}"
13346976587,node,BetonHub,49.9544968,36.2250306,49.9544968,36.2250306,49.9544968,36.2250306,"{'addr:housenumber': '50', 'addr:street': 'Диканівська вулиця', 'man_made': 'works', 'name': 'BetonHub', 'website': 'https://betonhub.com.ua/ua/'}"
13376189176,node,Хлебный дом,44.8857976,34.0451804,44.8857976,34.0451804,44.8857976,34.0451804,"{'man_made': 'works', 'name': 'Хлебный дом'}"
13421451826,node,Завантажування вагонів зерном,51.1995592,33.8510012,51.1995592,33.8510012,51.1995592,33.8510012,"{'man_made': 'works', 'name': 'Завантажування вагонів зерном', 'product': 'beer'}"
13421451827,node,Завантажування зерном фури,51.1989036,33.8527774,51.1989036,33.8527774,51.1989036,33.8527774,"{'man_made': 'works', 'name': 'Завантажування зерном фури', 'product': 'beer'}"
13495748520,node,Цегельний завод,49.7028702,28.0792923,49.7028702,28.0792923,49.7028702,28.0792923,"{'man_made': 'works', 'name': 'Цегельний завод'}"
13536985437,node,Вода НИК Производство напитков,44.7375833,33.80552,44.7375833,33.80552,44.7375833,33.80552,"{'man_made': 'works', 'name': 'Вода НИК Производство напитков'}"
13536985438,node,Вода 1545 Производство напитков,44.7378775,33.8050457,44.7378775,33.8050457,44.7378775,33.8050457,"{'man_made': 'works', 'name': 'Вода 1545 Производство напитков'}"
13585674657,node,Цегельний завод,49.6477823,27.8928349,49.6477823,27.8928349,49.6477823,27.8928349,"{'man_made': 'works', 'name': 'Цегельний завод'}"
13601900233,node,"Maison, швейное предприятие",44.9278203,34.076399,44.9278203,34.076399,44.9278203,34.076399,"{'man_made': 'works', 'name': 'Maison, швейное предприятие'}"
13659058769,node,Родничок,44.968847,34.1493608,44.968847,34.1493608,44.968847,34.1493608,"{'man_made': 'works', 'name': 'Родничок'}"
13659599609,node,Урожайна,44.9702118,34.1468681,44.9702118,34.1468681,44.9702118,34.1468681,"{'man_made': 'works', 'name': 'Урожайна'}"
13659599611,node,Квазар,44.9700421,34.1471385,44.9700421,34.1471385,44.9700421,34.1471385,"{'man_made': 'works', 'name': 'Квазар'}"
13681803076,node,ТОВ «Харківська фармацевтична фабрика»,49.9911337,36.2399197,49.9911337,36.2399197,49.9911337,36.2399197,"{'addr:housenumber': '25', 'addr:street': 'Громадянська вулиця', 'man_made': 'works', 'name': 'ТОВ «Харківська фармацевтична фабрика»', 'name:uk': 'ТОВ «Харківська фармацевтична фабрика»', 'short_name': 'ХФФ'}"
13937979099,node,Печі вапнярки,48.765949,25.2577919,48.765949,25.2577919,48.765949,25.2577919,"{'man_made': 'works', 'name': 'Печі вапнярки'}"
13937979100,node,Печі вапнярки,48.7659136,25.2578509,48.7659136,25.2578509,48.7659136,25.2578509,"{'man_made': 'works', 'name': 'Печі вапнярки'}"
14023745050,node,DrevoStair,48.2880301,23.079079,48.2880301,23.079079,48.2880301,23.079079,"{'addr:place': 'Мала Розтока', 'addr:postcode': '90133', 'alt_name': 'ДревоСтайр', 'email': 'drevostair@gmail.com', 'image': 'https://drevostair.shop/image/catalog/rabota3.jpg', 'man_made': 'works', 'mobile': '+380978000903', 'name': 'DrevoStair', 'product': 'wooden_stairs;stair_parts;furniture_boards', 'website': 'https://drevostair.shop'}"
14054413368,node,Завод будівельних конструкцій,50.4157586,30.605254,50.4157586,30.605254,50.4157586,30.605254,"{'man_made': 'works', 'name': 'Завод будівельних конструкцій', 'name:uk': 'Завод будівельних конструкцій'}"
28474962,way,Дніпрококс,,,,,48.4724032,34.9742049,"{'landuse': 'industrial', 'man_made': 'works', 'name': 'Дніпрококс', 'name:uk': 'Дніпрококс'}"
28474978,way,ДЗМО,,,,,48.4695297,34.9489405,"{'landuse': 'industrial', 'man_made': 'works', 'name': 'ДЗМО', 'name:uk': 'ДЗМО'}"
28526594,way,"Завод ""Юпітер""",,,,,51.4021484,30.0425401,"{'industrial': 'factory', 'landuse': 'industrial', 'name': 'Завод ""Юпітер""', 'name:cs': 'Jupiter', 'name:de': 'Radiofabrik ""Jupiter""', 'name:en': 'Jupiter Factory', 'name:es': 'Fábrica Júpiter', 'name:fr': 'Usine de Jupiter', 'name:lt': 'Gamykla ""Jupiteris""', 'name:pl': 'fabryka ""Jupiter""', 'name:ru': 'Завод ""Юпитер""', 'name:uk': 'Завод ""Юпітер""', 'wikidata': 'Q14705312', 'wikipedia': ""uk:Юпітер (Прип'ять)""}"
30798028,way,"Київський завод комунального машинобудування ""Коммаш""",,,,,50.3951854,30.4913387,"{'industrial': 'factory', 'landuse': 'industrial', 'name': 'Київський завод комунального машинобудування ""Коммаш""', 'name:uk': 'Київський завод комунального машинобудування ""Коммаш""'}"
31017011,way,Unknown,,,,,48.3946033,35.0270432,"{'addr:housenumber': '5', 'addr:street': 'бульвар Платонова', 'building': 'industrial', 'building:levels': '1', 'man_made': 'works'}"
31017789,way,Unknown,,,,,48.3941474,35.0227285,"{'building': 'yes', 'generator:output:hot_water': 'yes', 'man_made': 'works', 'power': 'generator'}"
31272274,way,Квазар Мікро,,,,,50.4879791,30.4171701,"{'industrial': 'factory', 'landuse': 'industrial', 'name': 'Квазар Мікро', 'name:en': 'Kvazar Micro', 'name:uk': 'Квазар Мікро'}"
31767258,way,Київська макаронна фабрика,,,,,50.490312,30.4696074,"{'industrial': 'factory', 'landuse': 'industrial', 'name': 'Київська макаронна фабрика', 'name:uk': 'Київська макаронна фабрика', 'short_name': 'КМФ'}"
31976215,way,Кондитерська фабрика «Рошен»,,,,,50.4062345,30.5234282,"{'landuse': 'industrial', 'man_made': 'works', 'name': 'Кондитерська фабрика «Рошен»', 'name:en': 'Roshen', 'name:ru': 'Кондитерская фабрика «Рошен»', 'name:uk': 'Кондитерська фабрика «Рошен»', 'wikidata': 'Q6372068', 'wikipedia': 'uk:Київська кондитерська фабрика Рошен'}"
32196114,way,Unknown,,,,,48.399109,35.0277995,"{'building': 'yes', 'man_made': 'works'}"
32196116,way,Unknown,,,,,48.3996257,35.0287915,"{'building': 'yes', 'man_made': 'works'}"
32196117,way,Unknown,,,,,48.3994514,35.028909,"{'building': 'yes', 'man_made': 'works'}"
32196118,way,Unknown,,,,,48.3987868,35.0283998,"{'addr:housenumber': '33', 'building': 'yes', 'man_made': 'works'}"
32295653,way,Unknown,,,,,48.3941708,35.0227127,{'man_made': 'works'}
32298365,way,ТЕЦ,,,,,48.3988056,35.0288576,"{'generator:output:hot_air': 'yes', 'generator:output:hot_water': 'yes', 'generator:output:steam': 'yes', 'man_made': 'works', 'name': 'ТЕЦ', 'name:uk': 'ТЕЦ', 'power': 'generator'}"
35604658,way,Цегляний завод,,,,,48.9490133,38.4351628,"{'barrier': 'wall', 'landuse': 'industrial', 'man_made': 'works', 'name': 'Цегляний завод', 'name:en': 'Brickworks', 'name:ru': 'Кирпичный завод', 'name:uk': 'Цегляний завод'}"
36892593,way,Unknown,,,,,51.3478595,25.8612174,"{'building': 'yes', 'man_made': 'works'}"
36972203,way,Завод «Олком»,,,,,50.4054108,30.5264509,"{'addr:housenumber': '3/1', 'addr:street': 'проспект Науки', 'contact:email': 'olkom@olkom.ua', 'contact:phone': '+380 44 561 2747', 'contact:website': 'https://olkom.ua/uk/', 'landuse': 'industrial', 'man_made': 'works', 'name': 'Завод «Олком»', 'name:uk': 'Завод «Олком»', 'wikidata': 'Q12135756', 'wikipedia': 'uk:Олком'}"
39122042,way,Молзавод,,,,,44.6868074,34.4173939,"{'building': 'yes', 'man_made': 'works', 'name': 'Молзавод', 'name:uk': 'Молзавод', 'product': 'milk'}"
40495947,way,Фармацевтична фірма «Дарниця»,,,,,50.4279321,30.6829828,"{'addr:housenumber': '13', 'addr:street': 'Бориспільська вулиця', 'barrier': 'wall', 'contact:website': 'https://www.darnitsa.ua/', 'industrial': 'factory', 'landuse': 'industrial', 'name': 'Фармацевтична фірма «Дарниця»', 'name:ru': 'Фармацевтическая фирма «Дарница»', 'name:uk': 'Фармацевтична фірма «Дарниця»', 'wikidata': 'Q12099571'}"
41382381,way,Корчуватський комбінат будівельних матеріалів,,,,,50.3784121,30.5472905,"{'industrial': 'factory', 'landuse': 'industrial', 'name': 'Корчуватський комбінат будівельних матеріалів', 'name:uk': 'Корчуватський комбінат будівельних матеріалів', 'short_name': 'Корчуватський КБМ'}"
42153332,way,Unknown,,,,,48.4800266,34.6587208,"{'landuse': 'industrial', 'man_made': 'works'}"
42153334,way,Unknown,,,,,48.4794986,34.6554484,"{'landuse': 'industrial', 'man_made': 'works'}"
43015632,way,Южкокс,,,,,48.4753398,34.6331288,"{'landuse': 'industrial', 'man_made': 'works', 'name': 'Южкокс', 'name:en': 'Yuzhkoks', 'old_name': 'Баглійський Коксохім', 'wikidata': 'Q4074791', 'wikipedia': 'uk:Южкокс'}"
46741070,way,Unknown,,,,,48.5003295,35.0309412,"{'landuse': 'industrial', 'man_made': 'works'}"
46999107,way,Дніпровський машинобудівний завод,,,,,48.4341656,34.9735204,"{'barrier': 'wall', 'landuse': 'industrial', 'man_made': 'works', 'name': 'Дніпровський машинобудівний завод', 'name:ru': 'Днепровский машиностроительный завод', 'name:uk': 'Дніпровський машинобудівний завод', 'website': 'http://www.dnepromash.com.ua'}"
47321760,way,Спільне українсько-німецьке підприємство у формі ТЗОВ «Техніка»,,,,,48.5973468,22.3038939,"{'addr:city': 'Ужгород', 'addr:housenumber': '4', 'addr:postcode': '88006', 'addr:street': 'вулиця Сергія Мартина', 'building': 'industrial', 'man_made': 'works', 'name': 'Спільне українсько-німецьке підприємство у формі ТЗОВ «Техніка»', 'name:de': 'Technica', 'name:uk': 'Спільне українсько-німецьке підприємство у формі ТЗОВ «Техніка»'}"
53580344,way,Швейна Фабрика,,,,,51.4876946,31.2803277,"{'addr:housenumber': '41', 'addr:street': 'проспект Перемоги', 'building': 'yes', 'building:levels': '5', 'height': '25', 'man_made': 'works', 'name': 'Швейна Фабрика', 'name:ru': 'Швейная Фабрика', 'name:uk': 'Швейна Фабрика'}"
58926986,way,Сєвєродонецький хлібокомбінат,,,,,48.946329,38.5081802,"{'addr:housenumber': '68', 'building': 'yes', 'building:levels': '3', 'loc_name': 'Хлібзавод', 'loc_name:ru': 'Хлебозавод', 'man_made': 'works', 'name': 'Сєвєродонецький хлібокомбінат', 'name:ru': 'Северодонецкий хлебокомбинат', 'name:uk': 'Сєвєродонецький хлібокомбінат', 'operator': 'ВАТ ""Коровай""', 'roof:material': 'tar_paper', 'website': 'https://www.korovay.lg.ua/contacts/sd.html'}"
61042728,way,"ЗАТ ""Дніпровський пивзавод ""Дніпро""",,,,,48.509745,35.098216,"{'addr:housenumber': '9-А', 'addr:street': 'вулиця Журналістів', 'building': 'yes', 'man_made': 'works', 'name': 'ЗАТ ""Дніпровський пивзавод ""Дніпро""', 'name:ru': 'ЗАО ""Днепровский пивзавод «Днепр»', 'name:uk': 'ЗАТ ""Дніпровський пивзавод ""Дніпро""'}"
72158125,way,Unknown,,,,,44.9619926,34.1158391,{'man_made': 'works'}
84910702,way,Лекхім-Харків,,,,,49.940582,36.3574845,"{'addr:housenumber': '36', 'addr:street': 'Северина Потоцького вулиця', 'building': 'yes', 'building:levels': '4', 'man_made': 'works', 'name': 'Лекхім-Харків', 'name:uk': 'Лекхім-Харків'}"
85694735,way,"Пивобезалкогольный комбинат ""Крым""",,,,,44.9356596,34.0516953,"{'addr:housenumber': '12', 'addr:street': 'улица Героев Сталинграда', 'craft': 'brewery', 'landuse': 'industrial', 'man_made': 'works', 'name': 'Пивобезалкогольный комбинат ""Крым""'}"
86982790,way,Птицефабрика,,,,,44.9240226,34.0511489,"{'landuse': 'industrial', 'man_made': 'works', 'name': 'Птицефабрика'}"
86985907,way,ООО «Завод судовой светотехники «МАЯК»,,,,,44.583723,33.4799335,"{'addr:housenumber': '1/5', 'addr:postcode': '299053', 'addr:street': 'Фиолентовское шоссе', 'building': 'yes', 'building:levels': '2', 'man_made': 'works', 'name': 'ООО «Завод судовой светотехники «МАЯК»', 'name:uk': 'ТОВ «Завод суднової світлотехніки «МАЯК»'}"
88512094,way,Завод Пластмасс,,,,,44.9373967,34.0800948,"{'addr:housenumber': '7', 'addr:street': 'улица Трансформаторная', 'landuse': 'industrial', 'man_made': 'works', 'name': 'Завод Пластмасс'}"
89417663,way,ТОВ «Коксовий завод «Новомет»,,,,,49.949402,36.200938,"{'industrial': 'factory', 'landuse': 'industrial', 'name': 'ТОВ «Коксовий завод «Новомет»', 'name:ru': 'ООО «Коксовый завод «Новомет»', 'name:uk': 'ТОВ «Коксовий завод «Новомет»', 'old_name': 'Харківський коксовий завод', 'old_name:ru': 'Харьковский коксовый завод', 'old_name:uk': 'Харківський коксовий завод', 'wikidata': 'Q28704257', 'wikipedia': 'uk:Харківський коксовий завод'}"
91301005,way,Unknown,,,,,44.6000933,33.5317256,"{'addr:housenumber': '24', 'addr:street': 'улица Героев Севастополя', 'building': 'yes', 'building:levels': '4', 'description': 'Цех Севастопольского винодельческого завода', 'man_made': 'works'}"
91855407,way,Unknown,,,,,47.945794,37.5814875,"{'building': 'yes', 'man_made': 'works'}"
91855411,way,Unknown,,,,,47.9450065,37.5814032,"{'building': 'yes', 'man_made': 'works'}"
92054446,way,эко вода,,,,,44.576036,33.5291762,"{'addr:housenumber': '52', 'addr:street': 'Генерала Коломийца улица ГСК Восточный', 'building': 'industrial', 'man_made': 'works', 'name': 'эко вода', 'name:uk': 'Еко вода', 'product': 'drinking_water'}"
92194447,way,Мастерские,,,,,44.9317542,34.1323855,"{'building': 'yes', 'man_made': 'works', 'name': 'Мастерские', 'name:uk': 'Майстерні'}"
95049429,way,Сэлма,,,,,44.9353746,34.0755496,"{'landuse': 'industrial', 'man_made': 'works', 'name': 'Сэлма', 'source': 'Bing'}"
95049701,way,"Крымский государственный центр стандартизации, метрологии и сертификации",,,,,44.9292475,34.0779326,"{'landuse': 'industrial', 'man_made': 'works', 'name': 'Крымский государственный центр стандартизации, метрологии и сертификации', 'source': 'Bing'}"
95049800,way,"ГП НЭК ""Укрэнерго"" ОСЕ Югэнергопром",,,,,44.9318073,34.0756418,"{'landuse': 'industrial', 'man_made': 'works', 'name': 'ГП НЭК ""Укрэнерго"" ОСЕ Югэнергопром', 'source': 'Bing'}"
95204390,way,Мебельная фабрика КИМ,,,,,44.9676532,34.0867487,"{'landuse': 'industrial', 'man_made': 'works', 'name': 'Мебельная фабрика КИМ'}"
95452893,way,Сизакор,,,,,44.9160536,34.1168579,"{'landuse': 'industrial', 'man_made': 'works', 'name': 'Сизакор', 'official_name': 'Завод ОАО ""Сизакор""', 'phone': '(0652) 24-85-58', 'source': 'Bing', 'website': 'www.sizakor.com.ua'}"
95631577,way,Спектр,,,,,44.5672814,33.5144346,"{'addr:housenumber': '7А', 'addr:street': 'Промышленная улица', 'building': 'yes', 'man_made': 'works', 'name': 'Спектр', 'name:uk': 'Спектр'}"
95639618,way,Крымхлеб,,,,,44.9266299,34.0818225,"{'landuse': 'industrial', 'man_made': 'works', 'name': 'Крымхлеб', 'source': 'Bing'}"
95643408,way,Симферопольская кондитерская фабрика,,,,,44.930795,34.0842874,"{'addr:housenumber': '39', 'addr:street': 'Севастопольская улица', 'building': 'yes', 'man_made': 'works', 'name': 'Симферопольская кондитерская фабрика', 'name:uk': 'Сімферопольська кондитерська фабрика', 'product': 'confectionery', 'source': 'Bing'}"
96592835,way,Unknown,,,,,47.888114,33.3322263,"{'building': 'ruins', 'man_made': 'works'}"
96592836,way,Unknown,,,,,47.8880539,33.3331645,"{'building': 'ruins', 'man_made': 'works'}"
96592837,way,Unknown,,,,,47.888091,33.3338338,"{'building': 'yes', 'man_made': 'works'}"
96595491,way,Unknown,,,,,47.8872255,33.3331202,"{'building': 'ruins', 'man_made': 'works'}"
96595494,way,Unknown,,,,,47.8843759,33.3324984,"{'building': 'ruins', 'man_made': 'works'}"
96595495,way,Unknown,,,,,47.888718,33.3298288,"{'building': 'yes', 'man_made': 'works'}"
96595496,way,Unknown,,,,,47.8850113,33.3366538,"{'building': 'yes', 'man_made': 'works'}"
96595504,way,Unknown,,,,,47.8897052,33.3305809,"{'building': 'yes', 'man_made': 'works'}"
96595508,way,Unknown,,,,,47.886223,33.3315832,"{'building': 'ruins', 'man_made': 'works'}"
96595513,way,Unknown,,,,,47.8863327,33.3295434,"{'building': 'yes', 'man_made': 'works'}"
96595514,way,Unknown,,,,,47.884783,33.33654,"{'building': 'yes', 'man_made': 'works'}"
96595515,way,Unknown,,,,,47.8887158,33.3311935,"{'building': 'yes', 'man_made': 'works'}"
96595517,way,Unknown,,,,,47.8864174,33.3363675,"{'building': 'yes', 'man_made': 'works'}"
96595521,way,Unknown,,,,,47.8889364,33.3311165,"{'building': 'yes', 'man_made': 'works'}"
96595522,way,Unknown,,,,,47.8868538,33.3353465,"{'building': 'yes', 'man_made': 'works'}"
96595523,way,Unknown,,,,,47.8887812,33.3304531,"{'building': 'yes', 'man_made': 'works'}"
96595529,way,Unknown,,,,,47.8896706,33.3300624,"{'building': 'yes', 'man_made': 'works'}"
97343469,way,Unknown,,,,,45.6883182,34.3686929,"{'industrial': 'factory', 'landuse': 'industrial', 'source': 'yandex'}"
97541273,way,Типография,,,,,45.5026456,34.2951254,"{'building': 'yes', 'man_made': 'works', 'name': 'Типография', 'name:uk': 'Друкарня', 'source': 'Bing'}"
97849664,way,"ООО""Симферопольское ПО""Крымпласт""",,,,,44.9242215,34.1336,"{'addr:housenumber': '11', 'addr:street': 'улица Генерала Родионова', 'building': 'yes', 'man_made': 'works', 'name': 'ООО""Симферопольское ПО""Крымпласт""', 'name:ru': '""ООО""СимферопольскоеПО""Крымпласт""""', 'name:uk': '""ТОВ""СімферопольськеПО""Кримпласт""""'}"
97860722,way,Лисичанський пивоварний завод,,,,,48.9521082,38.3585735,"{'brand': 'Душа пивовара', 'contact:website': 'http://lispi.lg.ua/', 'landuse': 'industrial', 'man_made': 'works', 'name': 'Лисичанський пивоварний завод', 'name:en': 'Lysychansk Brewery Plant', 'name:ru': 'Лисичанский пивоваренный завод', 'name:uk': 'Лисичанський пивоварний завод', 'operator': 'ЗАТ «Ліспі»', 'start_date': '1972'}"
97869248,way,Симферопольское казенное экспериментальное протезно-ортопедическое предприятие,,,,,44.9300238,34.1340867,"{'addr:housenumber': '45', 'addr:street': 'улица Беспалова', 'building': 'industrial', 'building:levels': '2', 'man_made': 'works', 'name': 'Симферопольское казенное экспериментальное протезно-ортопедическое предприятие', 'name:ru': 'Симферопольское казенное экспериментальное протезно-ортопедическое предприятие', 'name:uk': 'Сімферопольське казенне експериментальне протезно-ортопедичне підприємство'}"
98320951,way,"Первомайский цех КФ ОАО ""Укртелеком""",,,,,45.7171122,33.8568379,"{'addr:housenumber': '61/2', 'addr:street': 'улица Ленина', 'building': 'yes', 'man_made': 'works', 'name': 'Первомайский цех КФ ОАО ""Укртелеком""', 'name:uk': 'Першотравневий цех КФ ВАТ ""Укртелеком""', 'source': 'Bing'}"
98533193,way,Unknown,,,,,47.1727636,30.6310872,"{'building': 'yes', 'man_made': 'works'}"
98533197,way,Unknown,,,,,47.1738839,30.6308296,"{'building': 'yes', 'man_made': 'works'}"
102177625,way,Зоря,,,,,48.9962321,38.4228067,"{'barrier': 'fence', 'landuse': 'industrial', 'man_made': 'works', 'name': 'Зоря', 'name:en': 'Zarya', 'name:ru': 'Заря', 'name:uk': 'Зоря', 'operator:ru': 'ООО «НПП ""Заря""»'}"
104443327,way,Швейна фабрика,,,,,49.9883835,36.1808707,"{'building': 'yes', 'building:levels': '4', 'man_made': 'works', 'name': 'Швейна фабрика', 'name:ru': 'Швейная фабрика', 'name:uk': 'Швейна фабрика'}"
105277317,way,Олійниця,,,,,48.0665425,33.6713354,"{'building': 'yes', 'man_made': 'works', 'name': 'Олійниця', 'name:uk': 'Олійниця'}"
107353820,way,PetTechnologies,,,,,51.5035606,31.261503,"{'addr:postcode': '14021', 'addr:street': 'Любецька вулиця', 'building': 'yes', 'man_made': 'works', 'name': 'PetTechnologies', 'name:uk': 'PetTechnologies', 'product': 'machinery;blowmolding;petbottle', 'website': 'https://pet-eu.com/'}"
107449659,way,Чексіл,,,,,51.4690208,31.2575989,"{'addr:housenumber': '66', 'building': 'yes', 'man_made': 'works', 'name': 'Чексіл', 'name:ru': 'Чексил', 'name:uk': 'Чексіл'}"
107449738,way,Хімволокно,,,,,51.46374,31.2470181,"{'building': 'yes', 'man_made': 'works', 'name': 'Хімволокно', 'name:ru': 'Химволокно', 'name:uk': 'Хімволокно'}"
108770725,way,Шиноремонтный завод,,,,,44.9419879,34.0699958,"{'addr:housenumber': '6А', 'addr:street': 'Элеваторный переулок', 'building': 'yes', 'man_made': 'works', 'name': 'Шиноремонтный завод', 'name:uk': 'Шиноремонтний завод', 'service': 'tyres', 'shop': 'car_repair'}"
109164972,way,Unknown,,,,,47.8660623,35.1291516,"{'landuse': 'industrial', 'man_made': 'works'}"
109463003,way,Unknown,,,,,48.051344,30.9085528,"{'building': 'yes', 'man_made': 'works'}"
109463012,way,Unknown,,,,,48.0509579,30.9041914,"{'building': 'yes', 'man_made': 'works'}"
109463018,way,Unknown,,,,,48.0556203,30.9038713,"{'building': 'yes', 'man_made': 'works'}"
109859426,way,Unknown,,,,,49.5792028,34.5359511,"{'addr:housenumber': '72', 'building': 'yes', 'man_made': 'works'}"
110450178,way,APTIV,,,,,49.4405017,32.0180932,"{'addr:housenumber': '8/2', 'addr:street': 'Сумгаїтська вулиця', 'building': 'industrial', 'man_made': 'works', 'name': 'APTIV', 'old_name:ru': 'Автомобильный завод Богдан'}"
110555726,way,Завод залізобетонних виробів №2,,,,,46.9530661,31.9725937,"{'addr:housenumber': '3-А', 'addr:street': 'Індустріальна вулиця', 'landuse': 'industrial', 'man_made': 'works', 'name': 'Завод залізобетонних виробів №2', 'name:ru': 'Завод железобетонных изделий №2', 'name:uk': 'Завод залізобетонних виробів №2'}"
111493893,way,Домінік,,,,,49.6006598,34.5267724,"{'industrial': 'factory', 'landuse': 'industrial', 'name': 'Домінік', 'name:en': 'Dominic', 'name:ru': 'Доминик', 'name:uk': 'Домінік', 'official_name': 'Виробнича територія №2 ВАТ ""Полтавакондитер""', 'website': 'http://www.dominic.com.ua'}"
112457910,way,Unknown,,,,,47.939128,37.6249399,"{'building': 'industrial', 'man_made': 'works'}"
112558142,way,Unknown,,,,,47.9320733,37.6405321,"{'building': 'yes', 'man_made': 'works'}"
112558143,way,Unknown,,,,,47.9332538,37.6420407,"{'building': 'yes', 'man_made': 'works'}"
112558144,way,Unknown,,,,,47.9325365,37.6389839,"{'addr:housenumber': '1', 'addr:street': 'Чусовська вулиця', 'building': 'yes', 'man_made': 'works'}"
112558145,way,Unknown,,,,,47.9321683,37.6411943,"{'building': 'yes', 'man_made': 'works'}"
112558146,way,Unknown,,,,,47.9330949,37.6384215,"{'building': 'yes', 'man_made': 'works'}"
112558150,way,Unknown,,,,,47.933885,37.6366288,"{'building': 'yes', 'man_made': 'works'}"
112558152,way,Unknown,,,,,47.9318167,37.6415439,"{'building': 'yes', 'man_made': 'works'}"
112558153,way,Unknown,,,,,47.9322966,37.6396207,"{'addr:housenumber': '47', 'addr:street': 'Чусовська вулиця', 'building': 'yes', 'man_made': 'works'}"
112558331,way,Unknown,,,,,47.9443718,37.5783037,"{'building': 'yes', 'man_made': 'works'}"
112558332,way,Unknown,,,,,47.9447325,37.5833001,"{'building': 'yes', 'man_made': 'works'}"
112608182,way,Unknown,,,,,47.9613844,37.7137965,"{'building': 'yes', 'man_made': 'works'}"
112608183,way,Unknown,,,,,47.9603032,37.7195387,"{'building': 'yes', 'man_made': 'works'}"
112608185,way,Unknown,,,,,47.9592865,37.7208199,"{'building': 'yes', 'man_made': 'works'}"
112608186,way,Unknown,,,,,47.9576151,37.7178838,"{'building': 'yes', 'man_made': 'works'}"
112608190,way,Unknown,,,,,47.9583346,37.7178213,"{'building': 'yes', 'man_made': 'works'}"
112608200,way,Unknown,,,,,47.9612398,37.7219435,"{'building': 'yes', 'man_made': 'works'}"
112608201,way,Unknown,,,,,47.9594179,37.7175359,"{'building': 'yes', 'man_made': 'works'}"
112608202,way,Unknown,,,,,47.9592425,37.7218802,{'man_made': 'works'}
112608204,way,Unknown,,,,,47.9601236,37.7134084,"{'building': 'yes', 'man_made': 'works'}"
112608207,way,Unknown,,,,,47.9595999,37.7211603,"{'building': 'yes', 'man_made': 'works'}"
112608208,way,Unknown,,,,,47.960407,37.7220315,"{'building': 'yes', 'man_made': 'works'}"
112608210,way,Unknown,,,,,47.9611027,37.7197479,"{'building': 'industrial', 'building:levels': '1', 'man_made': 'works'}"
112988229,way,ХАДО,,,,,49.884964,36.1368494,"{'man_made': 'works', 'name': 'ХАДО', 'name:uk': 'ХАДО'}"
113505357,way,Імпульс,,,,,48.9396115,38.4963261,"{'contact:facebook': 'https://www.facebook.com/PJSC.SRPA.Impulse/', 'man_made': 'works', 'name': 'Імпульс', 'name:en': 'Impulse', 'name:ru': 'Импульс', 'name:uk': 'Імпульс', 'product': 'electronics', 'website': 'http://imp.lg.ua/index.php/ru/'}"
113573356,way,Державне підприємство “Завод хімічних реактивів”,,,,,50.0220937,36.2215212,"{'addr:housenumber': '25', 'addr:street': 'проспект Науки', 'industrial': 'factory', 'landuse': 'industrial', 'name': 'Державне підприємство “Завод хімічних реактивів”', 'name:en': 'State Plant for Chemical Reagents', 'name:ru': ""Государственное предприятие ''Завод химических реактивов''"", 'name:uk': 'Державне підприємство “Завод хімічних реактивів”', 'official_name': 'Державне підприємство “Завод хімічних реактивів” НТК “Інститут монокристаллів” Національна академія наук України', 'website': 'http://zhr.kharkov.ua/uk'}"
113757376,way,ПРАТ Полісся,,,,,51.457304,31.2650025,"{'addr:housenumber': '1', 'addr:postcode': '14014', 'addr:street': 'вулиця Енергетиків', 'building': 'yes', 'man_made': 'works', 'name': 'ПРАТ Полісся', 'name:uk': 'ПРАТ завод залізобетонних виробів Полісся', 'operator': 'ПРАТ Полісся', 'phone': '+38 (046) 297-00-26', 'product': 'бетон', 'start_date': '25.10.1995'}"
114118138,way,ККБК,,,,,50.1327524,30.6751831,"{'man_made': 'works', 'name': 'ККБК', 'name:uk': 'ККБК'}"
115011625,way,Зірненський спиртзавод,,,,,50.9783555,26.7187955,"{'landuse': 'industrial', 'man_made': 'works', 'name': 'Зірненський спиртзавод', 'name:uk': 'Зірненський спиртзавод'}"
117951392,way,Новоферт,,,,,48.975013,38.4497468,"{'landuse': 'industrial', 'man_made': 'works', 'name': 'Новоферт', 'name:en': 'Novofert', 'name:ru': 'Новоферт', 'name:uk': 'Новоферт', 'website': 'http://www.novofert.com'}"
118582382,way,Об'єкт 100,,,,,48.4324914,34.9658189,"{'barrier': 'wall', 'landuse': 'industrial', 'man_made': 'works', 'name': ""Об'єкт 100"", 'name:uk': ""Об'єкт 100"", 'operator': 'ЮМЗ'}"
118700729,way,Unknown,,,,,48.422688,35.003439,"{'addr:housenumber': '31', 'building': 'industrial', 'building:levels': '2', 'generator:method': 'combustion', 'generator:output:hot_water': 'hot_water', 'generator:source': 'gas', 'man_made': 'works', 'power': 'generator'}"
118796548,way,Unknown,,,,,48.2914962,38.8878195,{'man_made': 'works'}
119464247,way,Unknown,,,,,48.2924226,38.8755379,{'man_made': 'works'}
120418175,way,Харківська бісквітна фабрика,,,,,50.0079756,36.2021639,"{'addr:city': 'Харків', 'addr:housenumber': '8', 'addr:postcode': '61017', 'addr:street': 'Лозівська вулиця', 'alt_name': 'Бісквіт-шоколад', 'landuse': 'industrial', 'man_made': 'works', 'name': 'Харківська бісквітна фабрика', 'name:en': 'Kharkiv Biscuit Factory', 'name:ru': 'Харьковская бисквитная фабрика', 'name:uk': 'Харківська бісквітна фабрика', 'product': 'food', 'website': 'https://biscuit.com.ua/ua/about/biscuit_factory.html', 'wikidata': 'Q4496236', 'wikipedia': 'uk:Харківська бісквітна фабрика'}"
120574564,way,ІНТЕРПАЙП НТЗ,,,,,48.4904594,35.0972571,"{'facebook': 'https://www.facebook.com/Interpipe', 'man_made': 'works', 'name': 'ІНТЕРПАЙП НТЗ', 'name:en': 'INTERPIPE NTRP', 'name:ru': 'ИНТЕРПАЙП НТЗ', 'name:uk': 'ІНТЕРПАЙП НТЗ', 'official_name': 'ПАТ Інтерпайп Ніжньодніпровський трубопрокатний завод', 'official_name:ru': 'ПАО Интерпайп Нижнеднепровский Трубопрокатный Завод', 'official_name:uk': 'ПАТ Інтерпайп Ніжньодніпровський трубопрокатний завод', 'website': 'https://ntrp.interpipe.biz/'}"
121380989,way,Unknown,,,,,48.4417855,34.9588475,"{'barrier': 'wall', 'landuse': 'industrial', 'man_made': 'works'}"
121874661,way,Котельня,,,,,48.2013177,37.3464754,"{'man_made': 'works', 'name': 'Котельня', 'name:uk': 'Котельня'}"
122219315,way,Завод металургійного машинобудування,,,,,48.3371001,38.408698,"{'landuse': 'industrial', 'man_made': 'works', 'name': 'Завод металургійного машинобудування', 'name:ru': 'Завод металлургического машиностроения', 'name:uk': 'Завод металургійного машинобудування'}"
122849621,way,"Трикотажна фабрика ""Роза""",,,,,50.5215345,30.8042977,"{'addr:housenumber': '23', 'addr:postcode': '07400', 'addr:street': 'бульвар Незалежності', 'building': 'industrial', 'man_made': 'works', 'name': 'Трикотажна фабрика ""Роза""', 'name:uk': 'Трикотажна фабрика ""Роза""', 'operator': 'ПрАТ ""Трикотажна фабрика ""Роза""', 'product': 'clothes', 'website': 'https://shop.roza.ua/'}"
123556828,way,"ЦЗФ ""Дуванська""",,,,,48.3312735,39.7137984,"{'industrial': 'factory', 'landuse': 'industrial', 'man_made': 'mineshaft', 'name': 'ЦЗФ ""Дуванська""', 'name:ru': 'ЦОФ ""Дуванская""', 'name:uk': 'ЦЗФ ""Дуванська""'}"
124055792,way,Континент,,,,,47.5741011,33.6510954,"{'landuse': 'industrial', 'man_made': 'works', 'name': 'Континент', 'name:uk': 'Континент'}"
126201993,way,"Винзавод АП ""Садовод""",,,,,44.7024426,33.6962298,"{'craft': 'distillery', 'landuse': 'industrial', 'man_made': 'works', 'name': 'Винзавод АП ""Садовод""', 'source': 'Bing'}"
126206504,way,Полстар,,,,,47.9473067,33.4270341,"{'industrial': 'factory', 'landuse': 'industrial', 'name': 'Полстар', 'name:en': 'Polstar', 'name:ru': 'Полстар', 'name:uk': 'Полстар'}"
126224220,way,Unknown,,,,,44.7340384,33.6285058,"{'building': 'yes', 'man_made': 'works', 'source': 'Bing'}"
126261322,way,Винзавод Качинский,,,,,44.7833201,33.6060153,"{'craft': 'distillery', 'landuse': 'industrial', 'man_made': 'works', 'name': 'Винзавод Качинский', 'source': 'Bing'}"
126388317,way,"Бурлюк, Сады Альминской долины",,,,,44.8660407,33.7844015,"{'building': 'yes', 'man_made': 'works', 'name': 'Бурлюк, Сады Альминской долины', 'source': 'Bing'}"
126391182,way,Крым-вино,,,,,44.8702648,33.8504721,"{'building': 'yes', 'man_made': 'works', 'name': 'Крым-вино', 'source': 'Bing'}"
126559472,way,Хлебзавод,,,,,45.1986582,33.37989,"{'building': 'yes', 'man_made': 'works', 'name': 'Хлебзавод', 'name:uk': 'Хлібзавод', 'product': 'bakery_products'}"
129028747,way,Unknown,,,,,47.6192037,31.3009118,"{'addr:housenumber': '287/1', 'addr:street': 'Київська вулиця', 'building': 'yes', 'building:levels': '2', 'man_made': 'works', 'source': 'Bing'}"
129037026,way,ТОВ «В-Центр»,,,,,47.6203401,31.2995574,"{'addr:housenumber': '287', 'addr:street': 'Київська вулиця', 'email': 'vcenter.official@gmail.com', 'industrial': 'factory', 'landuse': 'industrial', 'name': 'ТОВ «В-Центр»', 'name:uk': 'ТОВ «В-Центр»', 'phone': '+380675119928', 'source': 'Bing', 'website': 'https://v-center.in.ua/'}"
129405527,way,Unknown,,,,,47.9661181,37.7764258,"{'building': 'yes', 'man_made': 'works'}"
130513767,way,Sirius Extrusion,,,,,49.4039394,27.0212466,"{'landuse': 'industrial', 'man_made': 'works', 'name': 'Sirius Extrusion', 'name:uk': 'Сіріус Екстружен'}"
130518718,way,Інтерпродсервіс,,,,,49.407253,27.042519,"{'landuse': 'industrial', 'man_made': 'works', 'name': 'Інтерпродсервіс', 'name:uk': 'Інтерпродсервіс'}"
131447998,way,Міська котельня,,,,,48.957632,38.3579578,"{'landuse': 'industrial', 'man_made': 'works', 'name': 'Міська котельня', 'name:en': 'Town Boiler Plant', 'name:ru': 'Городская котельная', 'name:uk': 'Міська котельня'}"
132277759,way,Желатиновий завод,,,,,48.8354825,38.4415002,"{'landuse': 'industrial', 'man_made': 'works', 'name': 'Желатиновий завод', 'name:en': 'Gelatin Factory', 'name:ru': 'Желатиновый завод', 'name:uk': 'Желатиновий завод'}"
132429626,way,Черкаський Шовковий Комбінат,,,,,49.3998653,32.0445928,"{'addr:housenumber': '170/3', 'addr:street': 'вулиця Вʼячеслава Чорновола', 'building': 'yes', 'man_made': 'works', 'name': 'Черкаський Шовковий Комбінат', 'name:ru': 'Черкасский шелковый комбинат', 'name:uk': 'Черкаський Шовковий Комбінат'}"
133747881,way,Unknown,,,,,49.4400027,26.9519141,"{'building': 'yes', 'man_made': 'works'}"
133747884,way,Unknown,,,,,49.4393022,26.9528738,"{'building': 'yes', 'man_made': 'works'}"
133747885,way,Unknown,,,,,49.4396509,26.9532058,"{'building': 'yes', 'man_made': 'works'}"
133747887,way,Unknown,,,,,49.4392369,26.9545498,"{'building': 'yes', 'man_made': 'works'}"
133747890,way,Unknown,,,,,49.4403197,26.9509717,"{'building': 'yes', 'man_made': 'works'}"
133748768,way,Unknown,,,,,49.4409463,26.9496772,"{'building': 'yes', 'man_made': 'works'}"
133748771,way,Unknown,,,,,49.4415016,26.9456385,"{'addr:housenumber': '8/7', 'addr:street': 'вулиця Романа Шухевича', 'building': 'yes', 'man_made': 'works'}"
133748772,way,Unknown,,,,,49.4412281,26.9471999,"{'building': 'yes', 'man_made': 'works'}"
133748773,way,Unknown,,,,,49.4408111,26.9489874,"{'building': 'yes', 'man_made': 'works'}"
133836223,way,Хмельницький комбінат будівельних матеріалів,,,,,49.4460735,26.939254,"{'addr:housenumber': '16', 'addr:postcode': '29000', 'addr:street': 'вулиця Романа Шухевича', 'building': 'yes', 'man_made': 'works', 'name': 'Хмельницький комбінат будівельних матеріалів', 'name:uk': 'Хмельницький комбінат будівельних матеріалів'}"
133850137,way,ПМК-1,,,,,49.4443375,26.9387288,"{'addr:housenumber': '14', 'addr:street': 'вулиця Романа Шухевича', 'building': 'yes', 'man_made': 'works', 'name': 'ПМК-1', 'name:uk': 'ПМК-1'}"
133857077,way,Unknown,,,,,49.4421944,26.9463138,"{'building': 'yes', 'man_made': 'works'}"
133857091,way,Unknown,,,,,49.4430651,26.9417007,"{'building': 'yes', 'man_made': 'works'}"
133857438,way,Unknown,,,,,49.4439897,26.9391823,"{'addr:housenumber': '54б', 'addr:street': 'вулиця Романа Шухевича', 'building': 'yes', 'man_made': 'works'}"
133857442,way,Unknown,,,,,49.4441909,26.9396109,"{'building': 'yes', 'man_made': 'works'}"
133857982,way,Unknown,,,,,49.4480198,26.9357422,"{'addr:housenumber': '2', 'addr:street': 'Північна вулиця', 'building': 'industrial', 'man_made': 'works'}"
134109765,way,Маслосирбаза,,,,,49.450078,26.925389,"{'addr:housenumber': '3', 'addr:street': 'Кооперативна вулиця', 'building': 'yes', 'man_made': 'works', 'name': 'Маслосирбаза', 'name:uk': 'Маслосирбаза'}"
139963689,way,Головний цех,,,,,50.5044061,30.4627477,"{'building': 'industrial', 'building:levels': '3', 'man_made': 'works', 'name': 'Головний цех', 'name:uk': 'Головний цех'}"
139963699,way,Головний цех,,,,,50.5025867,30.4624289,"{'addr:housenumber': '18', 'addr:street': 'Автозаводська вулиця', 'building': 'industrial', 'building:levels': '3', 'man_made': 'works', 'name': 'Головний цех', 'name:uk': 'Головний цех'}"
140004713,way,Unknown,,,,,49.7080919,37.644218,"{'building': 'apartments', 'building:levels': '2', 'man_made': 'works'}"
140097065,way,Деревообробний цех,,,,,49.0441254,38.2046712,"{'craft': 'carpenter', 'man_made': 'works', 'name': 'Деревообробний цех', 'name:en': 'Woodshop', 'name:ru': 'Деревообрабатывающий цех', 'name:uk': 'Деревообробний цех'}"
140131293,way,Південний машинобудівний завод ім. А.М. Макарова,,,,,48.4342951,34.9850522,"{'barrier': 'wall', 'landuse': 'industrial', 'man_made': 'works', 'name': 'Південний машинобудівний завод ім. А.М. Макарова', 'name:uk': 'Південний машинобудівний завод ім. А.М. Макарова', 'wikidata': 'Q851367', 'wikipedia': 'uk:Південний машинобудівний завод'}"
144505951,way,Рыбзавод,,,,,45.3293319,36.4649296,"{'industrial': 'factory', 'landuse': 'industrial', 'name': 'Рыбзавод'}"
146486816,way,Безлюдівський м'ясокомбінат,,,,,49.9089087,36.2804716,"{'industrial': 'factory', 'landuse': 'industrial', 'name': ""Безлюдівський м'ясокомбінат"", 'name:ru': 'Безлюдовский мясокомбинат', 'name:uk': ""Безлюдівський м'ясокомбінат""}"
148127328,way,Сільф,,,,,49.5548631,34.5076386,"{'landuse': 'industrial', 'man_made': 'works', 'name': 'Сільф', 'product': 'furniture'}"
148433484,way,Колишній завод залізобетонних виробів і конструкцій,,,,,49.7993732,36.5960595,"{'industrial': 'factory', 'landuse': 'industrial', 'name': 'Колишній завод залізобетонних виробів і конструкцій', 'name:ru': 'Бывший завод железобетонных изделий и конструкций', 'name:uk': 'Колишній завод залізобетонних виробів і конструкцій'}"
148550750,way,Завод кольорових металів,,,,,48.6099387,37.9923132,"{'industrial': 'factory', 'landuse': 'industrial', 'name': 'Завод кольорових металів', 'name:ru': 'Завод цветных метоллов', 'name:uk': 'Завод кольорових металів', 'official_name': 'ООО «Завод цветных метоллов»', 'official_name:ru': 'ООО «Завод цветных метоллов»', 'official_name:uk': 'ООО «Завод кольорових металів»', 'short_name': 'ЗЦМ', 'short_name:ru': 'ЗЦМ', 'short_name:uk': 'ЗКМ'}"
149932801,way,Гоголівька стрічко-ткацька фабрика,,,,,50.5141543,31.0111506,"{'addr:housenumber': '7', 'addr:postcode': '07452', 'addr:street': 'Замкова вулиця', 'industrial': 'factory', 'landuse': 'industrial', 'name': 'Гоголівька стрічко-ткацька фабрика', 'name:uk': 'Гоголівька стрічко-ткацька фабрика'}"
150199090,way,Територія колишнього Львівського автобусного заводу,,,,,49.8053836,24.0252089,"{'landuse': 'industrial', 'man_made': 'works', 'name': 'Територія колишнього Львівського автобусного заводу', 'name:de': 'Lemberger Busfabrik (aufgegeben)', 'name:en': 'Lviv Bus Factory (abandoned)', 'name:uk': 'Територія колишнього Львівського автобусного заводу', 'short_name': 'ЛАЗ', 'wikidata': 'Q2621897', 'wikipedia': 'uk:Львівський автобусний завод'}"
151090760,way,Чортківський цукровий завод,,,,,48.9929736,25.8604444,"{'landuse': 'industrial', 'man_made': 'works', 'name': 'Чортківський цукровий завод', 'name:uk': 'Чортківський цукровий завод'}"
151132584,way,Екватор,,,,,50.1580252,35.4876837,"{'description': 'Рибоконсервний завод', 'industrial': 'factory', 'landuse': 'industrial', 'name': 'Екватор', 'name:ru': 'Экватор', 'name:uk': 'Екватор'}"
151163037,way,Unknown,,,,,50.4708491,30.3602723,"{'building': 'yes', 'building:levels': '3', 'man_made': 'works'}"
151163046,way,Unknown,,,,,50.4670541,30.3673054,"{'building': 'yes', 'building:levels': '3', 'man_made': 'works'}"
151934781,way,Unknown,,,,,50.1266294,29.9441948,{'man_made': 'works'}
151998628,way,Unknown,,,,,47.9958458,37.7278021,"{'building': 'yes', 'man_made': 'works'}"
151998631,way,Unknown,,,,,47.9950498,37.7283304,"{'building': 'yes', 'man_made': 'works'}"
151998642,way,Unknown,,,,,47.9944632,37.7281603,"{'building': 'yes', 'man_made': 'works'}"
151998643,way,Unknown,,,,,47.9954074,37.7282135,"{'building': 'yes', 'man_made': 'works'}"
152360666,way,Unknown,,,,,49.8165307,24.0597945,"{'building': 'yes', 'building:levels': '5', 'man_made': 'works'}"
152360673,way,Unknown,,,,,49.8168663,24.0592755,"{'building': 'yes', 'building:levels': '4', 'man_made': 'works'}"
153401794,way,Пилорама,,,,,49.2632307,23.5712025,"{'building': 'yes', 'man_made': 'works', 'nadoloni:id': 'buildings:11549', 'name': 'Пилорама', 'name:uk': 'Пилорама'}"
154475662,way,СЕ Борднетце-Україна,,,,,49.0132408,25.7619199,"{'landuse': 'industrial', 'man_made': 'works', 'name': 'СЕ Борднетце-Україна', 'name:en': 'SEBN.UA', 'name:uk': 'СЕ Борднетце-Україна'}"
155135030,way,Скляний завод OstGlass,,,,,47.8296428,35.2470481,"{'addr:housenumber': '18', 'addr:street': 'Миколи Краснова вулиця', 'building': 'yes', 'man_made': 'works', 'name': 'Скляний завод OstGlass', 'name:uk': 'Скляний завод OstGlass'}"
156040277,way,Слов'янський хлібокомбінат,,,,,48.8540756,37.5722872,"{'landuse': 'industrial', 'man_made': 'works', 'name': ""Слов'янський хлібокомбінат"", 'name:ru': 'Славянский хлебокомбинат', 'name:uk': ""Слов'янський хлібокомбінат""}"
156177848,way,Unknown,,,,,49.8105928,24.070806,"{'addr:housenumber': '2', 'addr:street': 'Хлібна вулиця', 'building': 'yes', 'building:levels': '4', 'man_made': 'works'}"
156844782,way,Фотоприлад,,,,,49.4400791,32.0552138,"{'email': 'oaspu@photopribor.ck.ua', 'landuse': 'industrial', 'man_made': 'works', 'name': 'Фотоприлад', 'name:en': 'Photoprylad', 'name:uk': 'Фотоприлад', 'official_name': 'Дежавне підприємство Науково-виробничий комплекс Фотоприлад', 'phone': '+380 472 36 0308;+380 472 33 5392', 'product': 'machinery', 'short_name': 'ДП НВК Фотоприлад', 'website': 'http://www.photopribor.ck.ua'}"
158400279,way,ЕкоДрев,,,,,51.5030211,31.2618622,"{'addr:housenumber': '1-а', 'addr:postcode': '14021', 'addr:street': 'вулиця Франка', 'building': 'yes', 'man_made': 'works', 'name': 'ЕкоДрев', 'name:uk': 'ЕкоДрев'}"
159526866,way,Unknown,,,,,50.7942524,24.6177324,"{'industrial': 'factory', 'landuse': 'industrial'}"
160131171,way,Unknown,,,,,45.3581865,28.8047519,"{'building': 'yes', 'man_made': 'works'}"
160724146,way,Центр Механізації Колійних Робіт,,,,,50.4192196,30.4123459,"{'landuse': 'industrial', 'man_made': 'works', 'name': 'Центр Механізації Колійних Робіт', 'name:uk': 'Центр Механізації Колійних Робіт'}"
160730184,way,Котельня,,,,,49.8296294,24.0711691,"{'building': 'yes', 'building:levels': '2', 'man_made': 'works', 'name': 'Котельня', 'name:uk': 'Котельня'}"
161627511,way,HRT Textiles,,,,,49.8016753,24.0053446,"{'building': 'yes', 'industrial': 'factory', 'name': 'HRT Textiles', 'name:en': 'HRT Textiles', 'name:uk': 'HRT Textiles'}"
162076961,way,"НВП ""Карат""",,,,,49.7981657,24.0148549,"{'addr:housenumber': '202', 'addr:postcode': '79031', 'addr:street': 'Стрийська вулиця', 'building': 'industrial', 'building:levels': '1', 'man_made': 'works', 'name': 'НВП ""Карат""', 'name:uk': 'НВП ""Карат""', 'official_name': 'Науково-виробниче підприємство ""Карат""', 'roof:shape': 'flat', 'website': 'http://carat.electron.ua/'}"
163212670,way,Чернігівський механічний завод,,,,,51.534984,31.2525298,"{'addr:housenumber': '15', 'addr:postcode': '14007', 'addr:street': 'вулиця Володимира Дрозда', 'barrier': 'fence', 'industrial': 'factory', 'landuse': 'industrial', 'name': 'Чернігівський механічний завод', 'name:uk': 'Чернігівський механічний завод', 'official_name': 'ПрАТ ""Чернігівський механічний завод""', 'website': 'https://chmz-ua.com'}"
163457510,way,Unknown,,,,,51.4663471,31.2257472,"{'barrier': 'fence', 'man_made': 'works'}"
166226637,way,Unknown,,,,,49.2225102,38.2048808,"{'barrier': 'fence', 'man_made': 'works'}"
167031568,way,NOVOTERM,,,,,49.9494869,36.1993523,"{'industrial': 'factory', 'landuse': 'industrial', 'name': 'NOVOTERM', 'website': 'https://www.novoterm.com.ua/'}"
167877089,way,Старокостянтинівський цукровий завод,,,,,49.762313,27.2477033,"{'landuse': 'industrial', 'man_made': 'works', 'name': 'Старокостянтинівський цукровий завод', 'name:uk': 'Старокостянтинівський цукровий завод', 'official_name': 'Старокостянтинівцукор', 'product': 'sugar'}"
170777141,way,Unknown,,,,,49.8373708,24.0591402,"{'addr:housenumber': '110', 'addr:street': 'Личаківська вулиця', 'building': 'yes', 'building:levels': '2', 'man_made': 'works', 'source': 'bing'}"
170777389,way,Unknown,,,,,49.8372975,24.0588669,"{'building': 'yes', 'building:levels': '2', 'man_made': 'works', 'source': 'bing'}"
171324250,way,Харківське державне авіаційне виробниче підприємство,,,,,50.0249296,36.2642359,"{'landuse': 'industrial', 'loc_name': 'ХАЗ', 'man_made': 'works', 'name': 'Харківське державне авіаційне виробниче підприємство', 'name:en': 'Kharkiv State Aviation Production Enterprise', 'name:ru': 'Харьковское государственное авиационное производственное предприятие', 'name:uk': 'Харківське державне авіаційне виробниче підприємство', 'product': 'machinery', 'short_name': 'ХДАВП', 'short_name:ru': 'ХГАПП', 'short_name:uk': 'ХДАВП', 'wikidata': 'Q3543800', 'wikipedia': 'uk:Харківське державне авіаційне виробниче підприємство'}"
171453235,way,Асфальтобетонний завод,,,,,49.4826877,25.6063973,"{'landuse': 'industrial', 'man_made': 'works', 'name': 'Асфальтобетонний завод', 'name:uk': 'Асфальтобетонний завод'}"
172222988,way,"Пивзавод ""Хмільний бондар""",,,,,48.5078455,35.2302812,"{'barrier': 'wall', 'man_made': 'works', 'name': 'Пивзавод ""Хмільний бондар""', 'name:ru': 'Пивзавод ""Хмельной бондарь""', 'name:uk': 'Пивзавод ""Хмільний бондар""'}"
172223001,way,Unknown,,,,,48.5078127,35.2302872,"{'addr:housenumber': '3', 'building': 'industrial', 'building:levels': '1', 'man_made': 'works'}"
173031272,way,Unknown,,,,,49.8547359,24.0325783,"{'addr:housenumber': '31', 'addr:postcode': '79019', 'addr:street': 'вулиця Софії Яблонської', 'building': 'yes', 'building:levels': '5', 'man_made': 'works'}"
176774364,way,Unknown,,,,,49.8483794,24.016706,"{'building': 'yes', 'man_made': 'works'}"
177516918,way,Unknown,,,,,49.9433333,36.2694739,"{'addr:housenumber': '11а', 'building': 'yes', 'building:levels': '2', 'man_made': 'works', 'product': 'clothes'}"
177995862,way,Винзавод Инкерман,,,,,44.8343857,33.5808648,"{'landuse': 'industrial', 'man_made': 'works', 'name': 'Винзавод Инкерман', 'source': 'Bing'}"
178307289,way,Львівський державний авіаційно-ремонтний завод,,,,,49.8204406,23.9354591,"{'addr:housenumber': '3', 'addr:street': 'Авіаційна вулиця', 'building': 'yes', 'building:levels': '2', 'man_made': 'works', 'name': 'Львівський державний авіаційно-ремонтний завод', 'name:uk': 'Львівський державний авіаційно-ремонтний завод'}"
178395716,way,Unknown,,,,,50.3633766,30.5478369,"{'building': 'industrial', 'building:levels': '2', 'man_made': 'works'}"
179535906,way,Unknown,,,,,48.1491063,37.7516931,{'man_made': 'works'}
179535907,way,Unknown,,,,,48.1488544,37.7512174,{'man_made': 'works'}
179535912,way,Unknown,,,,,48.1496164,37.7514944,{'man_made': 'works'}
179535917,way,Unknown,,,,,48.1453951,37.7685875,{'man_made': 'works'}
179535923,way,Unknown,,,,,48.1498971,37.7533627,"{'building': 'industrial', 'building:levels': '1', 'man_made': 'works'}"
179535928,way,Unknown,,,,,48.1448049,37.7689085,{'man_made': 'works'}
179535929,way,Unknown,,,,,48.1491698,37.7521788,{'man_made': 'works'}
180630219,way,Цархліб,,,,,50.6264992,30.425721,"{'addr:housenumber': '85', 'addr:street': 'Соборна вулиця', 'landuse': 'industrial', 'man_made': 'works', 'name': 'Цархліб', 'product': 'хліб'}"
180690992,way,АТКЕ,,,,,48.464309,38.8419882,"{'man_made': 'works', 'name': 'АТКЕ', 'name:uk': 'АТКЕ', 'office': 'administrative'}"
182831798,way,Харківське державне експерементальне протезно-ортопедичне підприємство,,,,,50.0037265,36.202135,"{'addr:housenumber': '112', 'building': 'yes', 'building:entrances': '1', 'building:levels': '7', 'man_made': 'works', 'name': 'Харківське державне експерементальне протезно-ортопедичне підприємство', 'name:ru': 'Протезно-ортопедическое предприятие', 'name:uk': 'Харківське державне експерементальне протезно-ортопедичне підприємство'}"
183494782,way,"АТ ""Ефект""",,,,,49.9713062,36.2443116,"{'addr:housenumber': '10', 'building': 'yes', 'building:entrances': '2', 'building:levels': '1', 'man_made': 'works', 'name': 'АТ ""Ефект""', 'name:ru': 'АО ""Эффект""', 'name:uk': 'АТ ""Ефект""', 'website': 'https://effect.ua/'}"
184748933,way,Завод «Дормашина»,,,,,46.9644845,31.9969888,"{'abandoned': 'yes', 'industrial': 'factory', 'landuse': 'industrial', 'name': 'Завод «Дормашина»', 'name:uk': 'Завод «Дормашина»'}"
185531138,way,Цех Металл Сервис Групп,,,,,44.5683238,33.4398549,"{'building': 'yes', 'man_made': 'works', 'name': 'Цех Металл Сервис Групп', 'name:ru': 'Цех Металл Сервис Групп', 'name:uk': 'Цех Метал Сервіс Груп'}"
185995402,way,"Лікеро-горілчаний завод ""Арго""",,,,,49.9779649,36.0849954,"{'barrier': 'wall', 'industrial': 'factory', 'landuse': 'industrial', 'name': 'Лікеро-горілчаний завод ""Арго""', 'name:uk': 'Лікеро-горілчаний завод ""Арго""'}"
186706005,way,Unknown,,,,,48.5796428,39.3150557,"{'building': 'yes', 'man_made': 'works'}"
186706006,way,Unknown,,,,,48.5806917,39.3111902,"{'building': 'yes', 'man_made': 'works'}"
186706012,way,Unknown,,,,,48.5805857,39.3123272,"{'building': 'yes', 'man_made': 'works'}"
186706013,way,Unknown,,,,,48.5800406,39.3120751,"{'building': 'yes', 'man_made': 'works'}"
186706015,way,Unknown,,,,,48.581217,39.3119077,"{'building': 'yes', 'man_made': 'works'}"
186706016,way,Unknown,,,,,48.5788506,39.3152628,"{'building': 'yes', 'man_made': 'works'}"
186706017,way,Unknown,,,,,48.5782988,39.3156317,"{'building': 'yes', 'man_made': 'works'}"
186706021,way,Unknown,,,,,48.5800459,39.3064162,"{'building': 'yes', 'man_made': 'works'}"
186706026,way,Unknown,,,,,48.580798,39.3098349,"{'building': 'yes', 'man_made': 'works'}"
188947716,way,Полтавський олійноекстракційний завод,,,,,49.5979231,34.5212993,"{'addr:country': 'UA', 'addr:housenumber': '17', 'addr:postcode': '36007', 'addr:street': 'Решетилівська вулиця', 'email': 'ir@kernel.ua', 'industrial': 'oil_mill', 'man_made': 'works', 'name': 'Полтавський олійноекстракційний завод', 'operator': 'Кернел Груп', 'phone': '+380532509007', 'product': 'vegetable_oil', 'ref:edrpou': '00373907', 'website': 'https://www.kernel.ua/'}"
190739974,way,Unknown,,,,,48.9136936,23.4739467,"{'building': 'industrial', 'man_made': 'works'}"
191684296,way,Unknown,,,,,48.4405217,34.9589716,"{'barrier': 'wall', 'landuse': 'industrial', 'man_made': 'works'}"
191684297,way,Unknown,,,,,48.4395428,34.9665241,"{'barrier': 'wall', 'landuse': 'industrial', 'man_made': 'works'}"
191936939,way,УТОГ,,,,,48.5957003,37.9949368,"{'building': 'yes', 'man_made': 'works', 'name': 'УТОГ', 'name:uk': 'УТОГ'}"
192189133,way,Могилів-Подільський машинобудівний завод,,,,,48.4523908,27.7865655,"{'landuse': 'industrial', 'man_made': 'works', 'name': 'Могилів-Подільський машинобудівний завод', 'name:ru': 'Могилев-Подольский машиностроительный завод им. С.М. Кирова', 'name:uk': 'Могилів-Подільський машинобудівний завод', 'source': 'Bing', 'wikidata': 'Q20083499', 'wikipedia': 'uk:Могилів-Подільський машинобудівний завод'}"
194671557,way,Unknown,,,,,49.4395574,32.0200348,"{'building': 'office', 'building:levels': '3', 'man_made': 'works'}"
194671558,way,Приладобудівний завод,,,,,49.4213539,32.0118994,"{'addr:housenumber': '11', 'addr:street': 'проспект Перемоги', 'man_made': 'works', 'name': 'Приладобудівний завод', 'name:ru': 'Приборостроительный завод', 'name:uk': 'Приладобудівний завод'}"
195070724,way,Unknown,,,,,44.6141037,33.6046837,"{'building': 'industrial', 'man_made': 'works'}"
195070725,way,Unknown,,,,,44.6141131,33.6052189,"{'addr:housenumber': '16', 'addr:street': 'Симферопольское шоссе', 'building': 'industrial', 'man_made': 'works'}"
195072192,way,Севастопольский морской завод,,,,,44.6155835,33.5965687,"{'building': 'yes', 'man_made': 'works', 'name': 'Севастопольский морской завод', 'name:uk': 'Севастопольський морський завод'}"
195579801,way,Unknown,,,,,44.5744205,33.5799177,"{'building': 'industrial', 'description': 'Предприятие по деревообработке и изготовлению столярных изделий', 'man_made': 'works'}"
195863836,way,Завод,,,,,46.5280864,30.3538639,"{'building': 'yes', 'man_made': 'works', 'name': 'Завод', 'name:uk': 'Завод'}"
196102666,way,"ВАТ ""Білоцерківський молочний завод""",,,,,49.674562,33.78533,"{'addr:housenumber': '28', 'addr:street': 'вулиця Лесі Українки', 'landuse': 'industrial', 'man_made': 'works', 'name': 'ВАТ ""Білоцерківський молочний завод""', 'name:uk': 'ВАТ ""Білоцерківський молочний завод""', 'operator': 'ПП Білоцерківська агропромислова група'}"
196745920,way,Unknown,,,,,47.9615184,37.8038273,"{'building': 'yes', 'man_made': 'works'}"
196745922,way,Unknown,,,,,47.9628651,37.800091,"{'building': 'yes', 'man_made': 'works'}"
196745927,way,Unknown,,,,,47.9631614,37.7953459,"{'building': 'yes', 'man_made': 'works'}"
196745936,way,Unknown,,,,,47.9605224,37.8036136,"{'building': 'yes', 'man_made': 'works'}"
196745937,way,Unknown,,,,,47.9621491,37.8027751,"{'building': 'yes', 'man_made': 'works'}"
196745938,way,Unknown,,,,,47.9612875,37.7995947,"{'building': 'yes', 'man_made': 'works'}"
196745939,way,Unknown,,,,,47.9603178,37.8020211,"{'building': 'yes', 'man_made': 'works'}"
196745942,way,Unknown,,,,,47.9591581,37.8042252,"{'building': 'yes', 'man_made': 'works'}"
196745943,way,Unknown,,,,,47.9629639,37.7968769,{'man_made': 'works'}
196745944,way,Unknown,,,,,47.9633228,37.7987211,{'man_made': 'works'}
196745945,way,Unknown,,,,,47.9603471,37.8005383,"{'building': 'yes', 'man_made': 'works'}"
196745946,way,Unknown,,,,,47.963468,37.7987066,{'man_made': 'works'}
196745948,way,Unknown,,,,,47.9617984,37.799216,{'man_made': 'works'}
196745950,way,Unknown,,,,,47.9635066,37.8025024,"{'building': 'yes', 'man_made': 'works'}"
196745954,way,Unknown,,,,,47.9609034,37.7993067,{'man_made': 'works'}
196745957,way,Unknown,,,,,47.9619108,37.7964577,"{'addr:housenumber': '15', 'addr:street': 'Катеринича вулиця', 'man_made': 'works'}"
196767409,way,Unknown,,,,,47.994912,37.2369804,{'man_made': 'works'}
196767412,way,Unknown,,,,,47.9939194,37.2440346,{'man_made': 'works'}
196767414,way,Unknown,,,,,47.9953215,37.2392909,"{'building': 'industrial', 'man_made': 'works'}"
196767416,way,Unknown,,,,,47.9943765,37.2407985,{'man_made': 'works'}
196767417,way,Unknown,,,,,47.994265,37.242344,{'man_made': 'works'}
196770293,way,Unknown,,,,,47.9962261,37.2315425,{'man_made': 'works'}
196770298,way,Unknown,,,,,47.9952581,37.2275202,{'man_made': 'works'}
196770303,way,Unknown,,,,,47.9963519,37.2291269,{'man_made': 'works'}
196770308,way,Unknown,,,,,47.995691,37.2291228,{'man_made': 'works'}
196770313,way,Unknown,,,,,47.997016,37.2280102,{'man_made': 'works'}
196770321,way,Unknown,,,,,47.9969368,37.2253971,{'man_made': 'works'}
196770328,way,Unknown,,,,,47.9968453,37.2293926,{'man_made': 'works'}
201627987,way,"Іллінське джерело ""Водомир""",,,,,48.6577099,39.5224391,"{'barrier': 'wall', 'landuse': 'industrial', 'man_made': 'works', 'name': 'Іллінське джерело ""Водомир""', 'name:uk': 'Іллінське джерело ""Водомир""', 'source': 'Wikimapia'}"
202097006,way,"Взуттєва фабрика ""Aspect""",,,,,48.5986481,38.00547,"{'industrial': 'factory', 'landuse': 'industrial', 'name': 'Взуттєва фабрика ""Aspect""', 'name:uk': 'Взуттєва фабрика ""Aspect""'}"
204003105,way,Unknown,,,,,49.7711276,23.7076032,"{'building': 'yes', 'man_made': 'works'}"
204003106,way,Unknown,,,,,49.7714852,23.708038,"{'building': 'yes', 'man_made': 'works'}"
204003107,way,Unknown,,,,,49.7718191,23.7076135,"{'building': 'yes', 'man_made': 'works'}"
204003108,way,Unknown,,,,,49.7720479,23.7096449,"{'building': 'yes', 'man_made': 'works'}"
204003110,way,Unknown,,,,,49.7704136,23.7096727,"{'building': 'yes', 'man_made': 'works'}"
204003111,way,Unknown,,,,,49.7707726,23.709644,"{'building': 'yes', 'man_made': 'works'}"
204003112,way,Unknown,,,,,49.7722323,23.7094987,"{'building': 'yes', 'man_made': 'works'}"
204003113,way,Unknown,,,,,49.7698738,23.7093422,"{'building': 'yes', 'man_made': 'works'}"
204003114,way,Unknown,,,,,49.7698566,23.7085691,"{'building': 'yes', 'man_made': 'works'}"
204003115,way,Unknown,,,,,49.7721119,23.7086998,"{'building': 'yes', 'man_made': 'works'}"
204003116,way,Unknown,,,,,49.7711422,23.7096563,"{'building': 'yes', 'man_made': 'works'}"
204003117,way,Unknown,,,,,49.7718349,23.7096358,"{'building': 'yes', 'man_made': 'works'}"
204003118,way,Unknown,,,,,49.7715289,23.7100419,"{'building': 'yes', 'man_made': 'works'}"
204003119,way,Unknown,,,,,49.7725877,23.7101471,"{'building': 'yes', 'man_made': 'works'}"
204003120,way,Unknown,,,,,49.7721845,23.709803,"{'building': 'yes', 'man_made': 'works'}"
204003121,way,Unknown,,,,,49.7720802,23.7095135,"{'building': 'yes', 'man_made': 'works'}"
204417002,way,Металобаза,,,,,49.9590414,36.3002191,"{'man_made': 'works', 'name': 'Металобаза', 'name:ru': 'Металлобаза', 'name:uk': 'Металобаза'}"
204911512,way,МПК Скворцово,,,,,45.0720011,33.8315727,"{'industrial': 'factory', 'landuse': 'industrial', 'name': 'МПК Скворцово'}"
207577732,way,"ТОВ ""Ода-Пром""",,,,,50.60474,34.9624279,"{'barrier': 'fence', 'industrial': 'factory', 'landuse': 'industrial', 'name': 'ТОВ ""Ода-Пром""', 'name:uk': 'ТОВ ""Ода-Пром""', 'product': ""інтер'єрна сантехніка""}"
207629741,way,Unknown,,,,,50.1219962,35.0026265,{'man_made': 'works'}
207629742,way,Unknown,,,,,50.1223862,35.0031998,{'man_made': 'works'}
207873643,way,Unknown,,,,,50.0285102,35.0960692,{'man_made': 'works'}
208554640,way,Перекопский бромный завод,,,,,45.9709137,33.7822199,"{'fixme': 'Неточная территория и КПП', 'landuse': 'industrial', 'man_made': 'works', 'name': 'Перекопский бромный завод', 'name:ru': 'Перекопский бромный завод', 'operator': 'АО ""Бром""', 'operator:ref:inn': '9106002678', 'operator:ref:kpp': '910601001', 'operator:ref:ogrn': '1149102100399', 'source': 'Bing', 'wikidata': 'Q4350412', 'wikipedia': 'ru:Перекопский бромный завод'}"
208824689,way,Меблева фабрика,,,,,51.2469017,29.3876275,"{'addr:housenumber': '29', 'addr:postcode': '255340', 'addr:street': 'вулиця Леніна', 'building': 'abandoned', 'full_name': 'Поліська меблева фабрика', 'man_made': 'works', 'name': 'Меблева фабрика', 'name:en': 'Furniture', 'name:uk': 'Меблева фабрика', 'operator': 'ПМО ""БРОВАРЫМЕБЕЛЬ""', 'product': 'furniture'}"
209068481,way,Зелений крок,,,,,50.0900402,36.2435955,"{'addr:housenumber': '1А', 'addr:postcode': '61108', 'addr:street': 'Академічна вулиця', 'barrier': 'fence', 'email': 'zakaz@greenstep.ua', 'industrial': 'factory', 'landuse': 'industrial', 'name': 'Зелений крок', 'website': 'https://greenstep.ua/'}"
209588144,way,BISCOTTI,,,,,49.867978,23.9418873,"{'addr:housenumber': '313', 'addr:street': 'вулиця Тараса Шевченка', 'building': 'yes', 'man_made': 'works', 'name': 'BISCOTTI', 'name:uk': 'BISCOTTI', 'operator': 'BISCOTTI', 'product': 'coolkies;cakes;pastry;confectionary'}"
209879928,way,Лесопилка,,,,,48.3399515,37.9841979,"{'man_made': 'works', 'name': 'Лесопилка', 'name:uk': 'Лесопилка'}"
211430377,way,Суднобудівний завод «Нібулон»,,,,,46.9473376,31.9893214,"{'industrial': 'shipyard', 'landuse': 'industrial', 'man_made': 'works', 'name': 'Суднобудівний завод «Нібулон»', 'name:ru': 'Судостроительный завод «Нибулон»', 'name:uk': 'Суднобудівний завод «Нібулон»'}"
211430943,way,Миколаївський ремонтно-механічний завод,,,,,46.9529022,32.0074562,"{'industrial': 'factory', 'landuse': 'industrial', 'name': 'Миколаївський ремонтно-механічний завод', 'name:ru': 'Николаевский ремонтно-механический завод', 'name:uk': 'Миколаївський ремонтно-механічний завод'}"
213559619,way,Unknown,,,,,48.0313267,37.9713963,{'man_made': 'works'}
213590620,way,Південний радіозавод,,,,,48.3595306,33.488642,"{'abandoned': 'yes', 'industrial': 'factory', 'landuse': 'industrial', 'name': 'Південний радіозавод', 'name:uk': 'Південний радіозавод'}"
213590631,way,Ремонтно-механічний завод,,,,,48.3539173,33.4868413,"{'industrial': 'factory', 'landuse': 'industrial', 'name': 'Ремонтно-механічний завод', 'name:uk': 'Ремонтно-механічний завод'}"
213590659,way,Фабрика штучного хутра,,,,,48.3538481,33.4959901,"{'industrial': 'factory', 'landuse': 'industrial', 'name': 'Фабрика штучного хутра', 'name:uk': 'Фабрика штучного хутра'}"
213816012,way,Unknown,,,,,50.6395215,29.4651412,{'man_made': 'works'}
215023269,way,"""Механік"" завод",,,,,48.0466142,37.9104815,"{'barrier': 'fence', 'landuse': 'industrial', 'man_made': 'works', 'name': '""Механік"" завод', 'name:ru': 'Завод «Механик»', 'name:uk': '""Механік"" завод'}"
215299155,way,Unknown,,,,,49.7837504,23.6826736,"{'building': 'industrial', 'man_made': 'works'}"
215805387,way,"Майонезний цех ""Аккаржа""",,,,,46.3288535,30.5477819,"{'building': 'yes', 'man_made': 'works', 'name': 'Майонезний цех ""Аккаржа""', 'name:uk': 'Майонезний цех ""Аккаржа""'}"
215805395,way,Ukinox,,,,,46.3276877,30.5476622,"{'barrier': 'fence', 'fence_type': 'split_rail', 'man_made': 'works', 'name': 'Ukinox', 'name:uk': 'Ukinox'}"
215805398,way,Виробництво пластмасових виробів,,,,,46.3274327,30.5450665,"{'barrier': 'chain', 'man_made': 'works', 'name': 'Виробництво пластмасових виробів', 'name:uk': 'Виробництво пластмасових виробів'}"
216676128,way,Unknown,,,,,50.5333179,30.657241,{'man_made': 'works'}
217538443,way,Машзавод,,,,,48.3034449,25.9453299,"{'landuse': 'industrial', 'man_made': 'works', 'name': 'Машзавод', 'name:uk': 'Машзавод', 'website': 'http://www.mashzavod.com/'}"
217861267,way,"Фармацевтична компанія ""Здоров'я""",,,,,49.995925,36.2535469,"{'industrial': 'factory', 'landuse': 'industrial', 'name': 'Фармацевтична компанія ""Здоров\'я""', 'name:ru': 'Фармацевтическая компания ""Здоровье""', 'name:uk': 'Фармацевтична компанія ""Здоров\'я""'}"
218574004,way,Ічнянський молочно-консервний комбінат,,,,,50.8662224,32.4013162,"{'addr:housenumber': '4', 'addr:street': 'Вишнева вулиця', 'industrial': 'factory', 'landuse': 'industrial', 'name': 'Ічнянський молочно-консервний комбінат', 'name:ru': 'Ичнянский молочно-консервный комбинат', 'name:uk': 'Ічнянський молочно-консервний комбінат'}"
219199683,way,ПАТ «Ічнянський завод сухого молока та масла»,,,,,50.8391416,32.3953267,"{'addr:housenumber': '164', 'addr:postcode': '16700', 'addr:street': 'вулиця Бунівка', 'email': 'off_izsm@ukr.net', 'industrial': 'factory', 'landuse': 'industrial', 'name': 'ПАТ «Ічнянський завод сухого молока та масла»', 'name:ru': 'ПАО «Ичнянский завод сухого молока и масла»', 'name:uk': 'ПАТ «Ічнянський завод сухого молока та масла»', 'phone': '+380 4633 21 587', 'website': 'https://izsm.com.ua'}"
219468041,way,Unknown,,,,,47.9956778,37.7203529,"{'building': 'yes', 'man_made': 'works'}"
220314930,way,Хлібзавод,,,,,50.5231628,30.8042827,"{'addr:housenumber': '27', 'addr:street': 'вулиця 136-го батальйону', 'building': 'industrial', 'man_made': 'works', 'name': 'Хлібзавод', 'name:uk': 'Хлібзавод', 'phone': '+380445799057;+380954019552', 'product': 'bakery_products'}"
220314935,way,"ТОВ ""Мрії збуваються""",,,,,50.5255546,30.7988689,"{'addr:housenumber': '47', 'addr:postcode': '07406', 'addr:street': 'вулиця 136-го батальйону', 'building': 'yes', 'fax': '+380 (67) 231 05 48', 'man_made': 'works', 'name': 'ТОВ ""Мрії збуваються""', 'name:uk': 'ТОВ ""Мрії збуваються""', 'phone': '+380 (44) 209 66 25', 'product': 'paper;printing', 'start_date': '2009', 'website': 'http://www.zoshit.com/?lang=ua'}"
222584371,way,Консервний завод,,,,,48.1944228,22.6221372,"{'addr:housenumber': '163', 'addr:street': 'вулиця Богдана Хмельницького', 'landuse': 'industrial', 'man_made': 'works', 'name': 'Консервний завод', 'name:hu': 'Konzervgyár', 'name:uk': 'Консервний завод', 'product': 'food'}"
222637278,way,Unknown,,,,,48.7420611,39.0110521,{'man_made': 'works'}
223049154,way,"Кранобудівна фірма ""Стріла""",,,,,50.5243368,30.8145636,"{'addr:housenumber': '1', 'addr:postcode': '07400', 'addr:street': 'вулиця Січових Стрільців', 'building': 'industrial', 'man_made': 'works', 'name': 'Кранобудівна фірма ""Стріла""', 'name:uk': 'Кранобудівна фірма ""Стріла""'}"
223158646,way,Берегівський Радіозавод,,,,,48.2034204,22.6321109,"{'addr:housenumber': '76', 'addr:street': 'вулиця Іштвана Сечені', 'industrial': 'telecommunication', 'landuse': 'industrial', 'man_made': 'works', 'name': 'Берегівський Радіозавод', 'name:en': 'Berehove Radio Plant', 'name:hu': 'Rádiógyár', 'name:ru': 'Береговский Радиозавод', 'name:uk': 'Берегівський Радіозавод', 'product': 'electronics'}"
223405926,way,Unknown,,,,,48.5927487,22.3004872,"{'building': 'industrial', 'man_made': 'works'}"
223405927,way,Unknown,,,,,48.600679,22.3154592,"{'building': 'industrial', 'building:levels': '3', 'man_made': 'works', 'roof:shape': 'flat'}"
223405928,way,Unknown,,,,,48.5888484,22.2976528,"{'addr:city': 'Ужгород', 'addr:housenumber': '3', 'addr:postcode': '88006', 'addr:street': 'Промислова вулиця', 'building': 'industrial', 'man_made': 'works'}"
223405929,way,Unknown,,,,,48.5910001,22.3038258,"{'building': 'industrial', 'man_made': 'works'}"
223405930,way,Unknown,,,,,48.5886638,22.2914118,"{'building': 'industrial', 'man_made': 'works'}"
223405931,way,Unknown,,,,,48.591631,22.304755,"{'building': 'industrial', 'man_made': 'works'}"
223405932,way,Unknown,,,,,48.5927309,22.3036452,"{'building': 'industrial', 'man_made': 'works'}"
223405934,way,Unknown,,,,,48.5891218,22.3032811,"{'building': 'industrial', 'man_made': 'works'}"
223405935,way,Unknown,,,,,48.5917883,22.3025103,"{'building': 'industrial', 'man_made': 'works'}"
223687082,way,Unknown,,,,,51.7666798,32.2525328,"{'building': 'yes', 'man_made': 'works'}"
223903917,way,Каховський завод електрозварювального устаткування,,,,,46.8129053,33.4789975,"{'designation': 'Каховский Завод Электро-Сварочного Оборудования', 'industrial': 'factory', 'landuse': 'industrial', 'name': 'Каховський завод електрозварювального устаткування', 'name:ru': 'Каховский завод электросварочного оборудования', 'name:uk': 'Каховський завод електрозварювального устаткування'}"
223963699,way,Котельня,,,,,46.8169578,33.4875388,"{'man_made': 'works', 'name': 'Котельня', 'name:uk': 'Котельня'}"
225922550,way,Холодильна станція для кондиціонування,,,,,51.3803148,30.1223497,"{'abandoned': 'yes', 'building': 'industrial', 'disused': 'yes', 'man_made': 'works', 'name': 'Холодильна станція для кондиціонування', 'name:cs': 'Klimatizační stanice', 'name:de': 'Kühlstation', 'name:en': 'Airconditioning Factory', 'name:ja': '空調用冷凍機棟', 'name:ru': 'Холодильная станция для кондиционирования', 'name:uk': 'Холодильна станція для кондиціонування'}"
225924909,way,Unknown,,,,,49.4668595,34.1180437,"{'building': 'yes', 'man_made': 'works'}"
225924914,way,Unknown,,,,,49.4685646,34.1169619,"{'building': 'yes', 'man_made': 'works'}"
225924918,way,Unknown,,,,,49.4674592,34.1178117,"{'building': 'yes', 'man_made': 'works'}"
225924929,way,Unknown,,,,,49.4684494,34.1173232,"{'building': 'yes', 'man_made': 'works'}"
225924944,way,Unknown,,,,,49.4675289,34.1174542,"{'building': 'yes', 'man_made': 'works'}"
225938959,way,Unknown,,,,,49.4810127,34.114103,{'man_made': 'works'}
225938960,way,Unknown,,,,,49.4808387,34.1137901,{'man_made': 'works'}
225938961,way,Unknown,,,,,49.4807304,34.113856,{'man_made': 'works'}
225938962,way,Unknown,,,,,49.4809844,34.1138153,{'man_made': 'works'}
225988481,way,Unknown,,,,,49.5801505,34.1001344,"{'building': 'yes', 'building:levels': '2', 'man_made': 'works'}"
225988632,way,Unknown,,,,,49.563519,34.0838579,"{'building': 'yes', 'man_made': 'works'}"
225988640,way,Unknown,,,,,49.5794076,34.0994741,"{'building': 'industrial', 'man_made': 'works'}"
225988644,way,Unknown,,,,,49.5798565,34.0991774,"{'building': 'industrial', 'man_made': 'works'}"
225988646,way,Unknown,,,,,49.5787497,34.0991561,"{'building': 'industrial', 'man_made': 'works'}"
225988650,way,Unknown,,,,,49.5796354,34.098975,"{'building': 'industrial', 'man_made': 'works'}"
225988653,way,Unknown,,,,,49.57958,34.0997024,"{'building': 'industrial', 'man_made': 'works'}"
225988655,way,Unknown,,,,,49.5797476,34.099828,"{'building': 'industrial', 'man_made': 'works'}"
225988658,way,Unknown,,,,,49.5791958,34.0993832,"{'building': 'industrial', 'man_made': 'works'}"
225988661,way,Unknown,,,,,49.5799597,34.0993623,"{'building': 'industrial', 'man_made': 'works'}"
226702677,way,Фабрика курей,,,,,49.8549548,23.7719524,"{'building': 'yes', 'man_made': 'works', 'name': 'Фабрика курей', 'name:uk': 'Фабрика курей'}"
226702881,way,Ферма равликів,,,,,49.8561488,23.7755788,"{'building': 'yes', 'man_made': 'works', 'name': 'Ферма равликів', 'name:uk': 'Ферма равликів'}"
226702900,way,"ПП ""Ераліс""",,,,,49.8562781,23.7743769,"{'building': 'yes', 'man_made': 'works', 'name': 'ПП ""Ераліс""', 'name:uk': 'ПП ""Ераліс""'}"
227752306,way,Типографія,,,,,46.1917853,30.3424478,"{'addr:housenumber': '45', 'addr:street': 'Миколаївська вулиця', 'building': 'manufacture', 'building:levels': '2', 'man_made': 'works', 'name': 'Типографія', 'name:ru': 'Типография', 'name:uk': 'Типографія'}"
227924684,way,Unknown,,,,,50.2933093,24.4224836,"{'aquaculture': 'fish', 'landuse': 'aquaculture', 'man_made': 'works'}"
229186397,way,ВАЗ,,,,,50.2918447,36.9423846,"{'building': 'yes', 'man_made': 'works', 'name': 'ВАЗ', 'name:uk': 'ВАЗ'}"
229429760,way,Полімерагро,,,,,50.0682563,36.3670661,"{'building': 'yes', 'man_made': 'works', 'name': 'Полімерагро', 'name:ru': 'Полимерагро', 'name:uk': 'Полімерагро'}"
229429762,way,Unknown,,,,,50.0685687,36.3666836,"{'building': 'yes', 'man_made': 'works'}"
229429772,way,Unknown,,,,,50.0716694,36.3718791,"{'building': 'yes', 'man_made': 'works'}"
230602062,way,Будівля лабораторії,,,,,51.3735587,30.1390137,"{'abandoned': 'yes', 'building': 'yes', 'building:levels': '2', 'disused': 'yes', 'man_made': 'works', 'name': 'Будівля лабораторії', 'name:cs': 'Laboratoř hydrobiologie', 'name:en': 'Laboratory of Hydrobiology', 'name:ja': '水生生物学研究室', 'name:ru': 'Здание лаборатории', 'name:uk': 'Будівля лабораторії'}"
230634315,way,Unknown,,,,,49.2632663,23.5890414,"{'addr:housenumber': '2', 'building': 'yes', 'man_made': 'works'}"
230754169,way,Павлоградський механічний завод,,,,,48.4902716,35.9537174,"{'addr:housenumber': '10', 'addr:street': 'вулиця Сергія Корольова', 'industrial': 'factory', 'landuse': 'industrial', 'loc_name': 'ПМЗ', 'loc_name:ru': 'ПМЗ', 'loc_name:uk': 'ПМЗ', 'name': 'Павлоградський механічний завод', 'name:en': 'Pavlograd Mechanical Factory', 'name:ru': 'Павлоградский механический завод', 'name:uk': 'Павлоградський механічний завод', 'official_name': 'Павлоградський механічний завод державного підприємства «Виробниче об’єднання Південний машинобудівний завод імені О.М. Макарова»', 'official_name:en': 'Pavlograd Mechanical Factory of the State Enterprise ""The Production Association Yuzhny Machine-Building Plant named after A.M. Makarov""', 'official_name:ru': 'Павлоградский механический завод государственного предприятия «Производственное объединение Южный машиностроительный завод имени А.М. Макарова»', 'official_name:uk': 'Павлоградський механічний завод державного підприємства «Виробниче об’єднання Південний машинобудівний завод імені О.М. Макарова»'}"
230825951,way,Unknown,,,,,44.5144741,33.5814728,"{'building': 'yes', 'description': 'Пилорама', 'man_made': 'works'}"
231109069,way,Яготинське для дітей,,,,,50.4910453,31.770053,"{'barrier': 'wall', 'landuse': 'industrial', 'man_made': 'works', 'name': 'Яготинське для дітей', 'name:en': 'Yagotynske for Children', 'name:ru': 'Яготинское для детей', 'name:uk': 'Яготинське для дітей', 'name:uk-Latn': 'Yahotynske Dlia Ditei', 'product': 'dairy'}"
232017892,way,Unknown,,,,,47.0437649,32.4331726,"{'building': 'industrial', 'man_made': 'works'}"
232017903,way,Unknown,,,,,47.0420065,32.4347017,"{'building': 'industrial', 'man_made': 'works'}"
232017904,way,Unknown,,,,,47.0436371,32.4342744,"{'building': 'industrial', 'man_made': 'works'}"
232017905,way,Unknown,,,,,47.041513,32.43378,"{'building': 'industrial', 'man_made': 'works'}"
232017906,way,Unknown,,,,,47.0428761,32.4353103,"{'building': 'industrial', 'man_made': 'works'}"
232017908,way,Unknown,,,,,47.0427166,32.4334554,"{'building': 'industrial', 'man_made': 'works'}"
232071351,way,ТОВ «Сандора» (ВК № 1),,,,,46.9252503,32.1230367,"{'factory': 'food', 'industrial': 'factory', 'landuse': 'industrial', 'name': 'ТОВ «Сандора» (ВК № 1)', 'name:uk': 'ТОВ «Сандора» (ВК № 1)', 'operator': 'ТОВ «Сандора»'}"
232553756,way,Unknown,,,,,47.9844041,37.6834312,"{'building': 'yes', 'man_made': 'works'}"
232553828,way,Unknown,,,,,47.9836815,37.6843408,"{'building': 'yes', 'man_made': 'works'}"
232553903,way,Unknown,,,,,47.9831102,37.683101,"{'building': 'yes', 'man_made': 'works'}"
232553936,way,Unknown,,,,,47.9842007,37.682117,"{'building': 'yes', 'man_made': 'works'}"
232553942,way,Unknown,,,,,47.984378,37.684841,"{'building': 'yes', 'man_made': 'works'}"
232554072,way,Unknown,,,,,47.9831356,37.6824237,"{'building': 'yes', 'man_made': 'works'}"
232554085,way,Unknown,,,,,47.9833281,37.6828849,"{'building': 'yes', 'man_made': 'works'}"
232554115,way,Unknown,,,,,47.9838199,37.6824678,"{'building': 'yes', 'man_made': 'works'}"
232554155,way,Unknown,,,,,47.9845476,37.681478,"{'building': 'yes', 'man_made': 'works'}"
232554194,way,Unknown,,,,,47.9826695,37.682569,"{'addr:housenumber': '284(б)', 'addr:street': 'Кірова вулиця', 'building': 'yes', 'man_made': 'works'}"
232554201,way,Unknown,,,,,47.9837729,37.682001,"{'building': 'yes', 'man_made': 'works'}"
232662150,way,"Завод ""Одессільмаш""",,,,,46.5206634,30.7315847,"{'industrial': 'factory', 'landuse': 'industrial', 'name': 'Завод ""Одессільмаш""', 'name:ru': 'Завод ""Одессельмаш""', 'name:uk': 'Завод ""Одессільмаш""'}"
234006221,way,Unknown,,,,,49.8381469,24.0681645,"{'addr:housenumber': '35', 'addr:postcode': '79014', 'addr:street': 'вулиця Петра Ніщинського', 'building': 'yes', 'building:levels': '8', 'man_made': 'works'}"
235869144,way,Зіберт,,,,,50.0776418,29.8964699,"{'addr:housenumber': '3', 'addr:postcode': '08500', 'addr:street': 'вулиця Івана Огієнка', 'craft': 'brewery', 'email': 'zibert@fastiv.obolon.ua', 'landuse': 'industrial', 'man_made': 'works', 'name': 'Зіберт', 'name:en': 'Zibert', 'name:uk': 'Зіберт', 'phone': '+380 4565 61259', 'website': 'http://zibert.ua'}"
239786735,way,Маслозавод №2,,,,,50.4594978,24.8030104,"{'man_made': 'works', 'name': 'Маслозавод №2', 'name:uk': 'Маслозавод №2'}"
240358966,way,ДОН ПЛАСТ,,,,,48.0801044,37.8000818,"{'building': 'industrial', 'building:levels': '1', 'man_made': 'works', 'name': 'ДОН ПЛАСТ', 'name:uk': 'ДОН ПЛАСТ'}"
240791881,way,Меблева фабрика,,,,,48.6274242,35.2612512,"{'addr:postcode': '51206', 'building': 'yes', 'man_made': 'works', 'name': 'Меблева фабрика', 'name:uk': 'Меблева фабрика'}"
241140162,way,Кирпичный завод,,,,,45.0336182,35.3669141,"{'addr:housenumber': '6', 'addr:street': 'улица Челнокова', 'industrial': 'factory', 'landuse': 'industrial', 'name': 'Кирпичный завод', 'name:ru': 'Кирпичный завод', 'name:uk': 'Цегельний завод'}"
242359757,way,Unknown,,,,,50.0073656,35.7529143,"{'barrier': 'fence', 'fence_type': 'pole', 'man_made': 'works'}"
242575831,way,Жидачівський целюлозно-паперовий комбінат,,,,,49.3735971,24.1395391,"{'landuse': 'industrial', 'man_made': 'works', 'name': 'Жидачівський целюлозно-паперовий комбінат', 'name:uk': 'Жидачівський целюлозно-паперовий комбінат'}"
243084721,way,"Горілчаний завод ""Гетьман""",,,,,49.8552654,24.0437965,"{'landuse': 'industrial', 'man_made': 'works', 'name': 'Горілчаний завод ""Гетьман""', 'name:uk': 'Горілчаний завод ""Гетьман""', 'product': 'Ликеро-водочный ""Гетьман""'}"
243543260,way,Ужгородський коньячний завод,,,,,48.6449633,22.3068336,"{'addr:city': 'Оноківці', 'addr:housenumber': '19', 'addr:street': 'вулиця Героїв України', 'contact:email': 'ukz@tysa.ua', 'contact:website': 'http://tysa.ua/', 'craft': 'distillery', 'landuse': 'industrial', 'man_made': 'works', 'name': 'Ужгородський коньячний завод', 'name:uk': 'Ужгородський коньячний завод', 'wikidata': 'Q12163545', 'wikipedia': 'uk:Ужгородський коньячний завод'}"
244836941,way,"ДП ""Автоскладальний завод №1""",,,,,50.7405163,25.36442,"{'brand': 'ЛуАЗ', 'email': 'dp1@bus.bogdan.ua', 'industrial': 'factory', 'landuse': 'industrial', 'name': 'ДП ""Автоскладальний завод №1""', 'name:en': 'SE ""Car Assembly Plant #1""', 'name:uk': 'ДП ""Автоскладальний завод №1""', 'old_name': 'ВАТ ""Луцький автомобільний завод""', 'operator': 'ПАТ «Автомобільна компанія «Богдан Моторс»', 'phone': '+380 332 78 4107', 'start_date': '1955', 'website': 'http://busplant.bogdan.ua', 'wikidata': 'Q1635796', 'wikipedia': 'uk:Автоскладальний завод № 1 (Богдан Моторс)'}"
247535042,way,"Львівська кавова фабрика ""Галка""",,,,,49.8602153,24.0343523,"{'landuse': 'industrial', 'man_made': 'works', 'name': 'Львівська кавова фабрика ""Галка""', 'name:ru': 'Львовская кофейная фабрика ""Галка""', 'name:uk': 'Львівська кавова фабрика ""Галка""', 'product': 'кава'}"
247612247,way,Unknown,,,,,47.9397866,37.5953308,"{'building': 'yes', 'man_made': 'works'}"
252010278,way,Unknown,,,,,48.1278551,39.0875068,"{'building': 'industrial', 'building:levels': '1', 'man_made': 'works'}"
252010279,way,Unknown,,,,,48.1297853,39.0885764,"{'building': 'industrial', 'building:levels': '1', 'man_made': 'works'}"
252010280,way,Unknown,,,,,48.1284412,39.0875253,"{'building': 'industrial', 'building:levels': '1', 'man_made': 'works'}"
252010281,way,Unknown,,,,,48.1284832,39.0880774,"{'building': 'industrial', 'building:levels': '1', 'man_made': 'works'}"
252010282,way,Unknown,,,,,48.1286946,39.0884209,"{'building': 'industrial', 'building:levels': '1', 'man_made': 'works'}"
252010284,way,Unknown,,,,,48.13035,39.0876506,"{'building': 'industrial', 'building:levels': '1', 'man_made': 'works'}"
252010285,way,Unknown,,,,,48.1299127,39.0863509,"{'building': 'industrial', 'building:levels': '1', 'man_made': 'works'}"
252010286,way,Unknown,,,,,48.1291016,39.0887209,"{'building': 'industrial', 'building:levels': '2', 'man_made': 'works'}"
252010287,way,Unknown,,,,,48.1165194,39.0712324,"{'building': 'yes', 'building:levels': '1', 'man_made': 'works'}"
252010288,way,Unknown,,,,,48.1165957,39.0700622,"{'building': 'yes', 'building:levels': '1', 'man_made': 'works'}"
252010292,way,Unknown,,,,,48.1176887,39.0702472,"{'building': 'yes', 'building:levels': '2', 'man_made': 'works'}"
252010293,way,Unknown,,,,,48.1174436,39.0706874,"{'building': 'yes', 'building:levels': '1', 'man_made': 'works'}"
252010294,way,Unknown,,,,,48.1174381,39.0708849,"{'building': 'yes', 'building:levels': '2', 'man_made': 'works'}"
252010295,way,Unknown,,,,,48.1164133,39.0723757,"{'building': 'yes', 'building:levels': '1', 'man_made': 'works'}"
252010296,way,Unknown,,,,,48.1178958,39.070509,"{'building': 'yes', 'building:levels': '2', 'man_made': 'works'}"
252010297,way,Unknown,,,,,48.1179433,39.0711803,"{'building': 'yes', 'building:levels': '1', 'man_made': 'works'}"
252010298,way,Unknown,,,,,48.1352512,39.0917805,"{'building': 'industrial', 'building:levels': '2', 'man_made': 'works'}"
252010307,way,Unknown,,,,,48.133697,39.0901987,"{'building': 'industrial', 'building:levels': '2', 'man_made': 'works'}"
252010308,way,Unknown,,,,,48.1338839,39.0909549,"{'building': 'industrial', 'building:levels': '2', 'man_made': 'works'}"
252010309,way,Unknown,,,,,48.1328521,39.090163,"{'building': 'industrial', 'building:levels': '2', 'man_made': 'works'}"
252010310,way,Unknown,,,,,48.1338226,39.0893734,"{'building': 'industrial', 'building:levels': '2', 'man_made': 'works'}"
252010311,way,Unknown,,,,,48.1332775,39.0889671,"{'building': 'industrial', 'building:levels': '2', 'man_made': 'works'}"
252010312,way,Unknown,,,,,48.1343404,39.0897375,"{'building': 'industrial', 'building:levels': '2', 'man_made': 'works'}"
252010313,way,Unknown,,,,,48.1357014,39.0913033,"{'building': 'industrial', 'building:levels': '2', 'man_made': 'works'}"
252010314,way,Unknown,,,,,48.1318055,39.0884053,"{'building': 'industrial', 'building:levels': '2', 'man_made': 'works'}"
252691053,way,Unknown,,,,,48.1184807,39.0797365,"{'building': 'industrial', 'building:levels': '2', 'man_made': 'works'}"
252872616,way,Unknown,,,,,48.1220943,39.0834483,"{'building': 'industrial', 'building:levels': '2', 'man_made': 'works'}"
252872617,way,Unknown,,,,,48.1230152,39.0845158,"{'building': 'industrial', 'building:levels': '2', 'man_made': 'works'}"
252872618,way,Unknown,,,,,48.1224277,39.0811085,"{'building': 'industrial', 'building:levels': '2', 'man_made': 'works'}"
252872619,way,Unknown,,,,,48.120207,39.0825336,"{'building': 'industrial', 'building:levels': '2', 'man_made': 'works'}"
252872620,way,Unknown,,,,,48.1192788,39.0816158,"{'building': 'industrial', 'building:levels': '2', 'man_made': 'works'}"
252872621,way,Unknown,,,,,48.1215009,39.0821313,"{'building': 'industrial', 'building:levels': '2', 'man_made': 'works'}"
252872622,way,Unknown,,,,,48.125287,39.0852974,"{'building': 'industrial', 'building:levels': '2', 'man_made': 'works'}"
252872624,way,Unknown,,,,,48.1184358,39.0808504,"{'building': 'industrial', 'building:levels': '3', 'man_made': 'works'}"
252872626,way,Unknown,,,,,48.1222829,39.0826367,"{'building': 'industrial', 'building:levels': '2', 'man_made': 'works'}"
252872627,way,Unknown,,,,,48.1227334,39.0836624,"{'building': 'industrial', 'building:levels': '2', 'man_made': 'works'}"
252872628,way,Unknown,,,,,48.1212211,39.0832997,"{'building': 'industrial', 'building:levels': '2', 'man_made': 'works'}"
252872629,way,Unknown,,,,,48.1188679,39.0814463,"{'building': 'industrial', 'building:levels': '2', 'man_made': 'works'}"
252872630,way,Unknown,,,,,48.1213381,39.0829073,"{'building': 'industrial', 'building:levels': '2', 'man_made': 'works'}"
252872631,way,Unknown,,,,,48.1240467,39.085707,"{'building': 'industrial', 'building:levels': '2', 'man_made': 'works'}"
252872632,way,Unknown,,,,,48.1195428,39.0819934,"{'building': 'industrial', 'building:levels': '2', 'man_made': 'works'}"
252872633,way,Unknown,,,,,48.120568,39.0814,"{'building': 'industrial', 'building:levels': '2', 'man_made': 'works'}"
252872635,way,Unknown,,,,,48.1195674,39.0803038,"{'building': 'industrial', 'building:levels': '2', 'man_made': 'works'}"
252872636,way,Unknown,,,,,48.1217653,39.0816894,"{'building': 'industrial', 'building:levels': '2', 'man_made': 'works'}"
253443781,way,Водоканал,,,,,47.0991426,37.542477,"{'landuse': 'industrial', 'man_made': 'works', 'name': 'Водоканал', 'name:ru': 'Водоканал', 'name:uk': 'Водоканал', 'official_status': 'Комунальне підприємство', 'old_name': 'Міськводоканал', 'old_name:uk': 'Міськводоканал'}"
253638413,way,Цех №12,,,,,50.9257762,34.8001785,"{'building': 'industrial', 'man_made': 'works', 'name': 'Цех №12', 'name:ru': 'Цех №12', 'name:uk': 'Цех №12'}"
253638418,way,Цех №8,,,,,50.9270097,34.8007638,"{'building': 'yes', 'man_made': 'works', 'name': 'Цех №8', 'name:ru': 'Цех №8', 'name:uk': 'Цех №8'}"
254496122,way,Цех №17,,,,,50.9546849,34.7753248,"{'building': 'industrial', 'man_made': 'works', 'name': 'Цех №17', 'name:uk': 'Цех №17'}"
254496135,way,Unknown,,,,,50.955528,34.776972,"{'building': 'industrial', 'man_made': 'works'}"
254496142,way,Цех №22,,,,,50.9531963,34.772829,"{'building': 'industrial', 'man_made': 'works', 'name': 'Цех №22', 'name:uk': 'Цех №22'}"
255940612,way,Unknown,,,,,50.0032024,36.1967262,{'man_made': 'works'}
255940617,way,Unknown,,,,,50.0031715,36.1970142,{'man_made': 'works'}
256330197,way,ТОВ «СВІСС КРОНО»,,,,,49.0003809,24.2055323,"{'landuse': 'industrial', 'man_made': 'works', 'name': 'ТОВ «СВІСС КРОНО»', 'name:uk': 'ТОВ «СВІСС КРОНО»', 'old_name': 'ТОВ «Кроно-Україна»', 'source': 'Bing'}"
256387849,way,TOB «ЦБМ «Осмолода»,,,,,48.9990071,24.1946903,"{'landuse': 'industrial', 'man_made': 'works', 'name': 'TOB «ЦБМ «Осмолода»', 'name:uk': 'TOB «ЦБМ «Осмолода»'}"
256387857,way,Unknown,,,,,48.9992886,24.1855197,"{'building': 'yes', 'man_made': 'works', 'roof:colour': '#908F8E', 'roof:shape': 'gabled'}"
256395781,way,Unknown,,,,,48.1245168,37.7723402,"{'building': 'service', 'building:levels': '1', 'man_made': 'works'}"
256831536,way,Unknown,,,,,48.1174328,39.0710816,"{'building': 'yes', 'building:levels': '1', 'man_made': 'works'}"
256834759,way,Unknown,,,,,48.1183853,39.0809551,"{'building': 'industrial', 'building:levels': '2', 'man_made': 'works'}"
257649423,way,Підприємство CETO,,,,,49.9365759,23.5810352,"{'industrial': 'factory', 'landuse': 'industrial', 'name': 'Підприємство CETO', 'name:uk': 'Підприємство CETO'}"
260124311,way,Котельня,,,,,48.5064033,37.6830465,"{'man_made': 'works', 'name': 'Котельня', 'name:uk': 'Котельня'}"
260615461,way,Unknown,,,,,48.7979935,26.0666012,{'man_made': 'works'}
262457736,way,"ПрАТ ""Херсонський Хлібокомбінат""",,,,,46.6344987,32.6271479,"{'addr:housenumber': '30', 'addr:street': 'Гімназична вулиця', 'building': 'yes', 'email': 'marketing@hleb.ks.ua', 'man_made': 'works', 'name': 'ПрАТ ""Херсонський Хлібокомбінат""', 'name:ru': 'ЧАО ""Херсонский Хлебокомбинат""', 'name:uk': 'ПрАТ ""Херсонський Хлібокомбінат""', 'phone': '+380552494172', 'product': 'bread', 'website': 'www.hleb.ks.ua'}"
263392377,way,Атонмаш,,,,,49.6620821,26.9724595,"{'building': 'yes', 'man_made': 'works', 'name': 'Атонмаш', 'name:uk': 'Атонмаш', 'product': 'heating equipment', 'website': 'https://www.atonmash.com.ua/'}"
264033365,way,Рожнятівський маслозавод,,,,,48.9552265,24.1660155,"{'landuse': 'industrial', 'man_made': 'works', 'name': 'Рожнятівський маслозавод', 'name:uk': 'Рожнятівський маслозавод'}"
265506044,way,Хлібопекарня,,,,,46.0313721,34.5454414,"{'building': 'yes', 'man_made': 'works', 'name': 'Хлібопекарня', 'name:ru': 'Хлебопекарня', 'name:uk': 'Хлібопекарня', 'product': 'bakery_products'}"
265925749,way,СПМК-7,,,,,51.2001806,27.5856303,"{'landuse': 'industrial', 'man_made': 'works', 'name': 'СПМК-7', 'name:uk': 'СПМК-7'}"
268027848,way,"Макплит, стеновые панели",,,,,45.1104947,33.6833228,"{'building': 'yes', 'man_made': 'works', 'name': 'Макплит, стеновые панели'}"
268088870,way,Шахта «Привільнянська»,,,,,48.9816897,38.3046094,"{'landuse': 'industrial', 'man_made': 'works', 'name': 'Шахта «Привільнянська»', 'name:en': 'Pryvilnyanska Minery', 'name:ru': 'Шахта «Привольнянская»', 'name:uk': 'Шахта «Привільнянська»'}"
268091199,way,Сакский хлебзавод,,,,,45.1403433,33.6112308,"{'building': 'yes', 'man_made': 'works', 'name': 'Сакский хлебзавод', 'name:uk': 'Сакський хлібзавод', 'product': 'bakery_products'}"
268124867,way,"Хлебзавод ""Чайка""",,,,,48.9658109,37.8306909,"{'addr:city': 'Красний Лиман', 'addr:housenumber': '15', 'addr:street': 'Петровського вулиця', 'industrial': 'factory', 'landuse': 'industrial', 'name': 'Хлебзавод ""Чайка""', 'name:ru': 'Полимин', 'name:uk': 'Хлебзавод ""Чайка""'}"
268417923,way,Террапласт,,,,,50.4509758,30.6468647,"{'addr:housenumber': '8а', 'addr:street': 'Віскозна вулиця', 'building': 'industrial', 'building:levels': '1', 'contact:website': 'https://terra-plast.com.ua', 'man_made': 'works', 'name': 'Террапласт', 'name:uk': 'Террапласт', 'product': 'plastic'}"
269019420,way,МПП «Алекс»,,,,,48.5528269,23.0112076,"{'addr:city': 'Свалява', 'addr:housenumber': '1', 'addr:postcode': '89300', 'addr:street': 'вулиця Машкіна', 'description': 'Виробник мінеральних вод', 'landuse': 'industrial', 'man_made': 'works', 'name': 'МПП «Алекс»', 'name:uk': 'МПП «Алекс»', 'website': 'https://alex.com.ua/'}"
269216003,way,Цегельний завод ЗБК,,,,,48.4832738,22.6555131,"{'addr:city': 'Іванівці', 'addr:housenumber': '114', 'addr:postcode': '89622', 'addr:street': 'вулиця Миру', 'contact:website': 'https://www.zbkrusinia.com.ua/', 'landuse': 'industrial', 'man_made': 'works', 'name': 'Цегельний завод ЗБК', 'name:uk': 'Цегельний завод ЗБК', 'product': 'bricks'}"
274826134,way,Unknown,,,,,51.394381,30.099001,"{'abandoned': 'yes', 'building': 'yes', 'man_made': 'works'}"
275666337,way,"ТОВ ""Концепт""",,,,,48.0292697,37.9544147,"{'man_made': 'works', 'name': 'ТОВ ""Концепт""', 'name:uk': 'ТОВ ""Концепт""'}"
278028713,way,ПРАТ «Завод Обважнювачів»,,,,,48.5441106,37.66417,"{'addr:housenumber': '99', 'addr:street': 'вулиця Олекси Тихого', 'industrial': 'factory', 'landuse': 'industrial', 'name': 'ПРАТ «Завод Обважнювачів»', 'name:uk': 'ПРАТ «Завод Обважнювачів»'}"
278156794,way,Unknown,,,,,48.034616,37.9748025,"{'building': 'industrial', 'man_made': 'works'}"
278156796,way,Unknown,,,,,48.0344919,37.9758057,"{'building': 'industrial', 'man_made': 'works'}"
279817867,way,Азовсталь,,,,,47.1060882,37.6029761,"{'landuse': 'industrial', 'man_made': 'works', 'name': 'Азовсталь', 'name:en': 'Azovstal', 'name:fr': 'Usine métallurgique Azovstal', 'name:ja': 'アゾフスターリ製鉄所', 'name:ml': 'അസോവ്സ്റ്റൽ', 'name:ru': 'Азовсталь', 'name:uk': 'Азовсталь', 'name:zh': '亚速钢铁厂', 'official_status:ru': 'металлургический комбинат', 'official_status:uk': 'металургійний комбінат', 'ownership': 'private', 'ruins': 'yes', 'wikidata': 'Q4058442', 'wikipedia': 'uk:Азовсталь'}"
279838415,way,Unknown,,,,,47.9658769,37.7759478,"{'addr:housenumber': '7а', 'building': 'yes', 'man_made': 'works'}"
282222133,way,Плоды,,,,,44.8505704,33.7266021,"{'building': 'yes', 'man_made': 'works', 'name': 'Плоды'}"
282697190,way,Старий Винний завод,,,,,46.3618654,30.4741092,"{'landuse': 'industrial', 'man_made': 'works', 'name': 'Старий Винний завод', 'name:ru': 'Старый Винный завод', 'name:uk': 'Старий Винний завод'}"
284589831,way,Молокозавод,,,,,50.4968572,30.745058,"{'addr:housenumber': '7', 'addr:street': 'вулиця Академіка Богомольця', 'building': 'yes', 'man_made': 'works', 'name': 'Молокозавод', 'name:uk': 'Молокозавод'}"
285577141,way,Калуський завод комунального устаткування,,,,,49.0291939,24.4606287,"{'industrial': 'factory', 'landuse': 'industrial', 'name': 'Калуський завод комунального устаткування', 'name:uk': 'Калуський завод комунального устаткування', 'short_name': 'Калуський ЗКУ'}"
286301659,way,Unknown,,,,,48.5892749,37.8363761,"{'building': 'yes', 'man_made': 'works'}"
287048081,way,Шарм,,,,,48.9203661,38.4040445,"{'craft': 'dressmaker', 'landuse': 'industrial', 'man_made': 'works', 'name': 'Шарм', 'name:ru': 'Шарм', 'name:uk': 'Шарм', 'operator': 'ППТФ «Шарм»'}"
287133143,way,"ПрАТ ""АПК Інвест""",,,,,48.2897526,37.2249197,"{'building': 'yes', 'man_made': 'works', 'name': 'ПрАТ ""АПК Інвест""', 'name:uk': 'ПрАТ ""АПК Інвест""'}"
287281920,way,Unknown,,,,,48.3099201,37.2596609,"{'building': 'yes', 'man_made': 'works'}"
287281921,way,Unknown,,,,,48.3091938,37.2601579,"{'building': 'yes', 'man_made': 'works'}"
287281923,way,Unknown,,,,,48.3094206,37.2588647,"{'building': 'yes', 'man_made': 'works'}"
287281924,way,Unknown,,,,,48.3088786,37.2586958,"{'building': 'yes', 'man_made': 'works'}"
287281925,way,Unknown,,,,,48.3097679,37.2586187,"{'building': 'yes', 'man_made': 'works'}"
289195111,way,Взуттєва фабрика Валтекс,,,,,49.8009917,30.1158695,"{'industrial': 'factory', 'landuse': 'industrial', 'name': 'Взуттєва фабрика Валтекс', 'name:uk': 'Взуттєва фабрика Валтекс'}"
289231419,way,Новооржицький цукровий завод,,,,,50.0240599,32.7280206,"{'landuse': 'industrial', 'man_made': 'works', 'name': 'Новооржицький цукровий завод', 'name:uk': 'Новооржицький цукровий завод'}"
293454086,way,ТзОВ ''Ярич'',,,,,49.9164417,24.2699401,"{'addr:housenumber': '1', 'addr:street': 'Заводська вулиця', 'landuse': 'industrial', 'man_made': 'works', 'name': ""ТзОВ ''Ярич''"", 'name:uk': ""ТзОВ ''Ярич''"", 'product': 'food'}"
293481508,way,Unknown,,,,,47.9216331,37.6454916,"{'building': 'yes', 'man_made': 'works'}"
293481509,way,Unknown,,,,,47.9209204,37.6476242,"{'building': 'yes', 'man_made': 'works'}"
293481510,way,Unknown,,,,,47.9197074,37.6465376,"{'building': 'yes', 'man_made': 'works'}"
293481511,way,Unknown,,,,,47.9206801,37.6481515,"{'building': 'yes', 'man_made': 'works'}"
293481512,way,Unknown,,,,,47.9212439,37.6475188,"{'building': 'yes', 'man_made': 'works'}"
293481513,way,Unknown,,,,,47.9215068,37.6443202,"{'building': 'yes', 'man_made': 'works'}"
293481514,way,Unknown,,,,,47.9208716,37.6471957,"{'building': 'yes', 'man_made': 'works'}"
293481515,way,Unknown,,,,,47.9206349,37.647684,"{'building': 'yes', 'man_made': 'works'}"
293481516,way,Unknown,,,,,47.9215388,37.6446361,"{'building': 'yes', 'man_made': 'works'}"
293481517,way,Unknown,,,,,47.9214306,37.6475803,"{'building': 'yes', 'man_made': 'works'}"
293481518,way,Unknown,,,,,47.9208293,37.6467485,"{'building': 'yes', 'man_made': 'works'}"
293481519,way,Unknown,,,,,47.9201884,37.6446612,"{'building': 'yes', 'man_made': 'works'}"
293481520,way,Unknown,,,,,47.9205862,37.6472554,"{'building': 'yes', 'man_made': 'works'}"
293481521,way,Unknown,,,,,47.9214485,37.6477721,"{'building': 'yes', 'man_made': 'works'}"
293481522,way,Unknown,,,,,47.9215241,37.6444837,"{'building': 'yes', 'man_made': 'works'}"
293481523,way,Unknown,,,,,47.9205438,37.6468082,"{'building': 'yes', 'man_made': 'works'}"
293481524,way,Unknown,,,,,47.9196638,37.6461507,"{'building': 'yes', 'man_made': 'works'}"
293481525,way,Unknown,,,,,47.9211529,37.6466431,"{'building': 'yes', 'man_made': 'works'}"
293481526,way,Unknown,,,,,47.9196137,37.6457728,"{'building': 'yes', 'man_made': 'works'}"
293481527,way,Unknown,,,,,47.9211951,37.6470902,"{'building': 'yes', 'man_made': 'works'}"
293481528,way,Unknown,,,,,47.920225,37.6449595,"{'building': 'yes', 'man_made': 'works'}"
293481529,way,Unknown,,,,,47.9209655,37.6480917,"{'building': 'yes', 'man_made': 'works'}"
293481530,way,Unknown,,,,,47.9212891,37.6479863,"{'building': 'yes', 'man_made': 'works'}"
293481531,way,Unknown,,,,,47.9214854,37.6441626,"{'building': 'yes', 'man_made': 'works'}"
293481532,way,Unknown,,,,,47.9213656,37.6442718,"{'building': 'yes', 'man_made': 'works'}"
293481533,way,Unknown,,,,,47.9213794,37.6456952,"{'building': 'yes', 'man_made': 'works'}"
293481534,way,Unknown,,,,,47.9208572,37.6449606,"{'building': 'yes', 'man_made': 'works'}"
293481535,way,Unknown,,,,,47.9203627,37.6454639,"{'building': 'yes', 'man_made': 'works'}"
293481538,way,Unknown,,,,,47.9215174,37.6482006,"{'building': 'yes', 'man_made': 'works'}"
293481539,way,Unknown,,,,,47.9205523,37.6459689,"{'building': 'yes', 'man_made': 'works'}"
293481540,way,Unknown,,,,,47.9216579,37.6447457,"{'building': 'yes', 'man_made': 'works'}"
293481541,way,Unknown,,,,,47.9202803,37.646023,"{'building': 'yes', 'man_made': 'works'}"
293481542,way,Unknown,,,,,47.9211279,37.6455541,"{'building': 'yes', 'man_made': 'works'}"
293481543,way,Unknown,,,,,47.9203698,37.6452549,"{'building': 'yes', 'man_made': 'works'}"
293481544,way,Unknown,,,,,47.9197076,37.6440373,"{'building': 'yes', 'man_made': 'works'}"
293481545,way,Unknown,,,,,47.9195891,37.6448446,"{'building': 'yes', 'man_made': 'works'}"
293481546,way,Unknown,,,,,47.9211985,37.6458619,"{'building': 'yes', 'man_made': 'works'}"
293481547,way,Unknown,,,,,47.9195735,37.6451991,"{'building': 'yes', 'man_made': 'works'}"
293481548,way,Unknown,,,,,47.9204575,37.646287,"{'building': 'yes', 'man_made': 'works'}"
293481549,way,Unknown,,,,,47.9201643,37.6435559,"{'building': 'yes', 'man_made': 'works'}"
293481550,way,Unknown,,,,,47.9210532,37.6442828,"{'building': 'yes', 'man_made': 'works'}"
293481551,way,Unknown,,,,,47.9198319,37.6450361,"{'building': 'yes', 'man_made': 'works'}"
293481552,way,Службове,,,,,47.9230778,37.6534648,"{'building': 'yes', 'man_made': 'works', 'name': 'Службове', 'name:uk': 'Службове'}"
293481553,way,Unknown,,,,,47.9214135,37.6473979,"{'building': 'yes', 'man_made': 'works'}"
293481554,way,Unknown,,,,,47.9216027,37.6476502,"{'building': 'yes', 'man_made': 'works'}"
293481555,way,Unknown,,,,,47.9207132,37.6454936,"{'building': 'yes', 'man_made': 'works'}"
293481556,way,Unknown,,,,,47.9208016,37.6452905,"{'building': 'yes', 'man_made': 'works'}"
293481557,way,Unknown,,,,,47.9255328,37.6320104,"{'building': 'yes', 'man_made': 'works'}"
293481558,way,Unknown,,,,,47.9216387,37.6445068,"{'building': 'yes', 'man_made': 'works'}"
293481559,way,Unknown,,,,,47.91984,37.6448002,"{'building': 'yes', 'man_made': 'works'}"
293481560,way,Unknown,,,,,47.9203035,37.6481977,"{'building': 'yes', 'man_made': 'works'}"
293481561,way,Unknown,,,,,47.9214761,37.6483511,"{'building': 'yes', 'man_made': 'works'}"
293481562,way,Unknown,,,,,47.9215208,37.6473474,"{'building': 'yes', 'man_made': 'works'}"
293481563,way,Unknown,,,,,47.9215254,37.6448806,"{'building': 'yes', 'man_made': 'works'}"
293481564,way,Unknown,,,,,47.9208046,37.6458138,"{'building': 'yes', 'man_made': 'works'}"
293481565,way,Unknown,,,,,47.9201598,37.6468953,"{'building': 'yes', 'man_made': 'works'}"
293481566,way,Unknown,,,,,47.9217642,37.6461121,"{'building': 'yes', 'man_made': 'works'}"
293481567,way,Unknown,,,,,47.9194543,37.6445784,"{'building': 'yes', 'man_made': 'works'}"
293602397,way,ЗАВ,,,,,47.8862105,37.6748354,"{'man_made': 'works', 'name': 'ЗАВ', 'name:uk': 'ЗАВ'}"
293602408,way,Вагова,,,,,47.8862081,37.6762457,"{'building': 'roof', 'building:levels': '2', 'building:material': 'brick', 'building:use': 'commercial', 'man_made': 'works', 'name': 'Вагова', 'name:uk': 'Вагова', 'roof:shape': 'round'}"
294268540,way,Полигон СБ1,,,,,47.9281948,37.6855521,"{'man_made': 'works', 'name': 'Полигон СБ1', 'name:uk': 'Полигон СБ1'}"
294624405,way,Завод по производству деталей и узлов для военных самолётов и ракет,,,,,48.6182776,38.5111588,"{'building': 'yes', 'man_made': 'works', 'name': 'Завод по производству деталей и узлов для военных самолётов и ракет'}"
297034412,way,Консервний завод ТМ Крят,,,,,49.7986863,30.1390614,"{'industrial': 'factory', 'landuse': 'industrial', 'name': 'Консервний завод ТМ Крят', 'name:uk': 'Консервний завод ТМ Крят'}"
297258275,way,Цегельний завод (1927 р.),,,,,49.8105044,30.1351168,"{'addr:housenumber': '52', 'addr:street': 'Київська вулиця', 'description': 'У 1927 році в Сухому Яру розпочалося будівництво цегельного заводу. На середину 1930-х років він був другим за потужністю в СРСР.', 'industrial': 'factory', 'landuse': 'industrial', 'name': 'Цегельний завод (1927 р.)', 'name:uk': 'Цегельний завод (1927 р.)', 'start_date': '1927', 'wikidata': 'Q33342', 'wikipedia': 'uk:Біла Церква'}"
297598179,way,Мангуський м'ясокомбінат,,,,,47.0333073,37.3088329,"{'landuse': 'industrial', 'man_made': 'works', 'name': ""Мангуський м'ясокомбінат"", 'name:ru': 'Мангушский мясокомбинат', 'product': 'meat'}"
297715492,way,Рибний завод,,,,,46.8711976,37.2998544,"{'landuse': 'industrial', 'man_made': 'works', 'name': 'Рибний завод', 'name:ru': 'Рыбный завод', 'name:uk': 'Рибний завод'}"
297984435,way,СевХимПром,,,,,44.556581,33.6206503,"{'building': 'yes', 'man_made': 'works', 'name': 'СевХимПром'}"
298010763,way,Unknown,,,,,47.1547599,37.0163302,"{'building': 'collapsed', 'building:levels': '0', 'man_made': 'works'}"
298164364,way,Unknown,,,,,47.095541,37.1481428,{'man_made': 'works'}
298754532,way,Цукровий завод,,,,,50.4764457,32.3822702,"{'landuse': 'industrial', 'man_made': 'works', 'name': 'Цукровий завод', 'name:uk': 'Цукровий завод'}"
299889872,way,Unknown,,,,,49.0665702,33.3983263,"{'building': 'yes', 'man_made': 'works'}"
300089020,way,Металургійний комбінат імені Ілліча,,,,,47.1787708,37.5691426,"{'landuse': 'industrial', 'man_made': 'works', 'name': 'Металургійний комбінат імені Ілліча', 'name:en': 'Illich Steel and Iron Works', 'name:fr': 'Usine métallurgique Illitch', 'name:ru': 'Металлургический комбинат имени Ильича', 'name:uk': 'Металургійний комбінат імені Ілліча', 'official_name:ru': 'Мариупольский металлургический комбинат имени Ильича', 'official_name:uk': 'Маріупольський металургійний комбінат імені Ілліча', 'short_name:ru': 'ММК им. Ильича', 'short_name:uk': 'ММК ім. Ілліча', 'wikidata': 'Q4281587', 'wikipedia': 'uk:Маріупольський металургійний комбінат імені Ілліча'}"
301702689,way,"ПрАТ ""КДЗ""",,,,,48.2884646,37.1970326,"{'addr:housenumber': '3', 'addr:postcode': '85300', 'addr:street': 'вулиця Івана Мазепи', 'complete': 'Красноармійський динасовий завод', 'industrial': 'factory', 'landuse': 'industrial', 'name': 'ПрАТ ""КДЗ""', 'name:ru': 'ЧАО ""КДЗ""', 'name:uk': 'ПрАТ ""КДЗ""', 'phone': '+380 6239 96 301;+380 6239 96 430', 'website': 'http://www.dinas.com.ua/'}"
302969682,way,Голд Дроп-Україна,,,,,49.4180206,24.6054631,"{'addr:housenumber': '104а', 'addr:street': 'Галицька вулиця', 'contact:phone': '+380 3435 24 340', 'contact:website': 'https://gdu.ua', 'industrial': 'factory', 'landuse': 'industrial', 'name': 'Голд Дроп-Україна', 'name:uk': 'Голд Дроп-Україна'}"
306976331,way,Пирятинський сирзавод,,,,,50.2207504,32.5217423,"{'landuse': 'industrial', 'man_made': 'works', 'name': 'Пирятинський сирзавод', 'name:uk': 'Пирятинський сирзавод'}"
308596493,way,Unknown,,,,,49.460398,35.1167037,"{'addr:city': 'Карлівка', 'addr:housenumber': '169', 'addr:postcode': '39500', 'addr:street': 'вулиця Леніна', 'building': 'yes', 'man_made': 'works', 'product': 'bread;cake'}"
309939747,way,Майстерня вина №1,,,,,48.1792671,22.7127901,"{'addr:city': 'Мужієво', 'addr:housenumber': '274-А', 'addr:postcode': '90260', 'addr:street': 'вулиця Ференца Ракоці Ⅱ', 'craft': 'winery', 'landuse': 'industrial', 'man_made': 'works', 'name': 'Майстерня вина №1', 'name:en': 'degustation place Cotnar vineyards', 'name:uk': 'Майстерня вина №1', 'phone': '+380 50 339 4448', 'tourism': 'attraction'}"
310535931,way,Unknown,,,,,47.2280754,35.6889832,"{'building': 'industrial', 'building:levels': '1', 'man_made': 'works'}"
310535966,way,Unknown,,,,,47.2275128,35.6875428,"{'building': 'warehouse', 'building:levels': '1', 'man_made': 'works'}"
310535981,way,Unknown,,,,,47.2292881,35.6907433,"{'building': 'industrial', 'building:levels': '1', 'man_made': 'works'}"
310535989,way,Unknown,,,,,47.2289168,35.6908087,"{'building': 'industrial', 'building:levels': '4', 'man_made': 'works'}"
310536001,way,Unknown,,,,,47.2283935,35.689836,"{'building': 'industrial', 'building:levels': '2', 'man_made': 'works'}"
310536011,way,Unknown,,,,,47.2298771,35.6865294,"{'building': 'industrial', 'height': '20', 'man_made': 'works'}"
310536016,way,Unknown,,,,,47.2277678,35.6882501,"{'building': 'yes', 'height': '10', 'man_made': 'works'}"
310536027,way,Unknown,,,,,47.2290802,35.6903501,"{'building': 'industrial', 'building:levels': '1', 'man_made': 'works'}"
310536048,way,Unknown,,,,,47.2289834,35.6901265,"{'building': 'industrial', 'building:levels': '2', 'man_made': 'works'}"
310536051,way,Unknown,,,,,47.2291805,35.691433,"{'building': 'industrial', 'man_made': 'works'}"
310536066,way,Unknown,,,,,47.2287691,35.6892517,"{'building': 'industrial', 'building:levels': '2', 'man_made': 'works'}"
310536076,way,Unknown,,,,,47.2298017,35.6912061,"{'building': 'yes', 'building:levels': '1', 'man_made': 'works'}"
310536095,way,Unknown,,,,,47.2296898,35.6908491,"{'building': 'yes', 'building:levels': '1', 'man_made': 'works'}"
311344255,way,Котельна,,,,,50.1100924,26.8274079,"{'building': 'industrial', 'man_made': 'works', 'name': 'Котельна', 'name:uk': 'Котельна'}"
319189791,way,Міськмолокозавод,,,,,48.9727331,38.4574868,"{'abandoned': 'yes', 'barrier': 'fence', 'landuse': 'industrial', 'man_made': 'works', 'name': 'Міськмолокозавод', 'name:uk': 'Міськмолокозавод'}"
321748382,way,Хімпостачальник,,,,,49.0205945,38.3451264,"{'landuse': 'industrial', 'man_made': 'works', 'name': 'Хімпостачальник', 'name:en': 'Khimpostachalnyk', 'name:ru': 'Химпоставщик', 'name:uk': 'Хімпостачальник'}"
321887086,way,Трубний завод,,,,,49.018703,38.3527554,"{'landuse': 'industrial', 'man_made': 'works', 'name': 'Трубний завод', 'name:en': 'Pipe Plant', 'name:ru': 'Трубный завод', 'name:uk': 'Трубний завод'}"
322399142,way,Завод «Лісмаш»,,,,,48.8718532,38.4192094,"{'landuse': 'industrial', 'man_made': 'works', 'name': 'Завод «Лісмаш»', 'name:ru': 'Завод «Лисмаш»', 'name:uk': 'Завод «Лісмаш»'}"
324839655,way,Молокозавод,,,,,50.1436504,25.7368459,"{'landuse': 'commercial', 'man_made': 'works', 'name': 'Молокозавод', 'name:uk': 'Молокозавод'}"
325333056,way,Хімавтоматика,,,,,49.0326146,38.1833202,"{'landuse': 'industrial', 'man_made': 'works', 'name': 'Хімавтоматика', 'name:en': 'Khimavtomatyka', 'name:ru': 'Химавтоматика', 'name:uk': 'Хімавтоматика'}"
325692801,way,Unknown,,,,,49.5626558,34.5355672,"{'building': 'yes', 'man_made': 'works'}"
328294356,way,Міськмолокозавод,,,,,49.0373266,38.2173922,"{'landuse': 'industrial', 'man_made': 'works', 'name': 'Міськмолокозавод', 'name:en': 'Town Milk Processing Plant', 'name:ru': 'Гормолокозавод', 'name:uk': 'Міськмолокозавод'}"
329154900,way,Тепломаш,,,,,48.3850932,34.9968195,"{'addr:housenumber': '162-А', 'addr:postcode': '49057', 'addr:street': 'проспект Богдана Хмельницького', 'building': 'yes', 'building:levels': '2', 'man_made': 'works', 'name': 'Тепломаш', 'name:uk': 'Тепломаш'}"
330484096,way,БЕЛЛУС УА,,,,,50.044738,23.984184,"{'barrier': 'wall', 'industrial': 'factory', 'landuse': 'industrial', 'name': 'БЕЛЛУС УА', 'name:en': 'BELLUS UA'}"
332733210,way,Кондитерська фабрика «Харків'янка»,,,,,49.9915227,36.2168104,"{'landuse': 'industrial', 'man_made': 'works', 'name': ""Кондитерська фабрика «Харків'янка»"", 'name:en': 'Confectionery factory ""Kharkiv\'yanka""', 'name:ru': 'Кондитерская фабрика ""Харьковчанка""', 'name:uk': ""Кондитерська фабрика «Харків'янка»"", 'old_name': 'Харківська кондитерська фабрика товариства «Жорж Борман»', 'website': 'https://biscuit.com.ua/ua/about/confectionery.html', 'wikidata': 'Q4496247', 'wikipedia': ""uk:Харків'янка (кондитерська фабрика)""}"
333106645,way,Новоторг,,,,,47.0572239,37.3064631,"{'addr:housenumber': '72', 'addr:street': 'Поштова вулиця', 'building': 'yes', 'man_made': 'works', 'name': 'Новоторг', 'name:uk': 'Новоторг', 'product': 'food', 'roof:colour': '#999999', 'roof:shape': 'gabled'}"
333533798,way,Деревообробний цех,,,,,49.0281195,38.1967601,"{'craft': 'carpenter', 'landuse': 'industrial', 'man_made': 'works', 'name': 'Деревообробний цех', 'name:en': 'Woodshop', 'name:ru': 'Деревообрабатывающий цех', 'name:uk': 'Деревообробний цех'}"
333535209,way,Unknown,,,,,49.0262759,38.1752008,"{'landuse': 'industrial', 'man_made': 'works', 'operator': 'ПП «Стімул»'}"
333868298,way,Олійниця та кушнірська майстерня,,,,,47.9361657,37.4959806,"{'man_made': 'works', 'name': 'Олійниця та кушнірська майстерня', 'name:uk': 'Олійниця та кушнірська майстерня'}"
334949431,way,Unknown,,,,,47.936705,37.5088277,{'man_made': 'works'}
334949446,way,Unknown,,,,,47.9368138,37.5170394,{'man_made': 'works'}
335265845,way,Фабрика баянів,,,,,49.0438038,38.2206652,"{'landuse': 'industrial', 'man_made': 'works', 'name': 'Фабрика баянів', 'name:en': 'Accordion Factory', 'name:ru': 'Фабрика баянов', 'name:uk': 'Фабрика баянів', 'note': 'check the exact barrier'}"
335265855,way,Кремінське лісомисливське господарство,,,,,49.026521,38.194715,"{'contact:website': 'http://kremleshoz.at.ua/', 'man_made': 'works', 'name': 'Кремінське лісомисливське господарство', 'name:en': 'Kreminna Forestry', 'name:ru': 'Кременское лесоохотничье хозяйство', 'name:uk': 'Кремінське лісомисливське господарство'}"
335787403,way,Нововодолазький абразивний завод,,,,,49.7228033,35.8949352,"{'man_made': 'works', 'name': 'Нововодолазький абразивний завод', 'name:ru': 'Нововодолажский абразивный завод', 'name:uk': 'Нововодолазький абразивний завод', 'product': 'Cut-off wheels;Grinding wheels'}"
335821128,way,Unknown,,,,,50.2404983,28.7268811,"{'building': 'industrial', 'man_made': 'works'}"
335821187,way,Unknown,,,,,50.2386841,28.7276895,"{'building': 'industrial', 'man_made': 'works'}"
336860965,way,Продбаза,,,,,48.5730413,37.8348967,"{'barrier': 'fence', 'man_made': 'works', 'name': 'Продбаза', 'name:uk': 'Продбаза'}"
336860998,way,Майстерня №2,,,,,48.5667229,37.8264209,"{'man_made': 'works', 'name': 'Майстерня №2', 'name:uk': 'Майстерня №2'}"
336860999,way,Майстерня №3,,,,,48.592809,37.8335454,"{'man_made': 'works', 'name': 'Майстерня №3', 'name:uk': 'Майстерня №3'}"
336861001,way,Майстерня №5,,,,,48.5917033,37.832734,"{'man_made': 'works', 'name': 'Майстерня №5', 'name:uk': 'Майстерня №5'}"
337937505,way,Курязький ДБК,,,,,49.9732998,36.0620526,"{'landuse': 'industrial', 'man_made': 'works', 'name': 'Курязький ДБК', 'name:ru': 'Куряжский ДСК', 'name:uk': 'Курязький ДБК'}"
340195088,way,Херсонська кондитерська фабрика,,,,,46.6402204,32.6309409,"{'industrial': 'factory', 'landuse': 'industrial', 'name': 'Херсонська кондитерська фабрика', 'name:en': 'Kherson confectionery factory', 'name:ru': 'Херсонская кондитерская фабрика', 'name:uk': 'Херсонська кондитерська фабрика', 'source': 'highway buffers'}"
340197020,way,Херсонський машинобудівний завод,,,,,46.6565882,32.616905,"{'industrial': 'machinery', 'landuse': 'industrial', 'man_made': 'works', 'name': 'Херсонський машинобудівний завод', 'name:en': 'Kherson Machine-Building Plant', 'name:ru': 'Херсонский машиностроительный завод', 'name:uk': 'Херсонський машинобудівний завод', 'operator': 'ТОВ НВП «Херсонський машинобудівний завод»', 'wikidata': 'Q16722056', 'wikipedia': 'uk:Херсонський машинобудівний завод'}"
343414318,way,Unknown,,,,,46.6289532,32.6125094,"{'abandoned:building': 'industrial', 'addr:housenumber': '13', 'addr:postcode': '73003', 'addr:street': 'Рішельєвська вулиця', 'building': 'yes', 'building:levels': '4', 'man_made': 'works'}"
345307988,way,Харківський машинобудівний завод «ФЕД»,,,,,50.0202077,36.255234,"{'addr:housenumber': '132', 'addr:street': 'Сумська вулиця', 'email': 'fed@fed.com.ua', 'landuse': 'industrial', 'man_made': 'works', 'name': 'Харківський машинобудівний завод «ФЕД»', 'name:en': 'JSC “FED”', 'name:ru': 'Харьковский машиностроительный завод «ФЭД»', 'name:uk': 'Харківський машинобудівний завод «ФЕД»', 'phone': '+38 (057) 700-50-41', 'product': 'machinery', 'short_name': 'ДП «ХМЗ „ФЕД“»', 'short_name:ru': 'ХМЗ ФЭД', 'short_name:uk': 'ДП «ХМЗ „ФЕД“»', 'wikidata': 'Q4496324', 'wikipedia': 'uk:ФЕД (завод)'}"
352375162,way,Солоницівський завод меблевих деталей,,,,,49.9793501,36.0658273,"{'industrial': 'factory', 'landuse': 'industrial', 'name': 'Солоницівський завод меблевих деталей', 'name:ru': 'Солоницевский завод мебельных деталей', 'name:uk': 'Солоницівський завод меблевих деталей'}"
352886984,way,Леокон,,,,,50.4126933,30.4266246,"{'contact:website': 'https://leokon.net/', 'description': 'Електрощитове обладнання', 'industrial': 'factory', 'landuse': 'industrial', 'name': 'Леокон', 'name:uk': 'Леокон'}"
354790545,way,Асфальтобетонний завод,,,,,48.0504822,38.0522972,"{'landuse': 'industrial', 'man_made': 'works', 'name': 'Асфальтобетонний завод', 'name:ru': 'Асфальтобетонный завод', 'name:uk': 'Асфальтобетонний завод'}"
357532264,way,Кам'янський цементний завод,,,,,48.5239785,34.5848428,"{'landuse': 'industrial', 'man_made': 'works', 'name': ""Кам'янський цементний завод"", 'name:ru': 'Каменский цементный завод', 'name:uk': ""Кам'янський цементний завод""}"
359110558,way,ТПЦ-4,,,,,47.5866005,34.3288261,"{'building': 'industrial', 'industrial': 'factory', 'name': 'ТПЦ-4', 'name:uk': 'ТПЦ-4', 'operator': 'СПЮ'}"
359115628,way,Труболиварний цех,,,,,47.5865573,34.3344744,"{'building': 'industrial', 'industrial': 'factory', 'name': 'Труболиварний цех', 'name:uk': 'Труболиварний цех', 'operator': 'Трубосталь'}"
359115632,way,ЦЕХ№6,,,,,47.584774,34.3347498,"{'building': 'industrial', 'industrial': 'factory', 'name': 'ЦЕХ№6', 'name:uk': 'ЦЕХ№6', 'operator': 'Никотьюб'}"
359191585,way,ТПЦ-2,,,,,47.5877641,34.3428491,"{'building': 'industrial', 'industrial': 'factory', 'name': 'ТПЦ-2', 'name:uk': 'ТПЦ-2', 'operator': 'Никотьюб'}"
359222353,way,ТВЦ-2,,,,,47.5874632,34.3514752,"{'building': 'industrial', 'industrial': 'factory', 'name': 'ТВЦ-2', 'name:uk': 'ТВЦ-2', 'operator': 'СПЮ'}"
359224369,way,ЦЕХ№7,,,,,47.5839141,34.351175,"{'building': 'industrial', 'building:levels': '4', 'industrial': 'factory', 'name': 'ЦЕХ№7', 'name:uk': 'ЦЕХ№7', 'operator': 'Никотьюб'}"
361010678,way,Смолинський торфозавод,,,,,51.2818932,30.9701745,"{'industrial': 'factory', 'landuse': 'industrial', 'name': 'Смолинський торфозавод', 'name:ru': 'Смолинский ТБЗ', 'name:uk': 'Смолинський торфозавод', 'source': 'bing;local knowledge'}"
361990691,way,Unknown,,,,,48.7946853,24.1929293,"{'barrier': 'fence', 'man_made': 'works'}"
361990723,way,Завод мінеральних вод ЗАТ «ГАНЦ»,,,,,48.8289535,24.2039803,"{'landuse': 'industrial', 'man_made': 'works', 'name': 'Завод мінеральних вод ЗАТ «ГАНЦ»', 'name:uk': 'Завод мінеральних вод ЗАТ «ГАНЦ»'}"
362066875,way,Цегельний завод,,,,,48.9974354,29.7921562,"{'building': 'yes', 'man_made': 'works', 'name': 'Цегельний завод', 'name:uk': 'Цегельний завод'}"
362206708,way,Ливарний завод,,,,,49.0018084,29.7820622,"{'building': 'yes', 'man_made': 'works', 'name': 'Ливарний завод', 'name:uk': 'Ливарний завод'}"
363017559,way,Завод будівельних виробів,,,,,48.7431182,37.6263915,"{'landuse': 'industrial', 'man_made': 'works', 'name': 'Завод будівельних виробів', 'name:ru': 'Завод строительных изделий', 'name:uk': 'Завод будівельних виробів'}"
363326458,way,КСП Харківміськліфт,,,,,50.0159077,36.2094657,"{'barrier': 'fence', 'man_made': 'works', 'name': 'КСП Харківміськліфт', 'name:ru': 'Харьковгорлифт', 'name:uk': 'КСП Харківміськліфт'}"
364372675,way,Цукровий завод,,,,,50.430445,26.5027317,"{'industrial': 'factory', 'landuse': 'industrial', 'name': 'Цукровий завод', 'name:uk': 'Цукровий завод'}"
364709079,way,Хлібзавод,,,,,48.597362,37.5435472,"{'landuse': 'industrial', 'man_made': 'works', 'name': 'Хлібзавод', 'name:uk': 'Хлібзавод', 'product': 'bread'}"
365742220,way,Зарубинський спиртовий завод,,,,,49.694332,25.6829594,"{'industrial': 'factory', 'landuse': 'industrial', 'name': 'Зарубинський спиртовий завод', 'name:uk': 'Зарубинський спиртовий завод'}"
365975409,way,Unknown,,,,,48.8923229,24.7603384,"{'addr:housenumber': '3', 'addr:street': 'Марковецька вулиця', 'building': 'industrial', 'man_made': 'works', 'product': 'cable'}"
366302704,way,Unknown,,,,,48.8625646,24.7288691,"{'building': 'yes', 'man_made': 'works'}"
366302705,way,Unknown,,,,,48.862622,24.7300315,"{'building': 'yes', 'man_made': 'works'}"
366302706,way,Unknown,,,,,48.8623003,24.7288787,"{'building': 'yes', 'man_made': 'works'}"
366302707,way,Unknown,,,,,48.8623734,24.7311775,"{'building': 'yes', 'man_made': 'works'}"
366302708,way,Unknown,,,,,48.861716,24.7293761,"{'building': 'yes', 'man_made': 'works'}"
366302710,way,Unknown,,,,,48.86062,24.7314913,"{'building': 'yes', 'man_made': 'works'}"
366302712,way,Unknown,,,,,48.8612406,24.728275,"{'building': 'yes', 'man_made': 'works'}"
366302716,way,Unknown,,,,,48.8616885,24.7304138,"{'building': 'yes', 'man_made': 'works'}"
366793727,way,"Завод ""Прогресс""",,,,,44.9326842,34.0673427,"{'building': 'industrial', 'man_made': 'works', 'name': 'Завод ""Прогресс""', 'name:uk': 'Завод ""Прогрес""'}"
366793740,way,Группа АСТ,,,,,44.9327208,34.0688828,"{'addr:housenumber': '34', 'addr:street': 'улица Генерала Васильева', 'building': 'industrial', 'man_made': 'works', 'name': 'Группа АСТ', 'name:uk': 'Група АСТ'}"
367974607,way,Unknown,,,,,48.8363315,24.6988651,"{'building': 'industrial', 'man_made': 'works'}"
367974608,way,Unknown,,,,,48.836297,24.6992169,"{'building': 'industrial', 'man_made': 'works'}"
368651958,way,Цех №32,,,,,50.9436749,34.7883288,"{'building': 'industrial', 'man_made': 'works', 'name': 'Цех №32', 'name:uk': 'Цех №32'}"
368652811,way,Цех №51,,,,,50.9407779,34.7840438,"{'building': 'industrial', 'man_made': 'works', 'name': 'Цех №51', 'name:uk': 'Цех №51'}"
370339006,way,Unknown,,,,,48.881642,30.6972458,"{'building': 'yes', 'man_made': 'works'}"
370435836,way,Цех №3,,,,,50.9424927,34.7821426,"{'building': 'industrial', 'man_made': 'works', 'name': 'Цех №3', 'name:uk': 'Цех №3'}"
371594777,way,Судоверфь Валм,,,,,44.6122759,33.5784823,"{'addr:city': 'Севастополь', 'addr:housenumber': '24', 'addr:street': 'Ангарская улица', 'building': 'yes', 'craft': 'boatbuilder', 'man_made': 'works', 'name': 'Судоверфь Валм', 'name:ru': 'Судоверфь Валм', 'name:uk': 'Судноверф Валм', 'opening_hours': 'Mo-Fr 09:00-17:00', 'phone': '+7 (978) 860-83-20'}"
372168579,way,Швейна фабрика,,,,,51.2170602,24.6949471,"{'building': 'yes', 'building:levels': '3', 'man_made': 'works', 'name': 'Швейна фабрика', 'name:uk': 'Швейна фабрика', 'product': 'clothes'}"
374812802,way,Unknown,,,,,49.0448804,24.3525188,"{'addr:housenumber': '1-А', 'addr:street': 'вулиця Молодіжна', 'building': 'commercial', 'building:levels': '1', 'man_made': 'works'}"
374997171,way,"ТОВ ""КАРПАТНАФТОХІМ""",,,,,49.0738304,24.2991095,"{'email': 'mail@knh.com.ua', 'industrial': 'petrochemical', 'landuse': 'industrial', 'man_made': 'works', 'name': 'ТОВ ""КАРПАТНАФТОХІМ""', 'name:ru': 'Карпатнефтехим', 'name:uk': 'ТОВ ""КАРПАТНАФТОХІМ""', 'phone': '+380 3472 60 148', 'website': 'http://www.knh.com.ua/uk/'}"
375140176,way,Unknown,,,,,49.0456058,24.3131717,"{'landuse': 'industrial', 'man_made': 'works'}"
375153737,way,Unknown,,,,,49.018431,24.3624766,"{'addr:housenumber': '89-А', 'addr:street': 'вулиця Михайла Грушевського', 'building': 'yes', 'man_made': 'works', 'product': 'beer'}"
375191980,way,Unknown,,,,,50.2580284,28.7091611,"{'addr:housenumber': '13', 'addr:street': 'Заводська вулиця', 'building': 'yes', 'man_made': 'works'}"
375397590,way,Цех №1,,,,,50.9243174,34.7999729,"{'building': 'industrial', 'building:levels': '4', 'man_made': 'works', 'name': 'Цех №1', 'name:ru': 'Цех №1', 'name:uk': 'Цех №1'}"
381338938,way,Мій Двір ТМ,,,,,49.7064276,24.1077044,"{'industrial': 'factory', 'landuse': 'industrial', 'name': 'Мій Двір ТМ', 'name:uk': 'Мій Двір ТМ'}"
382490359,way,"Харчосмакова фабрика ТОВ ""Агрофірма ім. Шевченка""",,,,,46.1781925,34.807992,"{'industrial': 'factory', 'landuse': 'industrial', 'name': 'Харчосмакова фабрика ТОВ ""Агрофірма ім. Шевченка""', 'name:en': 'Flavoring factory of ""Agricultural company named after Shevchenko"", Ltd.', 'name:ru': 'Пищевкусовая фабрика ООО ""Агрофирма им. Шевченко""', 'name:uk': 'Харчосмакова фабрика ТОВ ""Агрофірма ім. Шевченка""'}"
384545101,way,"Винзавод ""Alma Valley""",,,,,44.8434956,33.7034364,"{'building': 'industrial', 'man_made': 'works', 'name': 'Винзавод ""Alma Valley""', 'name:uk': 'Вінзавод ""Alma Valley""', 'product': 'wine'}"
384904328,way,ПрАТ «Єврокар»,,,,,48.437473,22.1742081,"{'addr:housenumber': '46', 'addr:street': 'Демократична вулиця', 'barrier': 'fence', 'description': 'Виробляє авто марок Skoda, а також VW, Seat (іноді інші марки)', 'landuse': 'industrial', 'man_made': 'works', 'name': 'ПрАТ «Єврокар»', 'name:uk': 'ПрАТ «Єврокар»'}"
384932755,way,Завод нестандартного обладнання та трубопроводів,,,,,47.4919869,34.6372226,"{'industrial': 'factory', 'landuse': 'industrial', 'name': 'Завод нестандартного обладнання та трубопроводів', 'name:uk': 'Завод нестандартного обладнання та трубопроводів'}"
386231763,way,Unknown,,,,,49.7302695,36.8368399,"{'barrier': 'fence', 'landuse': 'industrial', 'man_made': 'works'}"
389954027,way,"ООО ""Производственный Комплекс""",,,,,44.9188112,34.1186526,"{'barrier': 'fence', 'description': 'Механосборочный завод ООО ""Камоцци Пневматика"", ООО ""Производственный Комплекс"". Производство пневматического оборудования.', 'int_name': 'Camozzi-Pneumatic', 'landuse': 'industrial', 'man_made': 'works', 'name': 'ООО ""Производственный Комплекс""', 'name:ru': 'ООО ""Производственный Комплекс""', 'phone': '+73652561900', 'source': 'Owner', 'website': 'https://www.camozzi.ru/', 'wikidata': 'Q16657751', 'wikipedia': 'ru:Камоцци Пневматика'}"
390908705,way,Unknown,,,,,48.0393647,24.9334553,"{'building': 'yes', 'man_made': 'works'}"
390908718,way,Unknown,,,,,48.0410497,24.9388317,"{'building': 'yes', 'man_made': 'works'}"
390908729,way,Unknown,,,,,48.0446123,24.9426254,"{'building': 'yes', 'man_made': 'works'}"
390908730,way,Unknown,,,,,48.0407952,24.9385635,"{'building': 'yes', 'man_made': 'works'}"
390908761,way,Unknown,,,,,48.0413571,24.9463226,"{'building': 'yes', 'man_made': 'works'}"
390908764,way,Unknown,,,,,48.0415,24.9381763,"{'building': 'yes', 'man_made': 'works'}"
391518291,way,Білоцерківський молочний комбінат,,,,,49.7781241,30.2209882,"{'industrial': 'factory', 'landuse': 'industrial', 'name': 'Білоцерківський молочний комбінат', 'name:uk': 'Білоцерківський молочний комбінат'}"
392509427,way,Вин завод,,,,,49.5487891,27.2408278,"{'man_made': 'works', 'name': 'Вин завод', 'name:uk': 'Вин завод'}"
392693610,way,Unknown,,,,,49.5357433,27.2349795,"{'building': 'yes', 'man_made': 'works'}"
392693613,way,Хімічний склад,,,,,49.5391008,27.2399073,"{'building': 'yes', 'man_made': 'works', 'name': 'Хімічний склад', 'name:uk': 'Хімічний склад'}"
396134476,way,Cerezit,,,,,50.5932918,30.4416553,"{'addr:housenumber': '2', 'addr:street': 'Новопромислова вулиця', 'barrier': 'wall', 'landuse': 'industrial', 'man_made': 'works', 'name': 'Cerezit', 'phone': '+380 44 490 5120'}"
398419155,way,Unknown,,,,,48.4921801,35.110203,{'man_made': 'works'}
400707335,way,Силікатний завод,,,,,49.4024349,32.1295924,"{'industrial': 'factory', 'landuse': 'industrial', 'name': 'Силікатний завод', 'name:ru': 'Силикатный завод', 'name:uk': 'Силікатний завод'}"
406496850,way,"""Ассоль""",,,,,44.967039,34.1438865,"{'addr:housenumber': '14Б', 'addr:street': 'улица Бородина', 'building': 'yes', 'description': 'производство', 'man_made': 'works', 'name': '""Ассоль""', 'name:uk': '""Ассоль""', 'phone': '+79781020713'}"
409383455,way,Научно Производственное предприятие Эльтавр,,,,,44.905361,34.0607642,"{'building': 'yes', 'man_made': 'works', 'name': 'Научно Производственное предприятие Эльтавр'}"
409447800,way,Сєвєродонецька ТЕЦ,,,,,48.9358793,38.4562758,"{'landuse': 'industrial', 'man_made': 'works', 'name': 'Сєвєродонецька ТЕЦ', 'name:en': 'Severodonetsk Cogeneration Plant', 'name:ru': 'Северодонецкая ТЭЦ', 'name:uk': 'Сєвєродонецька ТЕЦ', 'plant:method': 'combustion', 'plant:output:electricity': '260 MW', 'plant:source': 'gas', 'power': 'plant', 'start_date': '1952', 'website': 'https://sdtec.lg.ua/', 'wikidata': 'Q4412574', 'wikipedia': 'uk:Сєвєродонецька ТЕЦ'}"
409585731,way,Швейна фабрика Динамо,,,,,47.817884,35.0292042,"{'addr:housenumber': '9', 'addr:street': 'Козака Бабури вулиця', 'building': 'yes', 'building:levels': '3', 'man_made': 'works', 'name': 'Швейна фабрика Динамо', 'name:uk': 'Швейна фабрика Динамо'}"
409850592,way,Сєвєродонецьке об'єднання «Азот»,,,,,48.9464622,38.4576788,"{'access': 'private', 'contact:website': 'http://www.azot.lg.ua/', 'man_made': 'works', 'name': ""Сєвєродонецьке об'єднання «Азот»"", 'name:en': 'Azot Severodonetsk Association', 'name:ru': 'Северодонецкое объединение «Азот»', 'name:uk': ""Сєвєродонецьке об'єднання «Азот»"", 'operator:ru': 'ЧАО «Северодонецкое объединение Азот»'}"
410552433,way,Пивзавод ПАТ «Оболонь»,,,,,50.5122784,30.4801918,"{'addr:housenumber': '3', 'addr:street': 'Богатирська вулиця', 'email': 'general@kiev.obolon.ua', 'fax': '+380 44 412 7603', 'industrial': 'brewery', 'landuse': 'industrial', 'man_made': 'works', 'name': 'Пивзавод ПАТ «Оболонь»', 'name:ru': 'Пивзавод ЗАО «Оболонь»', 'name:uk': 'Пивзавод ПАТ «Оболонь»', 'phone': '+380 44 412 8410', 'product': 'beer', 'website': 'http://obolon.ua'}"
410616873,way,Завод питьевой воды АкваКрым,,,,,44.5732235,33.7555292,"{'addr:city': 'Терновка', 'addr:housenumber': '6', 'addr:street': 'Родниковая улица', 'building': 'yes', 'fixme': 'Проверить работает ли', 'man_made': 'works', 'name': 'Завод питьевой воды АкваКрым', 'name:uk': 'Завод питної води АкваКрим'}"
411779304,way,Тернопільський асфальтний завод,,,,,49.511449,25.6326679,"{'alt_name': 'Асфальтний завод', 'branch': 'АБЗ Березовиця', 'landuse': 'industrial', 'man_made': 'works', 'name': 'Тернопільський асфальтний завод', 'name:uk': 'Тернопільський асфальтний завод', 'product': 'asphalt'}"
411791223,way,Комбінат „Будіндустрія“,,,,,49.4839889,25.6114366,"{'landuse': 'industrial', 'man_made': 'works', 'name': 'Комбінат „Будіндустрія“', 'name:uk': 'Комбінат „Будіндустрія“', 'official_name': 'ВАТ „Будіндустрія“', 'short_name': 'Будіндустрія'}"
411791224,way,Фабрика меблів „Нова“,,,,,49.4858883,25.6105554,"{'landuse': 'industrial', 'man_made': 'works', 'name': 'Фабрика меблів „Нова“', 'name:uk': 'Фабрика меблів „Нова“', 'short_name': 'Нова'}"
413788774,way,Ужгородський консервний завод,,,,,48.6110286,22.2589807,"{'barrier': 'fence', 'landuse': 'industrial', 'man_made': 'works', 'name': 'Ужгородський консервний завод', 'name:ru': 'Ужгородский консервный завод', 'name:uk': 'Ужгородський консервний завод'}"
419558887,way,Нова-Пак,,,,,50.7393787,26.0753122,"{'industrial': 'factory', 'landuse': 'industrial', 'name': 'Нова-Пак', 'name:uk': 'Нова-Пак'}"
421806827,way,"ТОВ ""ЕМПІРИКА""",,,,,50.187892,25.7613585,"{'industrial': 'factory', 'landuse': 'industrial', 'name': 'ТОВ ""ЕМПІРИКА""'}"
422004736,way,"Шосткинський завод ""Зірка""",,,,,51.878247,33.493442,"{'industrial': 'factory', 'landuse': 'industrial', 'name': 'Шосткинський завод ""Зірка""', 'name:uk': 'Шосткинський завод ""Зірка""', 'wikidata': 'Q12172247', 'wikipedia': 'uk:Шосткинський казенний завод «Зірка»'}"
424293359,way,Unknown,,,,,49.0451022,24.3379575,"{'addr:housenumber': '79', 'addr:street': 'вулиця Богдана Хмельницького', 'building': 'industrial', 'man_made': 'works'}"
425794384,way,Сміттєпереробний комплекс,,,,,49.9666939,35.9265001,"{'barrier': 'fence', 'man_made': 'works', 'name': 'Сміттєпереробний комплекс', 'name:uk': 'Сміттєпереробний комплекс'}"
425949455,way,Unknown,,,,,45.4584228,29.4998152,"{'building': 'yes', 'man_made': 'works'}"
426276747,way,FRANKO,,,,,49.6085628,25.5674486,"{'addr:street': 'Бічна Транспортна вулиця', 'building': 'industrial', 'man_made': 'works', 'name': 'FRANKO'}"
427627258,way,Unknown,,,,,48.5870986,39.3007528,"{'addr:housenumber': '1', 'addr:street': 'Красногорскій провулок', 'building': 'yes', 'man_made': 'works'}"
428779385,way,Троїцький маслобійний завод,,,,,49.9257893,38.2944627,"{'landuse': 'industrial', 'man_made': 'works', 'name': 'Троїцький маслобійний завод', 'name:ru': 'Троицкий маслобойный завод', 'name:uk': 'Троїцький маслобійний завод'}"
428852946,way,"Ветропак Гостомельський Склозавод, АТ",,,,,50.5667309,30.2749917,"{'landuse': 'industrial', 'man_made': 'works', 'name': 'Ветропак Гостомельський Склозавод, АТ', 'name:en': 'Vetropack Gostomel Glass Factory JSC', 'name:ru': 'Ветропак Гостомельский Стеклозавод, АО', 'name:uk': 'Ветропак Гостомельський Склозавод, АТ', 'product': 'container glass', 'website': 'https://www.vetropack.ua/'}"
429454214,way,"ТОВ ""Хустхліб""",,,,,48.1818562,23.2873318,"{'contact:phone': '+380 3142 53 403', 'landuse': 'industrial', 'man_made': 'works', 'name': 'ТОВ ""Хустхліб""', 'name:uk': 'ТОВ ""Хустхліб""'}"
430114436,way,"Красилівський агрегатний завод, ДП",,,,,49.6629451,26.9602106,"{'landuse': 'industrial', 'man_made': 'works', 'name': 'Красилівський агрегатний завод, ДП', 'name:en': 'Krasilovsky Assembly Facility', 'name:uk': 'Красилівський агрегатний завод, ДП', 'product': 'heating equipment'}"
430114439,way,Вікс-Фільтрон Україна,,,,,49.6613544,26.9563293,"{'landuse': 'industrial', 'man_made': 'works', 'name': 'Вікс-Фільтрон Україна', 'name:en': 'Wix-Filtron Ukraine', 'name:uk': 'Вікс-Фільтрон Україна', 'product': 'filters'}"
430114459,way,"Красилівський машинобудівний завод, АТ",,,,,49.6627046,26.9694639,"{'addr:housenumber': '16', 'addr:street': 'Центральна вулиця', 'landuse': 'industrial', 'man_made': 'works', 'name': 'Красилівський машинобудівний завод, АТ', 'name:uk': 'Красилівський машинобудівний завод, АТ', 'website': 'https://www.kmbz.com.ua/'}"
430114460,way,"Красилівський молочний завод, АТ",,,,,49.6634138,26.9923856,"{'man_made': 'works', 'name': 'Красилівський молочний завод, АТ', 'name:uk': 'Красилівський молочний завод, АТ', 'product': 'dairy products'}"
430114461,way,Красилівський цукровий завод,,,,,49.6653388,26.9756077,"{'addr:housenumber': '4а', 'addr:street': 'Центральна вулиця', 'landuse': 'industrial', 'man_made': 'works', 'name': 'Красилівський цукровий завод', 'name:uk': 'Красилівський цукровий завод', 'product': 'sugar'}"
430114462,way,"Оболонь ""Красилівське"", ДП ПрАТ",,,,,49.6644195,26.9646099,"{'addr:housenumber': '3', 'addr:street': 'Будівельна вулиця', 'landuse': 'industrial', 'man_made': 'works', 'name': 'Оболонь ""Красилівське"", ДП ПрАТ', 'name:uk': 'Оболонь ""Красилівське"", ДП ПрАТ', 'product': 'light alcohol drinks, non-alcohol drinks', 'website': 'http://www.obolon.ua/ukr/about/contacts/subsidiary-enterprise/?fil_id=593'}"
432958324,way,Unknown,,,,,50.4513801,30.426426,"{'building:part': 'yes', 'man_made': 'works'}"
432989380,way,Джентерм Україна,,,,,48.1505425,23.0287781,"{'addr:housenumber': '13', 'addr:street': 'вулиця Івана Ірлявського', 'landuse': 'industrial', 'man_made': 'works', 'name': 'Джентерм Україна', 'name:en': 'Gentherm Ukraine', 'name:mk': 'Гентерм Украина', 'name:uk': 'Джентерм Україна'}"
432993904,way,Меблева фабрика,,,,,48.1392151,23.0842291,"{'addr:city': 'Виноградів', 'addr:housenumber': '170', 'addr:postcode': '90300', 'addr:street': 'Персикова вулиця', 'landuse': 'industrial', 'man_made': 'works', 'name': 'Меблева фабрика', 'name:uk': 'Меблева фабрика', 'product': 'furniture'}"
434338382,way,"ПАТ ""Сумське НВО""",,,,,50.9262686,34.798267,"{'email': 'info@snpo.ua', 'industrial': 'factory', 'landuse': 'industrial', 'name': 'ПАТ ""Сумське НВО""', 'name:ru': 'ПАО ""Сумское НПО""', 'name:uk': 'ПАТ ""Сумське НВО""', 'phone': '+380 542 25 0539', 'website': 'http://snpo.ua'}"
434988016,way,"Бродівське меблеве підприємство ""Явір""",,,,,50.0955258,25.1497234,"{'addr:city': 'Броди', 'addr:housenumber': '4', 'addr:postcode': '80600', 'addr:street': 'вулиця Тараса Чупринки', 'landuse': 'industrial', 'man_made': 'works', 'name': 'Бродівське меблеве підприємство ""Явір""', 'name:uk': 'Бродівське меблеве підприємство ""Явір""', 'product': 'furniture'}"
434988777,way,"ПАТ ""Бродівський завод сухого знежиреного молока""",,,,,50.0925578,25.1525725,"{'addr:housenumber': '3', 'addr:postcode': '80600', 'addr:street': 'вулиця Івана Богуна', 'barrier': 'fence', 'landuse': 'industrial', 'man_made': 'works', 'name': 'ПАТ ""Бродівський завод сухого знежиреного молока""', 'name:uk': 'ПАТ ""Бродівський завод сухого знежиреного молока""', 'product': 'dairy', 'website': 'https://brodymoloko.pat.ua/'}"
434990997,way,ТзОВ “Електроконтакт – Україна»,,,,,50.099044,25.1471738,"{'addr:housenumber': '25', 'addr:street': 'вулиця Тараса Чупринки', 'landuse': 'industrial', 'man_made': 'works', 'name': 'ТзОВ “Електроконтакт – Україна»', 'name:uk': 'ТзОВ “Електроконтакт – Україна»', 'product': 'electronics'}"
435680614,way,Союзенергомаш,,,,,48.9355244,38.4833829,"{'landuse': 'industrial', 'man_made': 'works', 'name': 'Союзенергомаш', 'name:en': 'Soyuzenergomash', 'name:ru': 'Союзэнергомаш', 'name:uk': 'Союзенергомаш'}"
435836010,way,Unknown,,,,,50.8979808,34.8396274,"{'addr:housenumber': '18', 'barrier': 'fence', 'industrial': 'factory', 'landuse': 'industrial'}"
436461805,way,Ямпільський механічний завод,,,,,51.9511772,33.7753348,"{'building': 'yes', 'man_made': 'works', 'name': 'Ямпільський механічний завод', 'name:uk': 'Ямпільський механічний завод'}"
437319183,way,Меблева фабрика,,,,,50.2366595,30.3238722,"{'addr:housenumber': '404', 'addr:street': 'проспект Київський шлях', 'barrier': 'fence', 'man_made': 'works', 'name': 'Меблева фабрика', 'name:uk': 'Меблева фабрика'}"
437407445,way,Полтавський Тепловозоремонтний завод,,,,,49.5794625,34.5970698,"{'addr:housenumber': '30', 'addr:postcode': '36005', 'addr:street': ""вулиця Липинського В'ячеслава"", 'industrial': 'factory', 'landuse': 'industrial', 'name': 'Полтавський Тепловозоремонтний завод', 'name:en': 'Poltava Diesel Locomotive Repair Plant', 'name:ru': 'Полтавский Тепловозоремонтный завод', 'name:uk': 'Полтавський Тепловозоремонтний завод', 'short_name': 'ПАТ ТРЗ', 'short_name:uk': 'ПАТ ТРЗ', 'website': 'https://trz.com.ua/ua/', 'wikidata': 'Q4370837', 'wikipedia': 'uk:Полтавський тепловозоремонтний завод'}"
439150329,way,Unknown,,,,,48.2151628,34.8760068,"{'building': 'yes', 'man_made': 'works'}"
439357757,way,Unknown,,,,,48.2149474,34.8754297,"{'building': 'yes', 'man_made': 'works'}"
439981399,way,"Шоколадна фабрика ""Millennium""",,,,,48.4386063,35.0528478,"{'industrial': 'factory', 'landuse': 'industrial', 'name': 'Шоколадна фабрика ""Millennium""', 'name:ru': 'Шоколадная фабрика ""Millennium""', 'name:uk': 'Шоколадна фабрика ""Millennium""'}"
444927423,way,Цех гальванопокриття,,,,,50.5032439,30.4617028,"{'building': 'industrial', 'building:levels': '2', 'man_made': 'works', 'name': 'Цех гальванопокриття', 'name:uk': 'Цех гальванопокриття'}"
444927424,way,Цех нової техніки,,,,,50.5034219,30.4625093,"{'building': 'industrial', 'building:levels': '2', 'man_made': 'works', 'name': 'Цех нової техніки', 'name:uk': 'Цех нової техніки'}"
447168226,way,ТЖКП,,,,,48.5319858,36.0770129,"{'building': 'yes', 'man_made': 'works', 'name': 'ТЖКП', 'name:uk': 'ТЖКП'}"
453702291,way,Швейна Фабрика,,,,,50.3514434,30.9375524,"{'addr:housenumber': '1', 'addr:street': 'Ботанічна вулиця', 'man_made': 'works', 'name': 'Швейна Фабрика', 'name:uk': 'Швейна Фабрика'}"
457309858,way,Unknown,,,,,50.2525162,30.512588,{'man_made': 'works'}
457350151,way,"Майонезний завод ""Бест""",,,,,50.5017716,30.829961,"{'addr:housenumber': '7', 'addr:postcode': '07403', 'addr:street': 'Підприємницька вулиця', 'building': 'yes', 'man_made': 'works', 'name': 'Майонезний завод ""Бест""', 'name:uk': 'Майонезний завод ""Бест""', 'product': 'food'}"
457403688,way,Мукачівський пивоварний завод,,,,,48.457223,22.7577281,"{'addr:housenumber': '101', 'addr:postcode': '89611', 'addr:street': 'Підгорянська вулиця', 'industrial': 'bakery', 'landuse': 'industrial', 'man_made': 'works', 'name': 'Мукачівський пивоварний завод', 'name:uk': 'Мукачівський пивоварний завод', 'product': 'food', 'source': 'https://youcontrol.com.ua/catalog/company_details/00382467/'}"
459197203,way,Хлебзавод,,,,,47.5391399,30.7424154,"{'building': 'yes', 'man_made': 'works', 'name': 'Хлебзавод', 'name:uk': 'Хлебзавод'}"
459429138,way,Unknown,,,,,49.4140244,26.8720819,{'man_made': 'works'}
463306198,way,Зіньківський пивзавод,,,,,49.0904431,27.0693897,"{'industrial': 'factory', 'landuse': 'industrial', 'name': 'Зіньківський пивзавод', 'name:uk': 'Зіньківський пивзавод'}"
463644145,way,Металобаза,,,,,44.5588575,33.6035785,"{'addr:housenumber': '138', 'addr:street': 'Чернореченская', 'industrial': 'factory', 'landuse': 'industrial', 'name': 'Металобаза'}"
464549546,way,Завод крупних електричних машин,,,,,46.7446109,33.3759531,"{'addr:housenumber': '35н', 'addr:street': 'Першотравнева вулиця', 'industrial': 'factory', 'landuse': 'industrial', 'name': 'Завод крупних електричних машин', 'name:uk': 'Завод крупних електричних машин'}"
464549547,way,Завод будівельних матеріалів №1,,,,,46.7434775,33.3796891,"{'industrial': 'factory', 'landuse': 'industrial', 'name': 'Завод будівельних матеріалів №1', 'name:ru': 'Завод строительных материалов №1', 'name:uk': 'Завод будівельних матеріалів №1'}"
464597976,way,Unknown,,,,,46.7434985,33.3788742,"{'building': 'industrial', 'man_made': 'works'}"
464597980,way,Цех,,,,,46.7443358,33.3737594,"{'building': 'industrial', 'man_made': 'works', 'name': 'Цех', 'name:uk': 'Цех'}"
464602173,way,Зварювально-заготівельний цех,,,,,46.744791,33.3786422,"{'building': 'industrial', 'man_made': 'works', 'name': 'Зварювально-заготівельний цех', 'name:ru': 'Сварочно-заготовительный цех', 'name:uk': 'Зварювально-заготівельний цех'}"
464602176,way,Збиральний цех,,,,,46.7443115,33.3720562,"{'building': 'industrial', 'man_made': 'works', 'name': 'Збиральний цех', 'name:uk': 'Збиральний цех'}"
469677904,way,Швейний,,,,,49.064272,23.8654879,"{'building': 'yes', 'man_made': 'works', 'name': 'Швейний', 'name:uk': 'Швейний'}"
470218905,way,Кондитерский цех БРИЗ,,,,,44.6098459,33.5684245,"{'addr:city': 'Севастополь', 'addr:housenumber': '43', 'addr:postcode': '299000-299699', 'addr:street': 'Мореходная улица', 'building': 'industrial', 'building:levels': '2', 'man_made': 'works', 'name': 'Кондитерский цех БРИЗ', 'name:ru': 'Кондитерский цех БРИЗ', 'name:uk': 'Кондитерський цех БРИЗ', 'product': 'confectionery'}"
470679716,way,Unknown,,,,,45.1362089,33.5503808,{'man_made': 'works'}
470829102,way,ТОВ Ельфапак,,,,,50.8303322,28.955582,"{'email': 'pet@elfa.com.ua', 'landuse': 'industrial', 'man_made': 'works', 'name': 'ТОВ Ельфапак', 'name:uk': 'ТОВ Ельфапак', 'old_name:uk': 'ТОВ ""Фабрика натуральної косметики ""Ельфа""'}"
472371074,way,Цех № 19,,,,,50.9445263,34.7874252,"{'building': 'industrial', 'man_made': 'works', 'name': 'Цех № 19', 'name:uk': 'Цех № 19'}"
472371079,way,Цех № 16 (уч.5),,,,,50.9438538,34.7854751,"{'building': 'industrial', 'man_made': 'works', 'name': 'Цех № 16 (уч.5)', 'name:uk': 'Цех № 16 (уч.5)'}"
472372962,way,Пилорама,,,,,49.0809374,23.8497393,"{'man_made': 'works', 'name': 'Пилорама', 'name:uk': 'Пилорама'}"
472372963,way,Шкірзавод,,,,,49.08134,23.8493376,"{'building': 'industrial', 'man_made': 'works', 'name': 'Шкірзавод', 'name:uk': 'Шкірзавод'}"
473910320,way,Продтовари,,,,,46.1942101,30.3184008,"{'email': 'prodtovari@gmail.com', 'industrial': 'factory', 'landuse': 'industrial', 'name': 'Продтовари', 'name:ru': 'Продтовары', 'name:uk': 'Продтовари', 'phone': '+380 48 784 3928', 'website': 'http://www.prodtovari.com.ua/'}"
474586200,way,Краски Нютон,,,,,49.8270775,35.7005213,"{'building': 'yes', 'building:levels': '3', 'man_made': 'works', 'name': 'Краски Нютон', 'name:uk': 'Краски Нютон'}"
475603974,way,Unknown,,,,,47.8767395,35.1400064,"{'building': 'industrial', 'man_made': 'works'}"
475607484,way,Сміттєсортувальна станція,,,,,49.2890655,28.6463484,"{'landuse': 'industrial', 'man_made': 'works', 'name': 'Сміттєсортувальна станція', 'name:ru': 'Мусоросортировочная станция', 'name:uk': 'Сміттєсортувальна станція', 'operator': 'ЕкоВін'}"
475866062,way,Веретено,,,,,46.1931749,30.3442675,"{'addr:housenumber': '33', 'addr:street': 'Миколаївська вулиця', 'building': 'industrial', 'building:levels': '2', 'industrial': 'factory', 'name': 'Веретено', 'name:uk': 'Веретено'}"
476641493,way,Цегельний завод,,,,,48.8352457,25.3574047,"{'man_made': 'works', 'name': 'Цегельний завод', 'name:uk': 'Цегельний завод'}"
477158485,way,Unknown,,,,,48.2140124,22.6382147,"{'barrier': 'fence', 'man_made': 'works'}"
478856272,way,Хлібзавод №5,,,,,47.8128015,35.0266544,"{'building': 'industrial', 'man_made': 'works', 'name': 'Хлібзавод №5', 'name:uk': 'Хлібзавод №5'}"
480173174,way,Unknown,,,,,50.3139615,30.297969,"{'addr:housenumber': '15', 'addr:street': 'вулиця Хрещатик', 'building': 'yes', 'building:levels': '2', 'man_made': 'works'}"
480660497,way,Plast-Invest Tov,,,,,49.7330709,24.0802795,"{'industrial': 'factory', 'landuse': 'industrial', 'name': 'Plast-Invest Tov', 'name:uk': 'Plast-Invest Tov'}"
481306319,way,Stalar,,,,,50.2678624,30.3926219,"{'barrier': 'wall', 'description': 'виробник димоходів з утеплювачем з вермикуліту', 'industrial': 'factory', 'landuse': 'industrial', 'name': 'Stalar', 'website': 'https://stalar.ua/'}"
483245783,way,Табако-сушильный комбинат,,,,,44.4516304,33.7747637,"{'addr:city': 'Орлиное', 'addr:housenumber': '8А к2', 'addr:street': 'улица Ивана Пахомова', 'building': 'yes', 'man_made': 'works', 'name': 'Табако-сушильный комбинат', 'name:ru': 'Табако-сушильный комбинат', 'name:uk': 'Тютюн-сушильний комбінат', 'product': 'tobacco'}"
483267595,way,Швейна фабрика,,,,,48.6413068,38.6291234,"{'building': 'yes', 'man_made': 'works', 'name': 'Швейна фабрика', 'name:uk': 'Швейна фабрика'}"
485295338,way,"ПрАТ ""Птахокомбінат Бершадський""",,,,,48.4365642,29.5552688,"{'email': 'ptica.bershad@gmail.com', 'industrial': 'factory', 'landuse': 'industrial', 'name': 'ПрАТ ""Птахокомбінат Бершадський""', 'name:uk': 'ПрАТ ""Птахокомбінат Бершадський""', 'phone': '+38 04352 21642', 'website': 'http://ptica.bershad.com.ua/'}"
485295343,way,Unknown,,,,,48.4397614,29.5534159,"{'industrial': 'factory', 'landuse': 'industrial'}"
486752336,way,ТоВ ЕВК,,,,,47.9923036,24.2082181,"{'addr:street': 'Заводська вулиця', 'man_made': 'works', 'name': 'ТоВ ЕВК', 'name:uk': 'ТоВ ЕВК'}"
486805143,way,Комунальник,,,,,47.1137894,37.6070297,"{'landuse': 'industrial', 'man_made': 'works', 'name': 'Комунальник', 'name:ru': 'Коммунальник', 'name:uk': 'Комунальник', 'official_status': 'Комунальне підприємство'}"
489250843,way,Овруцький молочно-консервний завод,,,,,51.3237344,28.8144956,"{'area': 'yes', 'man_made': 'works', 'name': 'Овруцький молочно-консервний завод', 'name:uk': 'Овруцький молочно-консервний завод'}"
491187938,way,Unknown,,,,,46.0853363,29.1296512,"{'amenity': 'industrial', 'man_made': 'works'}"
491189396,way,"Завод ""Квант""",,,,,50.3946614,30.4817082,"{'industrial': 'factory', 'landuse': 'industrial', 'name': 'Завод ""Квант""', 'name:uk': 'Завод ""Квант""', 'wikidata': 'Q21843150', 'wikipedia': 'uk:Квант-Радіолокація'}"
492161130,way,Комбікормовий завод,,,,,48.4572846,22.5812303,"{'addr:city': 'Ракошино', 'addr:postcode': '89620', 'landuse': 'industrial', 'man_made': 'works', 'name': 'Комбікормовий завод', 'name:hu': 'Kombingyár', 'name:uk': 'Комбікормовий завод'}"
492161131,way,"Консервний завод ""Корадо Каннінг Інкорпорейтед""",,,,,48.4448137,22.5822892,"{'addr:city': 'Ракошино', 'addr:housenumber': '51', 'addr:postcode': '89620', 'addr:street': 'Латорична вулиця', 'landuse': 'industrial', 'man_made': 'works', 'name': 'Консервний завод ""Корадо Каннінг Інкорпорейтед""', 'name:hu': 'Ződség', 'name:uk': 'Консервний завод ""Корадо Каннінг Інкорпорейтед""'}"
494829267,way,Unknown,,,,,50.254627,24.5371688,"{'building': 'yes', 'man_made': 'works'}"
496481741,way,Unknown,,,,,48.4227202,35.003476,"{'barrier': 'fence', 'landuse': 'industrial', 'man_made': 'works', 'plant:output:hot_water': 'hot_water', 'plant:source': 'gas', 'power': 'plant'}"
498018485,way,"Фармацевтична компанія ""Кусум Фарм""",,,,,50.9562748,34.7873599,"{'email': 'info@kusumpharm.com', 'fax': '+380 542 67 2321', 'industrial': 'factory', 'landuse': 'industrial', 'name': 'Фармацевтична компанія ""Кусум Фарм""', 'name:uk': 'Фармацевтична компанія ""Кусум Фарм""', 'phone': '+380 542 24 1661', 'website': 'https://www.kusumpharm.com/'}"
498274276,way,Асфальто-бітумний завод,,,,,49.4788869,29.8869621,"{'industrial': 'factory', 'landuse': 'industrial', 'name': 'Асфальто-бітумний завод', 'name:ru': 'Асфальто-битумный завод', 'name:uk': 'Асфальто-бітумний завод'}"
498983113,way,Unknown,,,,,49.8952639,28.5880094,"{'building': 'yes', 'man_made': 'works'}"
499545988,way,Ажур,,,,,49.222533,31.8516343,"{'industrial': 'factory', 'landuse': 'industrial', 'name': 'Ажур', 'name:uk': 'Ажур'}"
504600078,way,Unknown,,,,,49.4104471,24.308289,"{'industrial': 'factory', 'landuse': 'industrial'}"
507678271,way,Дослідне виробництво,,,,,50.467285,30.3601105,"{'man_made': 'works', 'name': 'Дослідне виробництво', 'name:uk': 'Дослідне виробництво'}"
509869874,way,"Кондитерська фабрика ""Весела Бджілка""",,,,,49.8949009,24.2969012,"{'landuse': 'industrial', 'man_made': 'works', 'name': 'Кондитерська фабрика ""Весела Бджілка""', 'name:uk': 'Кондитерська фабрика ""Весела Бджілка""', 'product': 'food'}"
510418717,way,Завод ЗБК імені Світлани Ковальської в м. Вишневе,,,,,50.3816504,30.3414463,"{'barrier': 'fence', 'industrial': 'factory', 'landuse': 'industrial', 'name': 'Завод ЗБК імені Світлани Ковальської в м. Вишневе'}"
511468843,way,"ТзОВ ""Ромтех""",,,,,50.0985737,25.1499223,"{'addr:city': 'Броди', 'addr:housenumber': '6', 'addr:postcode': '80600', 'addr:street': 'вулиця Тараса Чупринки', 'landuse': 'industrial', 'man_made': 'works', 'name': 'ТзОВ ""Ромтех""', 'name:uk': 'ТзОВ ""Ромтех""', 'website': 'http://www.romteh.com.ua/'}"
511507901,way,"Агрозавгоспбуд ТзОВ ""Укрополь-ТЕН""",,,,,50.1001588,25.1501921,"{'addr:city': 'Броди', 'addr:housenumber': '6', 'addr:postcode': '80600', 'addr:street': 'вулиця Тараса Чупринки', 'landuse': 'industrial', 'man_made': 'works', 'name': 'Агрозавгоспбуд ТзОВ ""Укрополь-ТЕН""', 'name:uk': 'Агрозавгоспбуд ТзОВ ""Укрополь-ТЕН""', 'website': 'https://ukropol-ten.prom.ua/'}"
512285015,way,Unknown,,,,,44.5565672,33.5048764,"{'addr:housenumber': '14', 'addr:street': 'Камышовое шоссе', 'building': 'yes', 'building:levels': '2', 'man_made': 'works', 'source:addr': 'ЕГРН', 'start_date': '1996'}"
514626637,way,"СТзОВ ""Дружба""",,,,,50.094328,25.14653,"{'addr:housenumber': '17', 'addr:street': 'вулиця Тараса Чупринки', 'landuse': 'industrial', 'man_made': 'works', 'name': 'СТзОВ ""Дружба""', 'name:uk': 'СТзОВ ""Дружба""', 'old_name': 'ВАТ ""Бродирембуд""'}"
514844478,way,"Калуський завод ""Будмаш""",,,,,49.0445643,24.3372867,"{'alt_name': 'Калуський завод будівельних машин', 'contact:website': 'https://kzbm.com.ua/', 'industrial': 'factory', 'landuse': 'industrial', 'name': 'Калуський завод ""Будмаш""', 'name:uk': '""Будмаш""', 'short_name': 'КЗБМ'}"
516715280,way,Біликівський молочний завод,,,,,49.9745522,33.6752129,"{'industrial': 'factory', 'landuse': 'industrial', 'name': 'Біликівський молочний завод', 'name:uk': 'Біликівський молочний завод'}"
516824030,way,Кролевецький комбікормовий завод (ККЗ),,,,,51.5517071,33.3511304,"{'industrial': 'factory', 'landuse': 'industrial', 'name': 'Кролевецький комбікормовий завод (ККЗ)', 'name:ru': 'Кролевецкий комбикормовый завод (ККЗ)', 'name:uk': 'Кролевецький комбікормовий завод (ККЗ)'}"
521805328,way,Бориспільський автобусний завод,,,,,50.391427,30.8045676,"{'addr:housenumber': '4', 'addr:street': 'Броварська вулиця', 'barrier': 'wall', 'industrial': 'factory', 'landuse': 'industrial', 'name': 'Бориспільський автобусний завод', 'name:ru': 'Бориспольский автобусный завод', 'name:uk': 'Бориспільський автобусний завод', 'website': 'http://baz.ua'}"
525126080,way,Ліварний цех,,,,,50.5031062,30.4639054,"{'building': 'industrial', 'building:levels': '1', 'man_made': 'works', 'name': 'Ліварний цех', 'name:uk': 'Ліварний цех', 'product': 'steel'}"
525126086,way,Unknown,,,,,50.5017011,30.4615192,"{'building': 'industrial', 'building:levels': '2', 'man_made': 'works'}"
529461664,way,ТОВ ''Контур-мет'',,,,,50.5626992,30.2936417,"{'addr:city': 'Горенка', 'addr:housenumber': '24', 'addr:street': 'Садова вулиця', 'barrier': 'fence', 'description': 'Підприємоство по вторинній переробці алімінієвих сплавів.', 'landuse': 'industrial', 'man_made': 'works', 'name': ""ТОВ ''Контур-мет''"", 'name:uk': ""ТОВ ''Контур-мет''""}"
529635167,way,Unknown,,,,,47.5409692,30.7374124,"{'building': 'yes', 'man_made': 'works'}"
532807830,way,Завод ЗБВ ПАТ «ДБК-4»,,,,,50.5107733,30.472417,"{'addr:housenumber': '13', 'addr:postcode': '04074', 'addr:street': 'Лугова вулиця', 'email': 'zzbv@i.ua', 'landuse': 'industrial', 'man_made': 'works', 'name': 'Завод ЗБВ ПАТ «ДБК-4»', 'name:ru': 'Завод ЖБИ ЗАО «ДБК-4»', 'name:uk': 'Завод ЗБВ ПАТ «ДБК-4»', 'phone': '+380 44 430 5622', 'product': 'concrete', 'website': 'http://dbk4.com.ua/'}"
536219788,way,Unknown,,,,,48.1512481,23.0233948,"{'addr:city': 'Виноградів', 'addr:housenumber': '129', 'addr:postcode': '90300', 'addr:street': 'вулиця Івана Франка', 'building': 'industrial', 'building:levels': '3', 'man_made': 'works'}"
537617381,way,Интерьер-Сервис,,,,,44.5618887,33.5128889,"{'addr:city': 'Севастополь', 'addr:housenumber': '10А', 'addr:postcode': '299055', 'addr:street': 'улица Стахановцев', 'industrial': 'factory', 'landuse': 'retail', 'name': 'Интерьер-Сервис', 'name:ru': 'Интерьер-Сервис', 'name:uk': ""Інтер'єр-сервіс""}"
538011451,way,Unknown,,,,,49.6909656,37.1761127,"{'building': 'service', 'man_made': 'works'}"
546394363,way,Unknown,,,,,49.2441345,35.7533555,"{'building': 'yes', 'man_made': 'works'}"
546532334,way,Завод з виробництва алюмінієвих профілів,,,,,48.0603819,38.0621076,"{'landuse': 'industrial', 'man_made': 'works', 'name': 'Завод з виробництва алюмінієвих профілів', 'name:ru': 'Завод по производству алюминиевых профилей', 'name:uk': 'Завод з виробництва алюмінієвих профілів'}"
547768441,way,ПАТ Коростенський завод хімічного машинобудування,,,,,50.9631508,28.6428399,"{'addr:housenumber': '18', 'addr:street': 'вулиця Богдана Хмельницького', 'landuse': 'industrial', 'man_made': 'works', 'name': 'ПАТ Коростенський завод хімічного машинобудування', 'name:uk': 'ПАТ Коростенський завод хімічного машинобудування'}"
548517432,way,"Завод ""Чайкинські ковбаси""",,,,,52.1653978,32.9915948,"{'building': 'yes', 'man_made': 'works', 'name': 'Завод ""Чайкинські ковбаси""', 'name:uk': 'Завод ""Чайкинські ковбаси""'}"
556552602,way,эфиромасличный совхоз-завод Долина роз,,,,,44.8712837,34.9562564,"{'landuse': 'industrial', 'man_made': 'works', 'name': 'эфиромасличный совхоз-завод Долина роз'}"
557715832,way,Пельменний цех,,,,,48.9017791,30.5844006,"{'building': 'yes', 'man_made': 'works', 'name': 'Пельменний цех', 'name:uk': 'Пельменний цех'}"
560832773,way,Unknown,,,,,50.3968498,26.1244606,"{'building': 'yes', 'man_made': 'works'}"
560832775,way,Unknown,,,,,50.3973504,26.1245271,"{'building': 'yes', 'man_made': 'works'}"
562885558,way,"Фабрика вікон ""Океан""",,,,,50.2577867,28.7091646,"{'landuse': 'industrial', 'man_made': 'works', 'name': 'Фабрика вікон ""Океан""', 'name:uk': 'Фабрика вікон ""Океан""'}"
563694142,way,"Завод ""Маяк""",,,,,50.487572,30.4891572,"{'contact:website': 'http://www.mayak.com.ua/', 'industrial': 'factory', 'landuse': 'industrial', 'name': 'Завод ""Маяк""', 'name:uk': 'Завод ""Маяк""', 'start_date': '1924', 'wikipedia': 'uk:Маяк (завод, Київ)'}"
563909952,way,Завод «Мікрони»,,,,,50.4886453,30.4944275,"{'addr:housenumber': '6', 'addr:postcode': '04073', 'addr:street': 'проспект Степана Бандери', 'email': 'mail@microny.com.ua', 'industrial': 'factory', 'landuse': 'industrial', 'man_made': 'works', 'name': 'Завод «Мікрони»', 'name:ru': 'Завод «Микроны»', 'name:uk': 'Завод «Мікрони»', 'phone': '+380 44 464 4893', 'website': 'https://microny.com.ua/'}"
566348352,way,Фільмотехнік,,,,,50.5904549,30.4498667,"{'addr:housenumber': '1', 'addr:street': 'Фільмотехнічна', 'barrier': 'wall', 'contact:facebook': 'https://www.facebook.com/filmotechnic.ft/', 'contact:instagram': 'https://instagram.com/filmotechnicworldwide?igshid=588g9wxrrxix', 'contact:vimeo': 'https://vimeo.com/user1531248', 'contact:youtube': 'https://www.youtube.com/channel/UCRhUVvohcRtw3ZBQZ-cDGJg', 'industrial': 'factory', 'landuse': 'industrial', 'name': 'Фільмотехнік', 'name:en': 'Filmotechnic', 'name:ru': 'Фильмотехник', 'name:uk': 'Фільмотехнік', 'phone': '+380 44 290 9288;+380 44 456 5029;+380 50 501 3741', 'website': 'https://filmo.tech'}"
568301879,way,СК Джонсон,,,,,50.4939491,30.4905897,"{'addr:housenumber': '19-Б', 'addr:postcode': '04073', 'addr:street': 'проспект Степана Бандери', 'fax': '+380 44 490 3507', 'industrial': 'factory', 'landuse': 'industrial', 'name': 'СК Джонсон', 'name:en': 'SC Johnson', 'name:ru': 'СК Джонсон', 'name:uk': 'СК Джонсон', 'phone': '+380 44 490 3500', 'website': 'https://www.scjohnson-cis.com/nqcontentbd7e.aspx?a_id=4618'}"
570210373,way,ТОВ «Перший трубний завод»,,,,,50.5017309,30.4814234,"{'addr:housenumber': '8-А', 'addr:postcode': '04074', 'addr:street': 'Резервна вулиця', 'email': 'ptzua1@gmail.com', 'fax': '+380 44 464 8435', 'industrial': 'factory', 'landuse': 'industrial', 'name': 'ТОВ «Перший трубний завод»', 'name:ru': 'ООО «Первый трубный завод»', 'name:uk': 'ТОВ «Перший трубний завод»', 'phone': '+380 44 419 3943', 'website': 'https://www.ptz.in.ua/'}"
571344174,way,Бетонний завод ТОВ «Астор і Ко»,,,,,50.5011442,30.482339,"{'addr:housenumber': '8', 'addr:street': 'Резервна вулиця', 'email': 'office@astor-group.ua', 'fax': '+380 44 451 5159', 'industrial': 'factory', 'landuse': 'industrial', 'man_made': 'works', 'name': 'Бетонний завод ТОВ «Астор і Ко»', 'name:ru': 'Бетонный завод ООО «Астор и Ко»', 'name:uk': 'Бетонний завод ТОВ «Астор і Ко»', 'phone': '+380 68 700 0057', 'product': 'concrete', 'website': 'https://www.astor.ua/'}"
577548281,way,Завод з переробки полімерних відходів,,,,,48.8427018,37.6486782,"{'addr:housenumber': '3а', 'addr:street': 'Донська вулиця', 'building': 'yes', 'man_made': 'works', 'name': 'Завод з переробки полімерних відходів', 'name:uk': 'Завод з переробки полімерних відходів'}"
577548282,way,"Слов'янська кондитерська фабрика ""Валенсія""",,,,,48.8384047,37.6462065,"{'contact:website': 'http://valencia.dn.ua/', 'industrial': 'factory', 'landuse': 'industrial', 'name': 'Слов\'янська кондитерська фабрика ""Валенсія""', 'name:ru': 'Славянская кондитерская фабрика «Валенсия»', 'name:uk': 'Слов\'янська кондитерська фабрика ""Валенсія""'}"
577672563,way,Барський спиртовий комбінат,,,,,49.0703446,27.6888773,"{'industrial': 'factory', 'landuse': 'industrial', 'name': 'Барський спиртовий комбінат', 'name:en': 'Bar alcohol factory', 'name:pl': 'Barska fabryka alkoholowa', 'name:ru': 'Барский спиртовый комбинат', 'name:uk': 'Барський спиртовий комбінат', 'note': 'Робота заводу відновлена.'}"
580577487,way,Unknown,,,,,51.3943812,30.086645,"{'abandoned': 'yes', 'building': 'yes', 'man_made': 'works'}"
580577489,way,Бетонозмішувальний вузол,,,,,51.3944396,30.0921813,"{'abandoned': 'yes', 'building': 'yes', 'man_made': 'works', 'name': 'Бетонозмішувальний вузол', 'name:cs': 'Betonárna', 'name:en': 'Concrete Mixing Unit', 'name:ru': 'Бетоносмесительный узел', 'name:uk': 'Бетонозмішувальний вузол'}"
581113498,way,Завод «Лакма»,,,,,50.507022,30.4662055,"{'addr:housenumber': '12', 'addr:postcode': '04074', 'addr:street': 'Коноплянська вулиця', 'email': 'molchanov@lakma.ua', 'fax': '+380 44 430 2523', 'industrial': 'factory', 'landuse': 'industrial', 'name': 'Завод «Лакма»', 'name:ru': 'Завод «Лакма»', 'name:uk': 'Завод «Лакма»', 'phone': '+380 44 430 3026', 'website': 'http://www.lakma.ua'}"
581944368,way,AXOR INDUSTRY,,,,,48.3939007,35.0601107,"{'building': 'yes', 'man_made': 'works', 'name': 'AXOR INDUSTRY', 'name:uk': 'AXOR INDUSTRY', 'phone': '+380 56 794 0766', 'product': 'furniture', 'website': 'https://axorindustry.com'}"
583488445,way,М'ясокомбінат МК М'ясний,,,,,50.1453138,35.5456385,"{'industrial': 'factory', 'landuse': 'industrial', 'name': ""М'ясокомбінат МК М'ясний"", 'name:uk': ""М'ясокомбінат МК М'ясний""}"
584022029,way,Unknown,,,,,50.472338,25.9790852,"{'building': 'yes', 'man_made': 'works'}"
590695689,way,"ТОВ ""Мілк-Лайн""",,,,,49.8110473,30.1068957,"{'barrier': 'wall', 'industrial': 'factory', 'landuse': 'industrial', 'name': 'ТОВ ""Мілк-Лайн""', 'name:uk': 'ТОВ ""Мілк-Лайн""'}"
590947608,way,Ковбасний завод,,,,,48.01184,38.7048349,"{'building': 'yes', 'man_made': 'works', 'name': 'Ковбасний завод', 'name:uk': 'Ковбасний завод'}"
590990514,way,Шато Чизай,,,,,48.2260918,22.6403121,"{'addr:city': 'Берегове', 'addr:housenumber': '1', 'addr:place': 'урочище Чизай', 'addr:postcode': '90202', 'craft': 'winery', 'landuse': 'industrial', 'man_made': 'works', 'name': 'Шато Чизай', 'name:en': 'Chateau Chizay', 'name:uk': 'Шато Чизай', 'wikidata': 'Q61791401', 'wikipedia': 'uk:Виноробня Шато Чизай'}"
591415274,way,Київський Експериментальний Завод «Динамо»,,,,,50.4882944,30.5003425,"{'addr:housenumber': '16', 'addr:postcode': '04073', 'addr:street': 'проспект Степана Бандери', 'industrial': 'factory', 'landuse': 'industrial', 'name': 'Київський Експериментальний Завод «Динамо»', 'name:ru': 'Киевский Экспериментальный Завод «Динамо»', 'name:uk': 'Київський Експериментальний Завод «Динамо»', 'phone': '+380 44 418 8947', 'website': 'http://www.kezdynamo.com.ua/'}"
594615306,way,СельХозАгрегат,,,,,46.8123367,33.4927722,"{'landuse': 'industrial', 'man_made': 'works', 'name': 'СельХозАгрегат', 'name:uk': 'СельХозАгрегат'}"
597983148,way,Цегляний завод,,,,,50.3646004,33.2850112,"{'industrial': 'brickyard', 'landuse': 'industrial', 'man_made': 'works', 'name': 'Цегляний завод', 'name:uk': 'Цегляний завод'}"
599573735,way,Торфозавод,,,,,49.3589077,31.6599029,"{'industrial': 'factory', 'landuse': 'industrial', 'name': 'Торфозавод', 'name:uk': 'Торфозавод'}"
600635507,way,Магала-дах,,,,,48.2916307,26.0239479,"{'craft': 'roofer', 'man_made': 'works', 'name': 'Магала-дах', 'name:uk': 'Магала-дах'}"
605253239,way,МПП «Алекс»,,,,,48.6184844,22.9697582,"{'barrier': 'fence', 'landuse': 'industrial', 'man_made': 'works', 'name': 'МПП «Алекс»', 'name:uk': 'МПП «Алекс»'}"
607498876,way,ТОВ Новомосковська трикотажна фабрика,,,,,48.5947315,35.3361039,"{'landuse': 'industrial', 'man_made': 'works', 'name': 'ТОВ Новомосковська трикотажна фабрика', 'name:uk': 'ТОВ Новомосковська трикотажна фабрика'}"
608385069,way,Вінницький індустріальний парк,,,,,49.2284341,28.5606001,"{'addr:housenumber': '213', 'addr:postcode': '21000', 'addr:street': 'Немирівське шосе', 'industrial': 'factory', 'landuse': 'industrial', 'name': 'Вінницький індустріальний парк', 'name:en': 'Vinnytsia Industrial Park', 'name:uk': 'Вінницький індустріальний парк'}"
610775988,way,Ружинський маслозавод,,,,,49.7279195,29.1959469,"{'industrial': 'factory', 'landuse': 'industrial', 'name': 'Ружинський маслозавод', 'name:uk': 'Ружинський маслозавод'}"
611438703,way,Unknown,,,,,49.8547089,24.0264674,"{'addr:housenumber': '4-А', 'addr:postcode': '79058', 'addr:street': 'Хімічна вулиця', 'building': 'yes', 'building:levels': '2', 'man_made': 'works'}"
612387863,way,"""Геоід""",,,,,48.7208028,32.7105949,"{'addr:housenumber': '203-А', 'building': 'industrial', 'man_made': 'works', 'name': '""Геоід""', 'name:uk': '""Геоід""'}"
615208585,way,Цех №5,,,,,50.9273331,34.79607,"{'building': 'manufacture', 'man_made': 'works', 'name': 'Цех №5', 'name:uk': 'Цех №5'}"
616398209,way,Unknown,,,,,50.9390004,34.7864244,"{'building': 'industrial', 'man_made': 'works'}"
617452547,way,Цех формування цегли та печі,,,,,50.3650407,33.2849372,"{'building': 'industrial', 'man_made': 'works', 'name': 'Цех формування цегли та печі', 'name:uk': 'Цех формування цегли та печі'}"
617452548,way,Цех сушки цегли,,,,,50.3640575,33.2847641,"{'building': 'industrial', 'man_made': 'works', 'name': 'Цех сушки цегли', 'name:uk': 'Цех сушки цегли'}"
618085784,way,Укрелектроапарат,,,,,49.4059202,27.0275974,"{'industrial': 'factory', 'landuse': 'industrial', 'name': 'Укрелектроапарат', 'name:uk': 'Укрелектроапарат', 'website': 'https://uea.com.ua', 'wikidata': 'Q116871110', 'wikipedia': 'uk:Укрелектроапарат'}"
620053818,way,Рошен,,,,,50.3700049,30.9728649,"{'landuse': 'industrial', 'man_made': 'works', 'name': 'Рошен', 'name:uk': 'Рошен', 'operator': 'Рошен'}"
624245674,way,Unknown,,,,,50.3944854,24.2319892,"{'addr:housenumber': '1', 'addr:street': 'вулиця Богуна', 'building': 'yes', 'man_made': 'works'}"
624245819,way,"ПрАТ ""​ВАТ Калина""",,,,,50.3941082,24.2320469,"{'addr:housenumber': '1', 'addr:street': 'вулиця Богуна', 'building': 'yes', 'man_made': 'works', 'name': 'ПрАТ ""\u200bВАТ Калина""', 'name:uk': 'ПрАТ ""\u200bВАТ Калина""'}"
624246260,way,"Склади ВАТ ""Калина""",,,,,50.3941145,24.2311794,"{'addr:housenumber': '1', 'addr:street': 'вулиця Богуна', 'building': 'yes', 'man_made': 'works', 'name': 'Склади ВАТ ""Калина""', 'name:uk': 'Склади ВАТ ""Калина""'}"
626428730,way,Unknown,,,,,48.6061628,27.7850475,"{'building': 'yes', 'man_made': 'works'}"
626428731,way,Unknown,,,,,48.6057891,27.7851439,"{'building': 'yes', 'man_made': 'works'}"
626428732,way,Unknown,,,,,48.6052233,27.7851079,"{'building': 'yes', 'man_made': 'works'}"
626428733,way,Unknown,,,,,48.6045721,27.7845116,"{'building': 'yes', 'man_made': 'works'}"
626428734,way,Unknown,,,,,48.6023707,27.7841797,"{'building': 'yes', 'man_made': 'works'}"
626428735,way,Unknown,,,,,48.6035055,27.7834056,"{'building': 'yes', 'man_made': 'works'}"
626428736,way,Unknown,,,,,48.6043248,27.7838588,"{'building': 'yes', 'man_made': 'works'}"
626428737,way,Unknown,,,,,48.6052851,27.7833038,"{'building': 'yes', 'man_made': 'works'}"
626428738,way,Unknown,,,,,48.6058329,27.7829684,"{'building': 'yes', 'man_made': 'works'}"
626428739,way,Unknown,,,,,48.6069612,27.7823154,"{'building': 'yes', 'man_made': 'works'}"
626428740,way,Unknown,,,,,48.6071297,27.7829619,"{'building': 'yes', 'man_made': 'works'}"
626992989,way,Цегляний завод,,,,,50.5889119,32.4145277,"{'landuse': 'industrial', 'man_made': 'works', 'name': 'Цегляний завод', 'name:ru': 'Кирпичный завод', 'name:uk': 'Цегляний завод'}"
628362392,way,"Хлібозавод СП ""Київ - Захід""",,,,,50.408836,24.2303612,"{'addr:housenumber': '83', 'addr:street': 'вулиця Богдана Хмельницького', 'landuse': 'industrial', 'man_made': 'works', 'name': 'Хлібозавод СП ""Київ - Захід""', 'name:uk': 'Хлібзавод СП ""Київ - Захід""'}"
628761641,way,"Панчішно-шкарпеткова фабрика ""Нова Лінія""",,,,,49.6076261,25.5691717,"{'building': 'industrial', 'man_made': 'works', 'name': 'Панчішно-шкарпеткова фабрика ""Нова Лінія""', 'name:uk': 'Панчішно-шкарпеткова фабрика ""Нова Лінія""'}"
630738431,way,Unknown,,,,,48.6267963,38.3734288,"{'building': 'yes', 'man_made': 'works'}"
630738432,way,Unknown,,,,,48.6271731,38.3729034,"{'building': 'yes', 'man_made': 'works'}"
630738433,way,Unknown,,,,,48.6273421,38.3740388,"{'building': 'yes', 'man_made': 'works'}"
630738434,way,Unknown,,,,,48.6265927,38.37384,"{'building': 'yes', 'man_made': 'works'}"
630738435,way,Unknown,,,,,48.6267586,38.3728865,"{'building': 'yes', 'man_made': 'works'}"
631599739,way,Склади ПП,,,,,50.3847476,24.2238393,"{'addr:housenumber': '18', 'addr:street': 'вулиця Лесі Українки', 'building': 'yes', 'man_made': 'works', 'name': 'Склади ПП', 'name:uk': 'Склади ПП'}"
636805571,way,Швейна фабрика,,,,,49.7018318,31.709666,"{'barrier': 'fence', 'industrial': 'factory', 'landuse': 'industrial', 'name': 'Швейна фабрика', 'name:uk': 'Швейна фабрика'}"
637399600,way,Chanta,,,,,50.6192782,30.4276255,"{'barrier': 'fence', 'industrial': 'factory', 'landuse': 'industrial', 'name': 'Chanta', 'website': 'https://chanta.ua/'}"
638368335,way,Unknown,,,,,49.8527332,35.6112414,{'industrial': 'factory'}
640356339,way,Хлібзавод Право,,,,,50.4855869,31.7846666,"{'alt_name': 'Згурівська пекарня', 'landuse': 'industrial', 'loc_name': 'Згурівський хлібзавод', 'man_made': 'works', 'name': 'Хлібзавод Право', 'name:uk': 'Хлібзавод Право', 'official_name': 'ТОВ Право'}"
641298083,way,ЛЕОНІ Ваерінг Системс,,,,,48.546664,25.0648438,"{'addr:housenumber': '55', 'addr:street': 'вулиця Івана Шарлая', 'building': 'yes', 'email': 'hr.kolomyia@leoni.com', 'man_made': 'works', 'name': 'ЛЕОНІ Ваерінг Системс', 'name:en': 'LEONI Wiring Systems', 'name:uk': 'ЛЕОНІ Ваерінг Системс', 'phone': '+380 3433 44 366;+380 3245 92 376', 'website': 'https://www.leoni-ukraine.com'}"
642201793,way,Непрацюючий асфальтовий завод,,,,,47.2815339,35.32795,"{'industrial': 'factory', 'landuse': 'industrial', 'name': 'Непрацюючий асфальтовий завод', 'name:uk': 'Непрацюючий асфальтовий завод'}"
642831436,way,ТОВ «Михайлівські вогнетриви»,,,,,50.8288438,35.3041411,"{'industrial': 'factory', 'landuse': 'industrial', 'name': 'ТОВ «Михайлівські вогнетриви»', 'name:uk': 'ТОВ «Михайлівські вогнетриви»'}"
643972597,way,Цегельний завод,,,,,49.5570243,26.5831611,"{'building': 'yes', 'man_made': 'works', 'name': 'Цегельний завод', 'name:uk': 'Цегельний завод'}"
643972598,way,Цегельний завод,,,,,49.281559,26.7254442,"{'building': 'yes', 'man_made': 'works', 'name': 'Цегельний завод', 'name:uk': 'Цегельний завод'}"
646036462,way,Пам'ятники,,,,,49.7395542,24.0658151,"{'industrial': 'factory', 'landuse': 'industrial', 'name': ""Пам'ятники"", 'name:uk': ""Пам'ятники""}"
646036477,way,Форельне господарство,,,,,49.7372816,24.077432,"{'industrial': 'factory', 'landuse': 'industrial', 'name': 'Форельне господарство', 'name:uk': 'Форельне господарство'}"
647009909,way,Данко,,,,,49.7457096,24.0355378,"{'description': 'Меблі (дивани)', 'industrial': 'factory', 'landuse': 'industrial', 'name': 'Данко', 'name:uk': 'Данко'}"
652356044,way,Unknown,,,,,50.9499443,34.3687534,"{'building': 'manufacture', 'man_made': 'works'}"
653449602,way,Соняшник,,,,,48.5316873,26.0689978,"{'landuse': 'industrial', 'man_made': 'works', 'name': 'Соняшник', 'name:uk': 'Соняшник'}"
653952275,way,Уманський хлібопекарський завод,,,,,48.7494739,30.2169677,"{'addr:housenumber': '3', 'addr:postcode': '20301', 'addr:street': 'Костельна вулиця', 'landuse': 'industrial', 'man_made': 'works', 'name': 'Уманський хлібопекарський завод', 'name:uk': 'Уманський хлібопекарський завод', 'operator': 'ТОВ «Умань Хліб Трейд»', 'start_date': '1935', 'wikidata': 'Q61373212', 'wikipedia': 'uk:Уманський хлібопекарський завод'}"
654061030,way,Птахофабрика,,,,,48.420215,26.4971461,"{'building': 'yes', 'man_made': 'works', 'name': 'Птахофабрика', 'name:uk': 'Птахофабрика'}"
654061033,way,Птахофабрика,,,,,48.4198839,26.49661,"{'building': 'yes', 'man_made': 'works', 'name': 'Птахофабрика', 'name:uk': 'Птахофабрика'}"
654517313,way,"Трикотажна фабрика ""Киянка""",,,,,50.3943414,30.4884729,"{'addr:housenumber': '30', 'addr:street': 'Васильківська вулиця', 'industrial': 'factory', 'landuse': 'industrial', 'name': 'Трикотажна фабрика ""Киянка""', 'name:uk': 'Трикотажна фабрика ""Киянка""', 'website': 'https://kiyanka.kiev.ua/'}"
654562040,way,Олександрійський рудоремонтний завод,,,,,48.6503759,33.1259649,"{'barrier': 'wall', 'industrial': 'factory', 'landuse': 'industrial', 'name': 'Олександрійський рудоремонтний завод', 'name:ru': 'Александрийский рудоремонтный завод', 'name:uk': 'Олександрійський рудоремонтний завод', 'website': 'http://arrz.com.ua/index.html'}"
655265135,way,Дунаєвецький маслозавод,,,,,48.8975968,26.8498339,"{'landuse': 'industrial', 'man_made': 'works', 'name': 'Дунаєвецький маслозавод', 'name:uk': 'Дунаєвецький маслозавод'}"
655265136,way,Дунаєвецький ливарно-механічний завод,,,,,48.8864025,26.8453536,"{'addr:housenumber': '13', 'addr:postcode': '32400', 'addr:street': 'вулиця Красінських', 'landuse': 'industrial', 'man_made': 'works', 'name': 'Дунаєвецький ливарно-механічний завод', 'name:uk': 'Дунаєвецький ливарно-механічний завод'}"
656039372,way,Unknown,,,,,48.0291767,37.956821,"{'building': 'industrial', 'man_made': 'works'}"
659769003,way,Unknown,,,,,51.3210734,29.3019629,"{'industrial': 'factory', 'landuse': 'industrial'}"
661579695,way,Unknown,,,,,48.2245063,22.6441498,"{'addr:housenumber': '190', 'addr:street': 'Мукачівська вулиця', 'landuse': 'industrial', 'man_made': 'works'}"
661689675,way,"ПАТ ""Полтавагаз""",,,,,50.3541864,33.2689675,"{'industrial': 'factory', 'landuse': 'industrial', 'name': 'ПАТ ""Полтавагаз""', 'name:uk': 'ПАТ ""Полтавагаз""'}"
662300396,way,Торфобрикетний завод,,,,,52.1117256,32.5720468,"{'industrial': 'factory', 'landuse': 'industrial', 'name': 'Торфобрикетний завод', 'name:uk': 'Торфобрикетний завод'}"
662688296,way,"ДП ""Олевськторф""",,,,,51.214236,27.6257806,"{'addr:housenumber': '66Б', 'addr:postcode': '11001', 'addr:street': 'Промислова вулиця', 'building': 'yes', 'man_made': 'works', 'name': 'ДП ""Олевськторф""', 'name:uk': 'ДП ""Олевськторф""'}"
663605670,way,Олевський хлібзавод,,,,,51.2240519,27.6517398,"{'addr:housenumber': '13', 'addr:postcode': '11001', 'addr:street': 'Кооперативна вулиця', 'building': 'yes', 'man_made': 'works', 'name': 'Олевський хлібзавод', 'name:uk': 'Олевський хлібзавод'}"
663808038,way,"ТОВ ""Бахус""",,,,,48.0775821,39.6701707,"{'building': 'yes', 'man_made': 'works', 'name': 'ТОВ ""Бахус""', 'name:uk': 'ТОВ ""Бахус""'}"
664223221,way,Меблева Фабрика АДК,,,,,48.5074519,34.9973545,"{'addr:housenumber': '238-Д', 'addr:street': 'Берегова вулиця', 'industrial': 'factory', 'landuse': 'industrial', 'name': 'Меблева Фабрика АДК', 'name:uk': 'Меблева Фабрика АДК'}"
665858643,way,Веселівський завод сухого знежиреного молока,,,,,47.0220967,34.917003,"{'addr:housenumber': '120', 'addr:postcode': '72202', 'addr:street': 'Первомайська вулиця', 'landuse': 'industrial', 'man_made': 'works', 'name': 'Веселівський завод сухого знежиреного молока', 'name:ru': 'Весёловский завод сухого обезжиренного молока', 'name:uk': 'Веселівський завод сухого знежиреного молока', 'operator': 'Веселівський завод сухого знежиреного молока', 'phone': '+380 6136 21 322', 'product': 'dried_milk;butter'}"
665858644,way,Новомиколаївський молокозавод,,,,,47.9811258,35.899141,"{'addr:housenumber': '9', 'addr:postcode': '70101', 'addr:street': 'Ленина вулиця', 'landuse': 'industrial', 'man_made': 'works', 'name': 'Новомиколаївський молокозавод', 'name:ru': 'Новониколаевский молокозавод', 'name:uk': 'Новомиколаївський молокозавод', 'operator': 'Новомиколаївський молокозавод', 'phone': '+380 6144 93 581', 'product': 'butter'}"
666100274,way,Вільнянський молокозавод,,,,,47.9496152,35.4194873,"{'addr:housenumber': '65', 'addr:postcode': '70002', 'addr:street': 'Запорізька вулиця', 'building': 'yes', 'email': 'market.vmz@gmail.com', 'fax': '+380 6143 41 191', 'man_made': 'works', 'name': 'Вільнянський молокозавод', 'name:ru': 'Вольнянский молокозавод', 'name:uk': 'Вільнянський молокозавод', 'operator': 'Вільнянський молокозавод', 'phone': '+380 6143 41 511', 'product': 'milk;butter;spread;cheese;sour_cream', 'website': 'http://vilnyanka.com/'}"
666315953,way,Олевський льонозавод,,,,,51.2438344,27.6687234,"{'addr:full': 'Олевської Республіки вулиця, 100', 'addr:postcode': '11002', 'building': 'yes', 'building:levels': '2', 'man_made': 'works', 'name': 'Олевський льонозавод', 'name:uk': 'Олевський льонозавод'}"
669174606,way,"Кирпичний завод ТОВ ""Моноліт""",,,,,49.9028954,35.8077671,"{'addr:housenumber': '7А', 'addr:postcode': '63032', 'addr:street': 'Польовий провулок', 'landuse': 'industrial', 'man_made': 'works', 'name': 'Кирпичний завод ТОВ ""Моноліт""', 'name:uk': 'Кирпичний завод, розрушений ТОВ ""Моноліт""'}"
669303111,way,Приватне підприємство Хорольська механізована пекарня,,,,,49.7807157,33.2763452,"{'addr:street': 'вулиця 8 Березня', 'landuse': 'industrial', 'man_made': 'works', 'name': 'Приватне підприємство Хорольська механізована пекарня', 'name:uk': 'Приватне підприємство Хорольська механізована пекарня'}"
670274805,way,ПП Браславець,,,,,49.0812047,27.0836002,"{'barrier': 'fence', 'fence_type': 'concrete', 'height': '2', 'industrial': 'factory', 'landuse': 'industrial', 'name': 'ПП Браславець', 'name:uk': 'ПП Браславець'}"
670461612,way,Unknown,,,,,49.1127382,27.0233872,"{'industrial': 'factory', 'landuse': 'industrial'}"
673949200,way,Старобільська швейна фабрика,,,,,49.2729005,38.9181274,"{'man_made': 'works', 'name': 'Старобільська швейна фабрика', 'name:ru': 'СТАРОБЕЛЬСКАЯ ШВЕЙНАЯ ФАБРИКА', 'name:uk': 'Старобільська швейна фабрика'}"
676471635,way,"ТОВ ""Аліріт Т""",,,,,49.5689838,30.5097752,"{'addr:housenumber': '9', 'barrier': 'fence', 'man_made': 'works', 'name': 'ТОВ ""Аліріт Т""', 'name:uk': 'ТОВ ""Аліріт Т""', 'product': 'food'}"
677232660,way,Unknown,,,,,49.7808921,33.2760104,"{'building': 'yes', 'man_made': 'works'}"
682083574,way,Швейна фабрика,,,,,49.0688394,27.6717949,"{'industrial': 'factory', 'landuse': 'industrial', 'name': 'Швейна фабрика', 'name:uk': 'Швейна фабрика'}"
682370742,way,Домінік,,,,,49.5845363,34.5661635,"{'industrial': 'factory', 'landuse': 'industrial', 'name': 'Домінік', 'name:uk': 'Домінік', 'website': 'http://www.dominic.com.ua'}"
684121541,way,Чкалівська збагачувальна фабрика,,,,,47.6552134,34.1838232,"{'industrial': 'factory', 'landuse': 'industrial', 'name': 'Чкалівська збагачувальна фабрика', 'name:ru': 'Чкаловская обагатительная фабрика', 'name:uk': 'Чкалівська збагачувальна фабрика'}"
684699342,way,Unknown,,,,,49.2094672,24.6557356,{'man_made': 'works'}
684699343,way,Unknown,,,,,49.2087365,24.6567361,{'man_made': 'works'}
684759151,way,Змішувач №1,,,,,47.9853425,37.865162,"{'building': 'yes', 'man_made': 'works', 'name': 'Змішувач №1', 'name:ru': 'Смеситель №1', 'name:uk': 'Змішувач №1'}"
684759152,way,Змішувач №2,,,,,47.9851895,37.8653161,"{'building': 'yes', 'man_made': 'works', 'name': 'Змішувач №2', 'name:ru': 'Смеситель №2', 'name:uk': 'Змішувач №2'}"
684759153,way,Змішувач №3,,,,,47.9849337,37.8652634,"{'building': 'yes', 'man_made': 'works', 'name': 'Змішувач №3', 'name:ru': 'Смеситель №3', 'name:uk': 'Змішувач №3'}"
684759154,way,Змішувач №4,,,,,47.984554,37.8651368,"{'building': 'yes', 'man_made': 'works', 'name': 'Змішувач №4', 'name:ru': 'Смеситель №4', 'name:uk': 'Змішувач №4'}"
685465901,way,Unknown,,,,,50.9073362,29.9245991,"{'industrial': 'factory', 'landuse': 'industrial'}"
686692221,way,Unknown,,,,,51.3438407,30.1103637,{'man_made': 'works'}
687549364,way,ДП Волиньторф,,,,,51.377851,25.5498733,"{'industrial': 'factory', 'landuse': 'industrial', 'name': 'ДП Волиньторф', 'name:uk': 'ДП Волиньторф'}"
690275186,way,"ТОВ ""Бусол""",,,,,49.9648532,24.5987186,"{'addr:housenumber': '4', 'addr:street': 'вулиця Надсяння', 'industrial': 'factory', 'landuse': 'industrial', 'name': 'ТОВ ""Бусол""', 'name:en': 'LLC BUSOL', 'name:uk': 'ТОВ ""Бусол""'}"
692433405,way,Калина,,,,,49.7186292,28.6703665,"{'addr:street': 'Київська вулиця', 'building': 'yes', 'building:levels': '1', 'man_made': 'works', 'name': 'Калина', 'name:uk': 'Калина'}"
693047264,way,"ТОВ ""Національна горілчана компанія""",,,,,49.3864687,32.0030275,"{'industrial': 'factory', 'landuse': 'industrial', 'name': 'ТОВ ""Національна горілчана компанія""', 'name:uk': 'ТОВ ""Національна горілчана компанія""'}"
694232352,way,Асфальтобетонний завод,,,,,49.3146852,31.9548634,"{'industrial': 'factory', 'landuse': 'industrial', 'name': 'Асфальтобетонний завод', 'name:uk': 'Асфальтобетонний завод'}"
694232354,way,Grossdorf,,,,,49.3152861,31.9460928,"{'addr:housenumber': '53', 'addr:postcode': '19634', 'addr:street': 'вулиця Тищенка', 'building': 'yes', 'man_made': 'works', 'name': 'Grossdorf', 'name:uk': 'Grossdorf', 'operator': 'ТОВ «Інфо Кар»'}"
695059060,way,"Опытный завод ""НПО ""Йодобром""",,,,,45.1351935,33.5460884,"{'industrial': 'factory', 'landuse': 'industrial', 'name': 'Опытный завод ""НПО ""Йодобром""'}"
702063561,way,Пфанер-Бар,,,,,49.0788864,27.6971479,"{'industrial': 'factory', 'landuse': 'industrial', 'name': 'Пфанер-Бар', 'name:uk': 'Пфанер-Бар'}"
703160767,way,Ясен,,,,,49.7778866,27.1706777,"{'addr:street': 'Ясенова вулиця', 'landuse': 'industrial', 'man_made': 'works', 'name': 'Ясен', 'name:uk': 'Ясен'}"
703325522,way,Барський машинобудівний завод,,,,,49.0741624,27.6844588,"{'industrial': 'factory', 'landuse': 'industrial', 'name': 'Барський машинобудівний завод', 'name:uk': 'Барський машинобудівний завод'}"
704247239,way,Маслозавод,,,,,47.8576453,34.9738183,"{'man_made': 'works', 'name': 'Маслозавод', 'name:uk': 'Маслозавод', 'product': 'animal_feed;soybean'}"
704343483,way,Ремонтно-будівельна дільниця (Газбуд),,,,,51.2167171,27.6387104,"{'addr:housenumber': '42', 'addr:postcode': '11001', 'addr:street': 'Промислова вулиця', 'landuse': 'industrial', 'man_made': 'works', 'name': 'Ремонтно-будівельна дільниця (Газбуд)', 'name:uk': 'Ремонтно-будівельна дільниця (Газбуд)'}"
705830730,way,Unknown,,,,,48.9414311,23.923577,{'man_made': 'works'}
705838001,way,Unknown,,,,,48.9436897,23.9213321,{'man_made': 'works'}
705838002,way,Unknown,,,,,48.940772,23.919162,{'man_made': 'works'}
711372358,way,Завод камишитових плит,,,,,46.5374132,32.5387868,"{'industrial': 'factory', 'landuse': 'industrial', 'name': 'Завод камишитових плит', 'name:ru': 'Завод камышитовых плит', 'name:uk': 'Завод камишитових плит'}"
714361870,way,Unknown,,,,,50.6707294,26.1676117,"{'building': 'yes', 'man_made': 'works'}"
714361871,way,Unknown,,,,,50.6691438,26.1685094,"{'building': 'yes', 'man_made': 'works'}"
722259567,way,Завод залізобетонних виробів № 1,,,,,46.9509965,31.9603828,"{'abandoned': 'yes', 'landuse': 'industrial', 'man_made': 'works', 'name': 'Завод залізобетонних виробів №\xa01', 'name:ru': 'Завод железобетонных изделий №\xa01', 'name:uk': 'Завод залізобетонних виробів №\xa01'}"
722270963,way,Завод «Екватор»,,,,,46.9475674,31.9547495,"{'landuse': 'industrial', 'man_made': 'works', 'name': 'Завод «Екватор»', 'name:ru': 'завод «Экватор»', 'name:uk': 'Завод «Екватор»'}"
722805420,way,"КНПО ""Форт""",,,,,49.2223287,28.4287079,"{'man_made': 'works', 'name': 'КНПО ""Форт""'}"
722973662,way,"ТОВ НВП ""Полімер""",,,,,48.8245109,27.2663621,"{'addr:housenumber': '72а', 'addr:street': 'вулиця Гагаріна', 'industrial': 'factory', 'landuse': 'industrial', 'name': 'ТОВ НВП ""Полімер""', 'name:uk': 'ТОВ НВП ""Полімер""'}"
723151695,way,ТОВ «Лейер Україна»,,,,,48.5159889,22.2367991,"{'barrier': 'fence', 'contact:phone': '+380 50 309 3558', 'contact:website': 'https://www.leier.ua/', 'landuse': 'industrial', 'man_made': 'works', 'name': 'ТОВ «Лейер Україна»', 'name:en': 'Leier', 'name:uk': 'ТОВ «Лейер Україна»'}"
723156985,way,МЗВКК,,,,,49.7727226,31.237604,"{'industrial': 'factory', 'landuse': 'farmyard', 'name': 'МЗВКК', 'name:uk': 'МЗВКК'}"
723156986,way,МЗВКК,,,,,49.7809766,31.2407914,"{'industrial': 'factory', 'landuse': 'industrial', 'name': 'МЗВКК', 'name:uk': 'МЗВКК'}"
724262250,way,Unknown,,,,,49.3715595,29.0987018,"{'addr:housenumber': '1', 'addr:street': 'Залізнична вулиця', 'building': 'industrial', 'man_made': 'works'}"
725368085,way,Будянський фаянсовий завод (не працює),,,,,49.8933104,36.0181714,"{'abandoned:man_made': 'works', 'barrier': 'fence', 'landuse': 'industrial', 'man_made': 'works', 'name': 'Будянський фаянсовий завод (не працює)', 'name:ru': 'Будянский фаянсовый завод (уничтожен)', 'name:uk': 'Будянський фаянсовий завод (не працює)'}"
726183835,way,Херсонський електромеханічний завод,,,,,46.6587952,32.6012279,"{'landuse': 'industrial', 'man_made': 'works', 'name': 'Херсонський електромеханічний завод', 'name:ru': 'Херсонский электромеханический завод', 'name:uk': 'Херсонський електромеханічний завод'}"
726536630,way,Херсонський порт-елеватор,,,,,46.6328039,32.629754,"{'industrial': 'bakery', 'landuse': 'industrial', 'man_made': 'works', 'name': 'Херсонський порт-елеватор', 'name:ru': 'Херсонский порт-элеватор', 'name:uk': 'Херсонський порт-елеватор'}"
727979691,way,Unknown,,,,,48.1158504,22.8312797,"{'addr:postcode': '90351', 'addr:street': 'Центральна вулиця', 'building': 'industrial', 'industrial': 'factory'}"
729172871,way,Unknown,,,,,48.962286,23.9561755,"{'landuse': 'industrial', 'man_made': 'works'}"
729348788,way,Троїцька інкубаторно-птахівницька станція,,,,,49.9150579,38.2815505,"{'landuse': 'industrial', 'man_made': 'works', 'name': 'Троїцька інкубаторно-птахівницька станція', 'name:ru': 'Троицкая инкубаторно-птицеводческая станция', 'name:uk': 'Троїцька інкубаторно-птахівницька станція'}"
729348800,way,Троїцький маслопресовий завод,,,,,49.9129968,38.2917207,"{'landuse': 'industrial', 'man_made': 'works', 'name': 'Троїцький маслопресовий завод', 'name:ru': 'Троицкий маслопрессовый завод', 'name:uk': 'Троїцький маслопресовий завод'}"
729540822,way,Швейна фабрика,,,,,51.2542421,29.3930186,"{'addr:street': 'Радянська вулиця', 'building': 'yes', 'man_made': 'works', 'name': 'Швейна фабрика', 'name:uk': 'Швейна фабрика'}"
733601514,way,Unknown,,,,,51.2182615,33.2169485,"{'building': 'yes', 'man_made': 'works'}"
737006132,way,Unknown,,,,,51.5034786,31.2617407,"{'industrial': 'factory', 'landuse': 'industrial'}"
737006133,way,Unknown,,,,,51.5031149,31.2619668,"{'industrial': 'factory', 'landuse': 'industrial'}"
737688447,way,Unknown,,,,,49.8104014,24.9169362,"{'landuse': 'industrial', 'man_made': 'works'}"
738819253,way,Буденецький завод мінеральних вод,,,,,48.0934788,25.642641,"{'building': 'yes', 'man_made': 'works', 'name': 'Буденецький завод мінеральних вод', 'name:uk': 'Буденецький завод мінеральних вод'}"
742663601,way,Unknown,,,,,49.8094347,24.9152525,{'man_made': 'works'}
743170684,way,Вілюта,,,,,48.433122,35.130199,"{'addr:housenumber': '18', 'man_made': 'works', 'name': 'Вілюта', 'name:en': 'Viluta', 'name:uk': 'Вілюта', 'website': 'http://www.viluta.com/'}"
743170685,way,Unknown,,,,,48.4716729,35.1181161,{'man_made': 'works'}
743170686,way,Unknown,,,,,48.4711554,35.1156679,{'man_made': 'works'}
743170688,way,Unknown,,,,,48.4733409,35.1203137,{'man_made': 'works'}
744446918,way,АзовЕлектроСталь,,,,,47.1570757,37.5528955,"{'landuse': 'industrial', 'man_made': 'works', 'name': 'АзовЕлектроСталь', 'name:ru': 'АзовЭлектроСталь', 'name:uk': 'АзовЕлектроСталь', 'ownership': 'private'}"
744862822,way,Eskaro,,,,,46.500523,30.6105353,"{'industrial': 'factory', 'landuse': 'industrial', 'name': 'Eskaro', 'name:uk': 'Eskaro'}"
745250976,way,Екофарм,,,,,50.3313691,26.8691106,"{'landuse': 'industrial', 'man_made': 'works', 'name': 'Екофарм', 'name:uk': 'Екофарм', 'phone': '+380 3842 21 774', 'product': 'pharmaceuticals'}"
745278734,way,Dunapack Tavria LLC,,,,,46.6249404,32.7756353,"{'addr:housenumber': '103', 'addr:street': 'Гвардейская улица', 'man_made': 'works', 'name': 'Dunapack Tavria LLC', 'name:uk': 'Dunapack Tavria LLC', 'operator': 'Dunapack', 'website': 'https://www.dunapack-packaging.com'}"
746033296,way,"Логістичний центр ""Нова Пошта""",,,,,49.9661302,36.0084531,"{'description': 'Площадь терминала - более 19 тыс. кв. метров. Общая мощность терминала до 20 тыс. посылок в час.', 'industrial': 'factory', 'landuse': 'industrial', 'mapillary': 'https://www.mapillary.com/app/user/?lat=49.967797680733945&lng=36.010065917798165&z=17&pKey=2dFxXeEzcGDgMA3W8yVVgj&focus=photo&dateFrom=2020-07-01&x=0.5057448558928934&y=0.5025854574911912&zoom=0', 'name': 'Логістичний центр ""Нова Пошта""', 'name:ru': 'Логистический центр ""Новая Почта""', 'name:uk': 'Логістичний центр ""Нова Пошта""', 'website': 'https://novaposhta.ua'}"
752733001,way,Лазер,,,,,48.021884,38.0554394,"{'industrial': 'factory', 'landuse': 'industrial', 'name': 'Лазер'}"
765421436,way,Інкубатор,,,,,49.6967171,31.4160931,"{'industrial': 'factory', 'landuse': 'industrial', 'name': 'Інкубатор', 'name:uk': 'Інкубатор'}"
765956638,way,ЦВС,,,,,47.1652706,37.5518496,"{'man_made': 'works', 'name': 'ЦВС', 'name:ru': 'ЦВС', 'name:uk': 'ЦВС'}"
765989371,way,ККЦ,,,,,47.0972398,37.6089934,"{'man_made': 'works', 'name': 'ККЦ', 'name:ru': 'ККЦ', 'name:uk': 'ККЦ'}"
765989373,way,ТЕЦ,,,,,47.0897411,37.5862246,"{'man_made': 'works', 'name': 'ТЕЦ', 'name:ru': 'ТЭЦ', 'name:uk': 'ТЕЦ'}"
766621483,way,Unknown,,,,,50.7777233,29.2935025,"{'addr:housenumber': '6', 'building': 'industrial', 'man_made': 'works', 'production': 'cardboard wrappers', 'source': 'bing'}"
767550551,way,ЖДЦ-3,,,,,47.0962432,37.5928666,"{'man_made': 'works', 'name': 'ЖДЦ-3', 'name:ru': 'ЖДЦ-3', 'name:uk': 'ЖДЦ-3'}"
767653808,way,Ділянка машин розливання чавуну,,,,,47.0960179,37.5890602,"{'man_made': 'works', 'name': 'Ділянка машин розливання чавуну', 'name:ru': 'Участок машин разлива чугуна', 'name:uk': 'Ділянка машин розливання чавуну'}"
772972153,way,ГРС-3,,,,,44.6396276,33.5631857,"{'man_made': 'works', 'name': 'ГРС-3', 'name:uk': 'ГРС-3', 'product': 'gas'}"
777741864,way,Unknown,,,,,51.4332447,30.0056742,"{'building': 'yes', 'man_made': 'works', 'product': 'cans'}"
777810923,way,Колишній аміачний завод,,,,,50.3213484,24.1463759,"{'industrial': 'factory', 'landuse': 'industrial', 'name': 'Колишній аміачний завод', 'name:uk': 'Колишній аміачний завод'}"
788219772,way,Unknown,,,,,48.4292486,22.3748147,"{'building': 'yes', 'man_made': 'works'}"
788219773,way,Unknown,,,,,48.4296464,22.375154,"{'building': 'yes', 'man_made': 'works'}"
788219783,way,Unknown,,,,,48.4287658,22.3782194,"{'building': 'yes', 'man_made': 'works'}"
791225148,way,Производство металлоконструкций,,,,,45.3270785,36.4689195,"{'barrier': 'fence', 'industrial': 'factory', 'landuse': 'industrial', 'name': 'Производство металлоконструкций'}"
792865862,way,Unknown,,,,,47.0151767,31.9238513,"{'industrial': 'factory', 'landuse': 'industrial'}"
794209571,way,АТЕМ,,,,,50.3908553,30.5763161,"{'industrial': 'factory', 'landuse': 'industrial', 'name': 'АТЕМ', 'name:uk': 'АТЕМ', 'website': 'https://atem.com.ua/'}"
797890050,way,Unknown,,,,,48.1584655,23.3163295,"{'building': 'yes', 'man_made': 'works'}"
797890052,way,Unknown,,,,,48.1578555,23.3155351,"{'building': 'yes', 'man_made': 'works'}"
797890053,way,"ТОВ ""Вуд Інтернаціонал""",,,,,48.1585748,23.3141846,"{'addr:housenumber': '30', 'addr:street': 'Сливова вулиця', 'building': 'yes', 'man_made': 'works', 'name': 'ТОВ ""Вуд Інтернаціонал""', 'name:uk': 'ТОВ ""Вуд Інтернаціонал""'}"
797890054,way,Unknown,,,,,48.1587215,23.3136293,"{'building': 'yes', 'man_made': 'works'}"
797890056,way,Unknown,,,,,48.1595705,23.3128837,"{'building': 'yes', 'man_made': 'works'}"
797890070,way,Unknown,,,,,48.1622761,23.3096519,"{'building': 'yes', 'man_made': 'works'}"
797890071,way,Unknown,,,,,48.1614634,23.3105481,"{'building': 'yes', 'man_made': 'works'}"
797890072,way,Unknown,,,,,48.1618044,23.311009,"{'building': 'yes', 'man_made': 'works'}"
797890076,way,Unknown,,,,,48.1619608,23.3122104,"{'building': 'yes', 'man_made': 'works'}"
797894306,way,Unknown,,,,,48.1581006,23.310396,"{'building': 'yes', 'man_made': 'works'}"
797894308,way,ХУСТСЬКА ФАБРИКА ФЕТРОВИХ ГОЛОВНИХ УБОРІВ,,,,,48.1574351,23.3086082,"{'building': 'yes', 'man_made': 'works', 'name': 'ХУСТСЬКА ФАБРИКА ФЕТРОВИХ ГОЛОВНИХ УБОРІВ', 'name:uk': 'ХУСТСЬКА ФАБРИКА ФЕТРОВИХ ГОЛОВНИХ УБОРІВ'}"
797894314,way,Unknown,,,,,48.1562648,23.310121,"{'building': 'yes', 'man_made': 'works'}"
797894318,way,Unknown,,,,,48.1547358,23.3115801,"{'building': 'yes', 'man_made': 'works'}"
797894323,way,Unknown,,,,,48.1569627,23.3119932,"{'building': 'yes', 'man_made': 'works'}"
797894324,way,Unknown,,,,,48.1571586,23.3127013,"{'building': 'yes', 'man_made': 'works'}"
797894329,way,Unknown,,,,,48.1584442,23.3107621,"{'building': 'yes', 'man_made': 'works'}"
797894330,way,Unknown,,,,,48.158683,23.3102283,"{'building': 'yes', 'man_made': 'works'}"
797894335,way,Unknown,,,,,48.1603545,23.3140349,"{'building': 'yes', 'man_made': 'works'}"
797894336,way,Unknown,,,,,48.1604089,23.3131101,"{'building': 'yes', 'man_made': 'works'}"
797894340,way,Unknown,,,,,48.1580366,23.3169531,"{'building': 'yes', 'man_made': 'works'}"
797894341,way,Unknown,,,,,48.157648,23.3166937,"{'building': 'yes', 'man_made': 'works'}"
797894343,way,Unknown,,,,,48.1582501,23.3135368,"{'building': 'yes', 'man_made': 'works'}"
797900641,way,Unknown,,,,,48.1593612,23.2956907,"{'building': 'yes', 'man_made': 'works'}"
797900642,way,Unknown,,,,,48.16005,23.2958369,"{'building': 'yes', 'man_made': 'works'}"
797900643,way,Unknown,,,,,48.1601074,23.2975324,"{'building': 'yes', 'man_made': 'works'}"
797900644,way,Unknown,,,,,48.1592941,23.2984722,"{'building': 'yes', 'man_made': 'works'}"
797900645,way,Unknown,,,,,48.1599838,23.2980269,"{'building': 'yes', 'man_made': 'works'}"
797900646,way,Unknown,,,,,48.1598733,23.2985765,"{'building': 'yes', 'man_made': 'works'}"
797900647,way,Unknown,,,,,48.1595731,23.2992312,"{'building': 'yes', 'man_made': 'works'}"
797900648,way,Unknown,,,,,48.1592118,23.2998186,"{'building': 'yes', 'man_made': 'works'}"
797900649,way,Unknown,,,,,48.1591241,23.2969125,"{'building': 'yes', 'man_made': 'works'}"
797900650,way,Unknown,,,,,48.1594363,23.2966939,"{'building': 'yes', 'man_made': 'works'}"
797900651,way,Unknown,,,,,48.15983,23.2965678,"{'building': 'yes', 'man_made': 'works'}"
797900652,way,Unknown,,,,,48.1605752,23.2976471,"{'building': 'yes', 'man_made': 'works'}"
797900653,way,Unknown,,,,,48.1620305,23.2965209,"{'building': 'yes', 'man_made': 'works'}"
797900654,way,Unknown,,,,,48.1615627,23.2966818,"{'building': 'yes', 'man_made': 'works'}"
798253524,way,М'ясокомбінат,,,,,50.2807902,34.866193,"{'industrial': 'factory', 'landuse': 'industrial', 'name': ""М'ясокомбінат"", 'name:uk': ""М'ясокомбінат""}"
800364532,way,Хлібоприймальне підприємство,,,,,50.4869937,31.7824931,"{'addr:housenumber': '15', 'addr:street': 'Зелена вулиця', 'industrial': 'factory', 'landuse': 'industrial', 'name': 'Хлібоприймальне підприємство', 'name:uk': 'Хлібоприймальне підприємство'}"
802034431,way,Unknown,,,,,48.590124,34.8302091,{'man_made': 'works'}
802139670,way,Плосківський завод мінеральних вод,,,,,48.6698529,22.8993086,"{'industrial': 'factory', 'landuse': 'industrial', 'name': 'Плосківський завод мінеральних вод', 'name:uk': 'Плосківський завод мінеральних вод'}"
804931432,way,"ПУБЛІЧНЕ АКЦІОНЕРНЕ ТОВАРИСТВО ""ЯНЦІВСЬКИЙ ГРАНІТНИЙ КАР'ЄР""",,,,,47.8697477,35.382846,"{'addr:housenumber': '30', 'addr:postcode': '70050', 'addr:street': 'Зелена вулиця', 'landuse': 'industrial', 'man_made': 'works', 'name': 'ПУБЛІЧНЕ АКЦІОНЕРНЕ ТОВАРИСТВО ""ЯНЦІВСЬКИЙ ГРАНІТНИЙ КАР\'ЄР""', 'name:uk': 'ПУБЛІЧНЕ АКЦІОНЕРНЕ ТОВАРИСТВО ""ЯНЦІВСЬКИЙ ГРАНІТНИЙ КАР\'ЄР""', 'product': 'граніт;щебень;відсів'}"
805111177,way,"ТОВ""РЕМШЛЯХБУД""",,,,,47.8899963,35.3798325,"{'addr:postcode': '70053', 'building': 'yes', 'man_made': 'works', 'name': 'ТОВ""РЕМШЛЯХБУД""', 'name:uk': 'ТОВ""РЕМШЛЯХБУД""', 'product': 'асфальт'}"
805124771,way,"ТОВ""РЕМШЛЯХБУД""",,,,,47.8744116,35.438449,"{'building': 'yes', 'man_made': 'works', 'name': 'ТОВ""РЕМШЛЯХБУД""', 'name:uk': 'ТОВ""РЕМШЛЯХБУД""'}"
805461911,way,Завод Метиз,,,,,49.538356,26.2039617,"{'man_made': 'works', 'name': 'Завод Метиз', 'name:uk': 'Завод Метиз'}"
806081202,way,Конотопський авіаремонтний завод «Авіакон»,,,,,51.2381426,33.1570679,"{'industrial': 'factory', 'landuse': 'industrial', 'name': 'Конотопський авіаремонтний завод «Авіакон»', 'name:uk': 'Конотопський авіаремонтний завод «Авіакон»'}"
806135577,way,ТОВ Павлоградський РМЗ,,,,,48.4843244,35.9490235,"{'addr:housenumber': '1Ж', 'addr:street': 'Промислова вулиця', 'industrial': 'factory', 'landuse': 'industrial', 'name': 'ТОВ Павлоградський РМЗ', 'name:uk': 'ТОВ Павлоградський РМЗ'}"
806815951,way,Unknown,,,,,46.1924911,29.1373452,"{'addr:housenumber': '202', 'addr:street': 'Садова вулиця', 'industrial': 'factory', 'landuse': 'industrial'}"
806905204,way,Красногірський олійний завод,,,,,49.7184856,32.0838214,"{'landuse': 'industrial', 'man_made': 'works', 'name': 'Красногірський олійний завод', 'name:uk': 'Красногірський олійний завод', 'product': 'oil'}"
807313454,way,Взуттєвий та швейний цех,,,,,49.9820777,36.3636013,"{'industrial': 'factory', 'landuse': 'industrial', 'name': 'Взуттєвий та швейний цех', 'name:ru': 'Обувной и швейный цех', 'name:uk': 'Взуттєвий та швейний цех'}"
808148695,way,Unknown,,,,,50.6905974,28.6185854,"{'industrial': 'factory', 'landuse': 'industrial'}"
809519161,way,"СП ТзОВ ""Олнова""",,,,,49.9628985,24.6021945,"{'industrial': 'factory', 'landuse': 'industrial', 'name': 'СП ТзОВ ""Олнова""', 'name:uk': 'СП ТзОВ ""Олнова""'}"
814598597,way,Unknown,,,,,50.424814,30.1306766,{'man_made': 'works'}
814598605,way,Unknown,,,,,50.4500634,30.1844229,{'man_made': 'works'}
815494378,way,Unknown,,,,,50.3718753,33.9871227,{'man_made': 'works'}
816200759,way,Водомир,,,,,49.0415028,37.5505476,"{'building': 'yes', 'man_made': 'works', 'name': 'Водомир', 'name:uk': 'Водомир'}"
822961823,way,Unknown,,,,,48.3726912,22.5731177,"{'building': 'yes', 'man_made': 'works', 'product': 'clothes'}"
823801947,way,Меблева фабрика Миколаївського УВП УТОГ,,,,,46.98221,32.0298133,"{'industrial': 'factory', 'landuse': 'industrial', 'name': 'Меблева фабрика Миколаївського УВП УТОГ', 'name:ru': 'Мебельная фабрика Николаевского УПП УОГ', 'name:uk': 'Меблева фабрика Миколаївського УВП УТОГ', 'owner': 'Миколаївське учбово-виробниче підприємство Українського товариства глухих'}"
826606782,way,Бахмацький Молочно-Консервний Комбінат,,,,,51.1692276,32.8222602,"{'disused': 'yes', 'industrial': 'factory', 'landuse': 'industrial', 'name': 'Бахмацький Молочно-Консервний Комбінат', 'name:uk': 'Бахмацький Молочно-Консервний Комбінат'}"
828789816,way,Асфальтний завод,,,,,48.5783392,38.063302,"{'building': 'yes', 'man_made': 'works', 'name': 'Асфальтний завод', 'name:uk': 'Асфальтний завод'}"
833517965,way,Unknown,,,,,50.5693082,24.1159574,"{'building': 'yes', 'man_made': 'works'}"
833921596,way,Unknown,,,,,50.4935002,30.4763502,{'man_made': 'works'}
835620782,way,Unknown,,,,,44.6640398,34.0180882,"{'building': 'industrial', 'building:levels': '1', 'description': 'Сыродельня и сырохранилище', 'height': '3', 'man_made': 'works'}"
836133536,way,"Тов ""Кінний завод""",,,,,50.2443409,32.4878158,"{'man_made': 'works', 'name': 'Тов ""Кінний завод""', 'name:uk': 'Тов ""Кінний завод""'}"
838427137,way,Unknown,,,,,48.5946104,35.3361278,"{'building': 'manufacture', 'man_made': 'works'}"
838427142,way,Unknown,,,,,48.5950666,35.336379,"{'addr:housenumber': '37а', 'addr:street': 'Степова вулиця', 'building': 'yes', 'man_made': 'works'}"
840234568,way,ТОВ СПІКО,,,,,49.886327,28.54056,"{'addr:city': 'Мирне', 'addr:housenumber': '151а', 'addr:street': 'вулиця Володарського', 'landuse': 'industrial', 'man_made': 'works', 'name': 'ТОВ СПІКО', 'name:uk': 'ТОВ СПІКО', 'product': 'Лимонад'}"
840557501,way,Титан,,,,,47.1553743,37.3669502,"{'man_made': 'works', 'name': 'Титан', 'name:ru': 'Титан', 'name:uk': 'Титан'}"
842380751,way,Unknown,,,,,48.9410477,26.9128346,"{'building': 'yes', 'man_made': 'works'}"
842808609,way,Будівельна бригада,,,,,49.8791874,33.3020685,"{'craft': 'builder', 'man_made': 'works', 'name': 'Будівельна бригада', 'name:uk': 'Будівельна бригада'}"
844811612,way,Колишня база Відділу Робітничого Забезпечення ОГЗК,,,,,47.6489857,34.1155299,"{'addr:housenumber': '16', 'addr:street': 'Партизанська вулиця', 'industrial': 'factory', 'landuse': 'industrial', 'name': 'Колишня база Відділу Робітничого Забезпечення ОГЗК'}"
845878503,way,Шкірзавод,,,,,49.9135917,28.5964911,"{'condition': 'not_working', 'landuse': 'industrial', 'man_made': 'works', 'name': 'Шкірзавод', 'name:uk': 'Шкірзавод'}"
845878506,way,М'ясокомбінат,,,,,49.9162048,28.5975142,"{'industrial': 'factory', 'landuse': 'industrial', 'name': ""М'ясокомбінат"", 'name:uk': ""М'ясокомбінат""}"
846107940,way,Unknown,,,,,48.2365603,38.2118971,"{'building': 'industrial', 'man_made': 'works', 'product': 'food;bakery'}"
846175213,way,Європак,,,,,48.4748852,34.6940991,"{'addr:housenumber': '1', 'addr:street': 'Січеславський шлях', 'industrial': 'factory', 'landuse': 'industrial', 'name': 'Європак', 'name:uk': 'Європак'}"
847510491,way,Управління механізації дорожнього будівництва № 2 «Харківшляхбуд»,,,,,49.9281833,35.7485665,"{'industrial': 'factory', 'landuse': 'industrial', 'name': 'Управління механізації дорожнього будівництва № 2 «Харківшляхбуд»', 'name:uk': 'Управління механізації дорожнього будівництва № 2 «Харківшляхбуд»'}"
847510492,way,Маслоекстракційний завод,,,,,49.9264127,35.754843,"{'industrial': 'factory', 'landuse': 'industrial', 'name': 'Маслоекстракційний завод', 'name:uk': 'Маслоекстракційний завод'}"
847516386,way,Цегельний завод (колишній),,,,,49.9252903,35.9040019,"{'industrial': 'factory', 'landuse': 'industrial', 'name': 'Цегельний завод (колишній)', 'name:ru': 'Кирпичный завод', 'name:uk': 'Цегельний завод (колишній)'}"
850023442,way,Завод спеціальних конструкцій,,,,,47.5027792,34.6218176,"{'addr:housenumber': '52', 'addr:street': 'Промислова вулиця', 'industrial': 'factory', 'landuse': 'industrial', 'name': 'Завод спеціальних конструкцій', 'name:fr': 'Usine de constructions spéciales', 'name:uk': 'Завод спеціальних конструкцій', 'website': 'https://aem.zp.ua/index.php?id=17'}"
850916088,way,Хлебзавод,,,,,48.5961539,38.0021356,"{'industrial': 'factory', 'landuse': 'industrial', 'name': 'Хлебзавод', 'name:uk': 'Хлебзавод'}"
851831112,way,Unknown,,,,,48.646153,37.679135,"{'building': 'yes', 'man_made': 'works'}"
852448832,way,ПМП «Песа»,,,,,49.4559306,25.5405782,"{'industrial': 'factory', 'landuse': 'industrial', 'name': 'ПМП «Песа»', 'name:uk': 'ПМП «Песа»'}"
852680352,way,Бердичівський рафінадний завод,,,,,49.9035257,28.6165894,"{'condition': 'intolerable', 'factory': 'food', 'industrial': 'factory', 'landuse': 'industrial', 'name': 'Бердичівський рафінадний завод', 'name:uk': 'Бердичівський рафінадний завод', 'product': 'sugar', 'status': 'abandoned'}"
853327560,way,Завод асфальтової суміші RDS,,,,,49.5768904,34.1207644,"{'description': 'https://www.facebook.com/rdsukraine/', 'industrial': 'factory', 'landuse': 'industrial', 'name': 'Завод асфальтової суміші RDS', 'name:uk': 'Завод асфальтової суміші RDS', 'operator': 'RDS - група дорожньо-будівельних компаній', 'website': 'https://rds.org.ua/'}"
856493202,way,Страбичівський елеватор,,,,,48.3798614,22.5481517,"{'addr:housenumber': '9', 'addr:postcode': '89656', 'addr:street': 'Елеваторна вулиця', 'landuse': 'industrial', 'man_made': 'works', 'name': 'Страбичівський елеватор', 'name:uk': 'Страбичівський елеватор'}"
858592076,way,С-ТРАНС,,,,,49.6789972,36.3323852,"{'industrial': 'factory', 'landuse': 'industrial', 'name': 'С-ТРАНС', 'name:uk': 'С-ТРАНС'}"
859208730,way,Exim food,,,,,49.9913059,24.044255,"{'industrial': 'factory', 'landuse': 'industrial', 'name': 'Exim food', 'name:uk': 'Exim food'}"
861340019,way,Цех полімерних виробів,,,,,49.8574949,24.0772935,"{'building': 'industrial', 'man_made': 'works', 'name': 'Цех полімерних виробів'}"
867322468,way,М'ясопереробний завод,,,,,48.2219891,26.0937825,"{'building': 'industrial', 'man_made': 'works', 'name': ""М'ясопереробний завод"", 'name:uk': ""М'ясопереробний завод"", 'operator': 'ПП ""Колос""', 'product': 'meat'}"
867782333,way,Unknown,,,,,47.9823982,37.6857169,"{'building': 'house', 'man_made': 'works'}"
870710747,way,Газкотлоспецмонтажналадка,,,,,46.6586973,32.6494553,"{'description': 'Виробництво твердопаливних котлів', 'landuse': 'industrial', 'man_made': 'works', 'name': 'Газкотлоспецмонтажналадка', 'name:uk': 'Газкотлоспецмонтажналадка'}"
870815425,way,Unknown,,,,,50.4597443,28.2579873,"{'industrial': 'factory', 'landuse': 'industrial', 'product': 'clothes'}"
876201548,way,"ДП ""Завод обважнених бурильних та ведучих труб""",,,,,50.9596203,34.7724206,"{'industrial': 'factory', 'landuse': 'industrial', 'name': 'ДП ""Завод обважнених бурильних та ведучих труб""', 'name:ru': 'ДП ""Завод утяжеленных бурильных и ведущих труб""', 'name:uk': 'ДП ""Завод обважнених бурильних та ведучих труб""'}"
878594948,way,Кох,,,,,50.2469031,28.7004116,"{'abandoned': 'yes', 'addr:housenumber': '6', 'addr:street': 'Польовий майдан', 'industrial': 'factory', 'landuse': 'industrial', 'name': 'Кох', 'name:uk': 'Кох'}"
881128311,way,Unknown,,,,,48.4202742,22.7232134,"{'addr:housenumber': '9', 'addr:street': 'Пряшівська вулиця', 'man_made': 'works'}"
884493255,way,Колишній цегельний завод,,,,,49.8167613,36.0765758,"{'industrial': 'factory', 'landuse': 'industrial', 'name': 'Колишній цегельний завод', 'name:uk': 'Колишній цегельний завод'}"
885524173,way,Водоканал,,,,,47.1133503,37.6071244,"{'landuse': 'industrial', 'man_made': 'works', 'name': 'Водоканал', 'name:ru': 'Водоканал', 'name:uk': 'Водоканал', 'official_status': 'Комунальне підприємство'}"
890168637,way,"Трикотажна фабрика ""АСЛАН-ТЕКСТИЛЬ""",,,,,49.7191179,26.4475495,"{'industrial': 'factory', 'landuse': 'industrial', 'name': 'Трикотажна фабрика ""АСЛАН-ТЕКСТИЛЬ""', 'name:uk': 'Трикотажна фабрика ""АСЛАН-ТЕКСТИЛЬ""'}"
891323423,way,Unknown,,,,,48.6467102,33.0581969,"{'building': 'yes', 'man_made': 'works'}"
891323424,way,Unknown,,,,,48.646007,33.0583754,"{'building': 'yes', 'man_made': 'works'}"
891323425,way,Вагова АЗ,,,,,48.6470395,33.0605756,"{'addr:housenumber': '13', 'addr:street': 'Кільцева вулиця', 'building': 'yes', 'man_made': 'works', 'name': 'Вагова АЗ', 'name:uk': 'Вагова АЗ'}"
892712716,way,Асфальтний завод,,,,,48.7230689,23.1800408,"{'industrial': 'factory', 'landuse': 'industrial', 'name': 'Асфальтний завод', 'name:uk': 'Асфальтний завод'}"
893081621,way,Горная Сыроварня,,,,,44.7401661,34.3986357,"{'addr:city': 'Лучистое', 'addr:housenumber': '3', 'addr:street': 'Извилистая', 'amenity': 'restaurant', 'building': 'yes', 'man_made': 'works', 'name': 'Горная Сыроварня', 'name:uk': 'Гірська Сироварня', 'phone': '+79780872534', 'product': 'chease', 'website': 'https://горнаясыроварня.рф/'}"
902238167,way,ДСК,,,,,49.2207681,24.6479934,"{'man_made': 'works', 'name': 'ДСК', 'name:uk': 'ДСК'}"
903047373,way,Unknown,,,,,48.2198826,22.6518516,"{'addr:housenumber': '72', 'addr:street': 'вулиця Тіводора Легоцького', 'landuse': 'industrial', 'man_made': 'works'}"
909174789,way,Unknown,,,,,48.6435263,22.3393187,"{'addr:city': 'Оноківці', 'addr:housenumber': '2-П', 'addr:postcode': '89412', 'addr:street': 'Головна вулиця', 'landuse': 'railway', 'man_made': 'works', 'operator': 'Укрзалізниця', 'operator:wikidata': 'Q923337'}"
909628816,way,Лісопильня,,,,,52.0046901,32.1806851,"{'craft': 'sawmill', 'man_made': 'works', 'name': 'Лісопильня', 'name:uk': 'Лісопильня'}"
911538174,way,Unknown,,,,,48.2021206,22.6330453,"{'addr:housenumber': '71', 'addr:street': 'вулиця Іштвана Сечені', 'landuse': 'industrial', 'man_made': 'works'}"
912315565,way,Unknown,,,,,50.4566805,30.6526206,{'man_made': 'works'}
912315566,way,Unknown,,,,,50.4576282,30.6580658,{'man_made': 'works'}
912315568,way,Укрветпромпостач,,,,,50.5168298,30.821079,"{'addr:housenumber': '23а', 'addr:postcode': '07403', 'addr:street': 'вулиця Гельсінської Групи', 'email': 'info@vetsnab.com.ua', 'man_made': 'works', 'name': 'Укрветпромпостач', 'name:uk': 'Укрветпромпостач', 'phone': '+380 (4594) 7 00 14', 'website': 'https://www.vetsnab.com.ua/'}"
912315569,way,Unknown,,,,,50.5246267,30.8265249,{'man_made': 'works'}
912315570,way,Unknown,,,,,50.520309,30.8297505,{'man_made': 'works'}
912315571,way,Броварський завод залізобетонних конструкцій,,,,,50.5276947,30.8237877,"{'addr:housenumber': '2', 'addr:postcode': '07400', 'addr:street': 'Порошкова вулиця', 'email': 'bzbk@bzzk.com.ua', 'man_made': 'works', 'name': 'Броварський завод залізобетонних конструкцій', 'name:uk': 'Броварський завод залізобетонних конструкцій', 'phone': '+380 (50) 100 04 31', 'start_date': '1963-12', 'website': 'https://bzzk.com.ua/uk'}"
912315584,way,Unknown,,,,,50.5242854,30.8161208,{'man_made': 'works'}
912315585,way,Unknown,,,,,50.5257992,30.818909,{'man_made': 'works'}
912315586,way,Unknown,,,,,50.5286483,30.7964587,{'man_made': 'works'}
912315587,way,Unknown,,,,,50.5323333,30.8201528,{'man_made': 'works'}
912315588,way,Завод пластмас,,,,,50.5313246,30.8183438,"{'man_made': 'works', 'name': 'Завод пластмас', 'name:uk': 'Завод пластмас'}"
912315589,way,Unknown,,,,,50.5323019,30.8302143,{'man_made': 'works'}
912315590,way,Завод порошкової металургії,,,,,50.5298384,30.8107491,"{'man_made': 'works', 'name': 'Завод порошкової металургії', 'name:uk': 'Завод порошкової металургії', 'operator': 'ДП ""Завод порошкової металіргії""'}"
912315591,way,Інтерметалпласт,,,,,50.5160999,30.821307,"{'addr:housenumber': '77а', 'addr:street': 'вулиця Олега Оникієнка', 'man_made': 'works', 'name': 'Інтерметалпласт', 'name:ru': 'Интерметаллпласт', 'name:uk': 'Інтерметалпласт'}"
912315592,way,Unknown,,,,,50.5189412,30.8321484,{'man_made': 'works'}
912315593,way,Завод газоблоків,,,,,50.529222,30.827089,"{'man_made': 'works', 'name': 'Завод газоблоків', 'name:uk': 'Завод газоблоків'}"
912315596,way,Unknown,,,,,50.5573122,30.8518432,{'man_made': 'works'}
912367402,way,Unknown,,,,,47.6076846,31.3033431,{'man_made': 'works'}
912367403,way,Unknown,,,,,48.2340829,31.3901433,{'man_made': 'works'}
912367408,way,Unknown,,,,,50.2373518,30.8844154,{'man_made': 'works'}
912367413,way,Unknown,,,,,50.321842,30.8684728,{'man_made': 'works'}
912367429,way,Unknown,,,,,50.3732308,30.7087879,{'man_made': 'works'}
912367430,way,Unknown,,,,,50.3723772,30.7044928,{'man_made': 'works'}
912367435,way,Unknown,,,,,50.4902862,30.8747535,{'man_made': 'works'}
912367439,way,Unknown,,,,,50.5033318,30.8221396,{'man_made': 'works'}
912367440,way,Unknown,,,,,50.5047357,30.8191069,{'man_made': 'works'}
912367441,way,Unknown,,,,,50.5027747,30.8229833,{'man_made': 'works'}
912372842,way,Unknown,,,,,46.7776948,31.9417593,{'man_made': 'works'}
912372848,way,Unknown,,,,,47.6049912,31.305428,{'man_made': 'works'}
912372849,way,Unknown,,,,,47.6086792,31.3061718,{'man_made': 'works'}
912466659,way,Unknown,,,,,48.7881916,29.3822292,{'man_made': 'works'}
912513034,way,Unknown,,,,,49.304076,28.4859369,{'man_made': 'works'}
912513035,way,Unknown,,,,,49.304841,28.4833232,{'man_made': 'works'}
913740679,way,Unknown,,,,,50.4449531,30.6510613,"{'addr:housenumber': '3', 'addr:street': 'вулиця Роберта Лісовського', 'building': 'industrial', 'man_made': 'works'}"
918173222,way,"Швейна фабрика ""Браїлівчанка""",,,,,49.1073888,28.1657018,"{'industrial': 'factory', 'landuse': 'industrial', 'name': 'Швейна фабрика ""Браїлівчанка""', 'name:uk': 'Швейна фабрика ""Браїлівчанка""'}"
926207514,way,Золочівський хлібзавод,,,,,50.2899403,35.9850907,"{'industrial': 'factory', 'landuse': 'industrial', 'name': 'Золочівський хлібзавод', 'name:uk': 'Золочівський хлібзавод'}"
926207515,way,Золочівський молокозавод,,,,,50.289399,35.9868111,"{'industrial': 'factory', 'landuse': 'industrial', 'name': 'Золочівський молокозавод', 'name:uk': 'Золочівський молокозавод'}"
926741807,way,Unknown,,,,,49.7505005,29.0445857,"{'building': 'yes', 'man_made': 'works'}"
926741808,way,Unknown,,,,,49.7508036,29.0441925,"{'building': 'yes', 'man_made': 'works'}"
926741809,way,Unknown,,,,,49.7510479,29.0449255,"{'building': 'yes', 'man_made': 'works'}"
931031826,way,Unknown,,,,,48.0598234,37.9601488,{'man_made': 'works'}
931977731,way,Херсонська меблева фабрика,,,,,46.6515533,32.5914738,"{'industrial': 'factory', 'landuse': 'industrial', 'name': 'Херсонська меблева фабрика', 'name:uk': 'Херсонська меблева фабрика', 'phone': '+380 552 22 5618;+380 552 26 4522;+380 552 22 5618', 'product': 'furniture'}"
934059079,way,"Кондитерська фабрика ""Сват""",,,,,50.0934519,36.0124159,"{'addr:housenumber': '5', 'addr:postcode': '62350', 'addr:street': 'Дiброва вулиця', 'description': 'https://youcontrol.com.ua/ru/catalog/company_details/37246573/', 'industrial': 'factory', 'landuse': 'industrial', 'name': 'Кондитерська фабрика ""Сват""', 'name:ru': 'кондитерская фабрика ""Сват""', 'name:uk': 'Кондитерська фабрика ""Сват""'}"
934635442,way,"Млин СВК ""СЛАВА""",,,,,50.911407,24.7120807,"{'industrial': 'grinding_mill', 'landuse': 'industrial', 'man_made': 'works', 'name': 'Млин СВК ""СЛАВА""', 'name:uk': 'Млин СВК ""СЛАВА""', 'product': 'flour'}"
944992907,way,"ТОВ ""Агрохелікс""",,,,,50.5945045,28.4609425,"{'addr:housenumber': '20', 'addr:street': 'Східна вулиця', 'industrial': 'factory', 'landuse': 'industrial', 'name': 'ТОВ ""Агрохелікс""', 'name:en': 'Agrohelix', 'name:uk': 'ТОВ ""Агрохелікс""', 'opening_hours': 'Mo-Fr 08:30-17:00', 'phone': '+380 63 302 1536; +380 67 539 4221', 'website': 'https://agrohelix.com.ua/'}"
948861139,way,"ТОВ ""Імпекс Граніт""",,,,,50.5887032,28.676898,"{'industrial': 'factory', 'landuse': 'industrial', 'name': 'ТОВ ""Імпекс Граніт""', 'name:uk': 'ТОВ ""Імпекс Граніт""'}"
951517234,way,Андрушівський маслосирзавод,,,,,50.0162619,29.0025872,"{'landuse': 'industrial', 'man_made': 'works', 'name': 'Андрушівський маслосирзавод', 'name:uk': 'Андрушівський маслосирзавод', 'official_name': 'ТОВ ""Андрушівський маслосирзавод""', 'phone': '+380 4136 21 796', 'product': 'cheese', 'website': 'https://amsz.ua/virobnitstvo/andrushvsykiy-zavod/'}"
952484774,way,Unknown,,,,,50.7163519,28.526245,"{'landuse': 'industrial', 'man_made': 'works'}"
954728984,way,Unknown,,,,,48.5011684,35.0388465,"{'landuse': 'industrial', 'man_made': 'works'}"
956261446,way,Залозецький цегельний завод,,,,,49.7866223,25.3809285,"{'contact:phone': '+380 3540 31 283', 'landuse': 'industrial', 'man_made': 'works', 'name': 'Залозецький цегельний завод', 'name:uk': 'Залозецький цегельний завод', 'product': 'bricks'}"
961620806,way,Комбікормовий завод,,,,,50.6555349,24.3564302,"{'addr:housenumber': '30', 'addr:street': 'Заводська вулиця', 'industrial': 'factory', 'landuse': 'industrial', 'name': 'Комбікормовий завод', 'name:uk': 'Комбікормовий завод'}"
961934685,way,ТзОВ «Ритм»,,,,,48.4188475,22.7050849,"{'addr:city': 'Мукачево', 'addr:housenumber': '25-А', 'addr:postcode': '89600', 'addr:street': 'Берегівська-обʼїзна вулиця', 'building': 'industrial', 'man_made': 'works', 'name': 'ТзОВ «Ритм»', 'name:uk': 'ТзОВ «Ритм»'}"
966192272,way,Unknown,,,,,50.3166643,30.3001594,"{'building': 'yes', 'industrial': 'factory'}"
967236660,way,Flex,,,,,48.4112563,22.7027442,"{'contact:website': 'https://flex.com/', 'industrial': 'factory', 'landuse': 'industrial', 'man_made': 'works', 'name': 'Flex', 'name:uk': 'Flex'}"
974021608,way,ТДВ Первомайськдизельмаш,,,,,48.0376806,30.8590199,"{'barrier': 'wall', 'landuse': 'industrial', 'man_made': 'works', 'name': 'ТДВ Первомайськдизельмаш', 'name:en': 'TDV Pervomaiskdieselmash', 'name:ru': 'ОДО Первомайскдизельмаш', 'name:uk': 'ТДВ Первомайськдизельмаш', 'product': 'machinery', 'wall': 'brick', 'website': 'https://dieselmash.com.ua/'}"
974207062,way,Автотранспортний цех №1,,,,,47.1545052,37.5364181,"{'landuse': 'industrial', 'man_made': 'works', 'name': 'Автотранспортний цех №1', 'name:ru': 'Автотранспортный цех №1', 'name:uk': 'Автотранспортний цех №1', 'short_name': 'АТЦ-1'}"
977023908,way,Кирнасівський цукровий завод,,,,,48.5937278,29.0049613,"{'industrial': 'factory', 'landuse': 'industrial', 'name': 'Кирнасівський цукровий завод', 'name:uk': 'Кирнасівський цукровий завод'}"
979400553,way,"""Механічний""",,,,,47.5004695,34.398396,"{'building': 'yes', 'man_made': 'works', 'name': '""Механічний""', 'name:uk': '""Механічний""'}"
983894186,way,Фабрика взуття,,,,,49.8420378,28.2127737,"{'addr:postcode': '13253', 'building': 'yes', 'man_made': 'works', 'name': 'Фабрика взуття', 'name:uk': 'Фабрика взуття'}"
987343909,way,Асфальтний завод,,,,,48.5457106,37.8142729,"{'industrial': 'factory', 'landuse': 'industrial', 'name': 'Асфальтний завод', 'name:uk': 'Асфальтний завод'}"
989055847,way,Unknown,,,,,50.7424702,25.3851614,{'man_made': 'works'}
989055848,way,Unknown,,,,,50.7841006,25.3708483,{'man_made': 'works'}
993209635,way,Полтавський турбомеханічний завод,,,,,49.6025482,34.5336033,"{'industrial': 'factory', 'landuse': 'industrial', 'name': 'Полтавський турбомеханічний завод', 'name:ru': 'Полтавский турбомеханический завод', 'name:uk': 'Полтавський турбомеханічний завод'}"
993626071,way,Елеватор,,,,,48.9937986,31.0027484,"{'building': 'yes', 'man_made': 'works', 'name': 'Елеватор', 'name:ru': 'Элеватор', 'name:uk': 'Елеватор'}"
996008283,way,ТОВ ФНДЦ Альян краси,,,,,50.6744013,30.269304,"{'addr:housenumber': '65', 'addr:street': 'Київська вулиця', 'man_made': 'works', 'name': 'ТОВ ФНДЦ Альян краси', 'name:ru': 'ООО ФНИЦ Альянс красоты', 'name:uk': 'ТОВ ФНДЦ Альян краси', 'phone': '+380 44 384 0480', 'product': 'зубна паста бренду Family Doctor'}"
996299940,way,Колишній завод телеграфної апаратури,,,,,49.4419836,32.0314976,"{'landuse': 'industrial', 'man_made': 'works', 'name': 'Колишній завод телеграфної апаратури', 'name:ru': 'Бывший завод телеграфной аппаратуры', 'name:uk': 'Колишній завод телеграфної апаратури'}"
1003724843,way,Unknown,,,,,50.5938154,30.4663572,{'man_made': 'works'}
1004259910,way,Фрегат,,,,,45.3648745,36.4966639,"{'fixme': 'resurvey', 'landuse': 'industrial', 'man_made': 'works', 'name': 'Фрегат', 'name:ru': 'Фрегат'}"
1008296873,way,Дніпросталь,,,,,48.4967003,35.0999069,"{'man_made': 'works', 'name': 'Дніпросталь', 'name:uk': 'Дніпросталь'}"
1008802275,way,Індустріальний парк INNOVATION FORPOST,,,,,48.4968626,35.0778011,"{'man_made': 'works', 'name': 'Індустріальний парк INNOVATION FORPOST', 'name:uk': 'Індустріальний парк INNOVATION FORPOST'}"
1009342167,way,ТзОВ АСС-Коростишівська паперова фабрика,,,,,50.3244819,29.0653346,"{'full_name': 'ТОВАРИСТВО З ОБМЕЖЕНОЮ ВІДПОВІДАЛЬНІСТЮ ""АСС-КОРОСТИШІВСЬКА ПАПЕРОВА ФАБРИКА""', 'industrial': 'factory', 'landuse': 'industrial', 'name': 'ТзОВ АСС-Коростишівська паперова фабрика', 'name:uk': 'ТзОВ АСС-Коростишівська паперова фабрика'}"
1009380721,way,Zeelandia,,,,,50.5164085,30.8494716,"{'addr:housenumber': '8', 'addr:postcode': '07403', 'addr:street': 'Виробнича вулиця', 'building': 'industrial', 'email': 'info@zeelandia.ua', 'man_made': 'works', 'name': 'Zeelandia', 'name:uk': 'Zeelandia', 'operator': 'ДП ""Зееландія""', 'phone': '+380 (44) 592-28-83', 'product': 'food', 'website': 'https://www.zeelandia.ua/'}"
1012095791,way,Томашгородський щебеневий завод,,,,,51.3116812,27.0550005,"{'industrial': 'factory', 'landuse': 'industrial', 'name': 'Томашгородський щебеневий завод', 'name:uk': 'Томашгородський щебеневий завод'}"
1013536400,way,Нововолинський олійно-жировий комбінат,,,,,50.7225868,24.1581641,"{'addr:housename': '60', 'addr:housenumber': '60', 'addr:street': 'Нововолинська вулиця', 'industrial': 'factory', 'landuse': 'industrial', 'name': 'Нововолинський олійно-жировий комбінат', 'name:uk': 'Нововолинський олійно-жировий комбінат'}"
1014301868,way,Сателіт,,,,,47.1327932,37.6713506,"{'landuse': 'industrial', 'man_made': 'works', 'name': 'Сателіт', 'name:ru': 'Сателлит', 'name:uk': 'Сателіт'}"
1015286445,way,"ТОВ ""ДКП ""Фармацевтична Фабрика""",,,,,50.2478696,28.6635131,"{'addr:housenumber': '5', 'addr:street': 'Шляхетна вулиця', 'full_name': 'ТОВАРИСТВО З ОБМЕЖЕНОЮ ВІДПОВІДАЛЬНІСТЮ ""ДКП ""ФАРМАЦЕВТИЧНА ФАБРИКА""', 'industrial': 'factory', 'landuse': 'industrial', 'name': 'ТОВ ""ДКП ""Фармацевтична Фабрика""', 'name:uk': 'ТОВ ""ДКП ""Фармацевтична Фабрика""'}"
1015634796,way,"МКП ""Прометей""",,,,,49.7638139,30.125134,"{'industrial': 'factory', 'landuse': 'industrial', 'name': 'МКП ""Прометей""', 'name:uk': 'МКП ""Прометей""'}"
1015704362,way,ПП «Комфорт меблі»,,,,,49.7242403,30.0300752,"{'industrial': 'factory', 'landuse': 'industrial', 'name': 'ПП «Комфорт меблі»', 'name:uk': 'ПП «Комфорт меблі»'}"
1015854388,way,Ципа,,,,,48.1517153,24.2790953,"{'addr:street': 'Центральна вулиця', 'building': 'brewery', 'building:levels': '2', 'craft': 'brewery', 'man_made': 'works', 'name': 'Ципа', 'name:uk': 'Ципа', 'product': 'beer'}"
1015964698,way,ЧАЙКА-05,,,,,44.8527519,34.1020401,"{'building': 'yes', 'man_made': 'works', 'name': 'ЧАЙКА-05'}"
1016428934,way,Трикотажна фабрика «Мрія»,,,,,48.4406365,22.7427674,"{'addr:housenumber': '13', 'addr:street': 'вулиця Томаша Масарика', 'landuse': 'industrial', 'man_made': 'works', 'name': 'Трикотажна фабрика «Мрія»', 'name:uk': 'Трикотажна фабрика «Мрія»', 'website': 'http://www.mriyamukachevo.com/'}"
1016516104,way,"СП ТОВ ""Ріф-1""",,,,,49.9054487,28.60222,"{'addr:housenumber': '37', 'addr:street': 'вулиця Цадика', 'industrial': 'factory', 'landuse': 'industrial', 'name': 'СП ТОВ ""Ріф-1""', 'name:uk': 'СП ТОВ ""Ріф-1""'}"
1016516106,way,"ПрАТ ""Дніпровуд""",,,,,49.9083971,28.6087163,"{'addr:housenumber': '2а', 'addr:postcode': '13300', 'addr:street': 'вулиця Піонтковського', 'email': 'dniprowood@dniprowood.com', 'industrial': 'factory', 'landuse': 'industrial', 'name': 'ПрАТ ""Дніпровуд""', 'name:uk': 'ПрАТ ""Дніпровуд""', 'website': 'https://www.dniprowood.com/'}"
1016516108,way,"ТОВ ""Ніт Груп""",,,,,49.9078846,28.6073139,"{'addr:housenumber': '2а', 'addr:postcode': '13300', 'addr:street': 'вулиця Піонтковського', 'industrial': 'factory', 'landuse': 'industrial', 'name': 'ТОВ ""Ніт Груп""', 'name:uk': 'ТОВ ""Ніт Груп""'}"
1017023064,way,Жулянський машинобудівний завод «Візар»,,,,,50.3855482,30.3571906,"{'landuse': 'industrial', 'layer': '1', 'man_made': 'works', 'name': 'Жулянський машинобудівний завод «Візар»', 'name:uk': 'Жулянський машинобудівний завод «Візар»', 'wikidata': 'Q21662352', 'wikipedia': 'uk:Жулянський машинобудівний завод «Візар»'}"
1017830730,way,Ozon,,,,,49.7719713,23.6379988,"{'addr:housenumber': '66в', 'addr:postcode': '81500', 'addr:street': 'Комарнівська вулиця', 'email': 'office@ozon.in.ua', 'industrial': 'factory', 'landuse': 'industrial', 'name': 'Ozon', 'name:uk': 'Ozon', 'phone': '+380 97 320 0001', 'website': 'https://brukivkaozon.com/'}"
1019141908,way,Первомайський молочноконсервний комбінат,,,,,48.000522,30.8090295,"{'barrier': 'wall', 'contact:phone': '+380 67 517 4124', 'contact:website': 'https://pmkk.com.ua/', 'loc_name': 'Молочноконсервний завод', 'man_made': 'works', 'name': 'Первомайський молочноконсервний комбінат', 'name:uk': 'Первомайський молочноконсервний комбінат', 'official_name': 'ПрАТ “Первомайський молочноконсервний комбінат”', 'product': 'dairy', 'short_name': 'Первомайський МКК'}"
1019587850,way,Сміттєсортувальна станція,,,,,49.7237339,28.7750793,"{'landuse': 'industrial', 'man_made': 'works', 'name': 'Сміттєсортувальна станція', 'name:en': 'Waste sorting station', 'name:uk': 'Сміттєсортувальна станція'}"
1025088081,way,Unknown,,,,,48.5866451,22.2900702,"{'addr:city': 'Розівка', 'addr:housenumber': '2-Б', 'addr:street': 'Трудова вулиця', 'landuse': 'industrial', 'man_made': 'works'}"
1028146863,way,Unknown,,,,,45.4846467,35.058981,"{'building': 'industrial', 'industrial': 'grinding_mill', 'man_made': 'works'}"
1028878792,way,"ТОВ ""РЕШЕТИЛІВСЬКИЙ ЦЕГЕЛЬНИЙ ЗАВОД""",,,,,49.5737023,34.1172856,"{'industrial': 'factory', 'landuse': 'industrial', 'name': 'ТОВ ""РЕШЕТИЛІВСЬКИЙ ЦЕГЕЛЬНИЙ ЗАВОД""', 'name:uk': 'ТОВ ""РЕШЕТИЛІВСЬКИЙ ЦЕГЕЛЬНИЙ ЗАВОД""'}"
1030489789,way,"ТОВ ""Побузький завод абразивів""",,,,,48.1750126,30.6230113,"{'addr:housenumber': '4', 'addr:postcode': '26555', 'addr:street': 'Вокзальна вулиця', 'industrial': 'factory', 'landuse': 'industrial', 'name': 'ТОВ ""Побузький завод абразивів""', 'name:uk': 'ТОВ ""Побузький завод абразивів""'}"
1030812270,way,Виробництво меблів,,,,,50.5806427,28.5089066,"{'addr:housenumber': '1', 'addr:street': 'вулиця Шевченка', 'craft': 'upholsterer', 'industrial': 'factory', 'landuse': 'industrial', 'name': 'Виробництво меблів', 'name:uk': 'Виробництво меблів', 'operator': 'ФОП Ніколаєнко Костянтин Віталійович'}"
1040938709,way,Азовский мясокомбинат,,,,,45.5887446,34.5762871,"{'building': 'yes', 'man_made': 'works', 'name': 'Азовский мясокомбинат'}"
1043099901,way,Unknown,,,,,50.0695811,36.3721209,"{'building': 'yes', 'man_made': 'works'}"
1043099902,way,Unknown,,,,,50.0690082,36.3713561,"{'building': 'yes', 'man_made': 'works'}"
1043099903,way,Unknown,,,,,50.0687238,36.3717318,"{'building': 'yes', 'man_made': 'works'}"
1043099904,way,Unknown,,,,,50.0686364,36.3700082,"{'building': 'yes', 'man_made': 'works'}"
1043099905,way,Unknown,,,,,50.0690345,36.3700965,"{'building': 'yes', 'man_made': 'works'}"
1043099906,way,Unknown,,,,,50.0695037,36.3706294,"{'building': 'yes', 'man_made': 'works'}"
1043099909,way,Unknown,,,,,50.070454,36.3720737,"{'building': 'yes', 'man_made': 'works'}"
1043099911,way,Unknown,,,,,50.0714834,36.3709727,"{'building': 'yes', 'man_made': 'works'}"
1043099916,way,Unknown,,,,,50.0703289,36.3728911,"{'building': 'yes', 'man_made': 'works'}"
1043099920,way,Unknown,,,,,50.0699436,36.3726291,"{'building': 'yes', 'man_made': 'works'}"
1055372705,way,Unknown,,,,,48.368138,22.37185,"{'building': 'industrial', 'layer': '1', 'man_made': 'works'}"
1058013871,way,Білоцерківська книжкова фабрика,,,,,49.7961766,30.1134724,"{'addr:housenumber': '4', 'addr:postcode': '09117', 'addr:street': 'вулиця Леся Курбаса', 'industrial': 'factory', 'landuse': 'industrial', 'name': 'Білоцерківська книжкова фабрика', 'name:uk': 'Білоцерківська книжкова фабрика', 'start_date': '1958', 'website': 'http://www.bc-book.com.ua/', 'wikidata': 'Q25434286', 'wikipedia': 'uk:Білоцерківська книжкова фабрика'}"
1058395189,way,Завод залізобетонних конструкцій,,,,,50.3939859,30.416577,"{'industrial': 'factory', 'landuse': 'industrial', 'name': 'Завод залізобетонних конструкцій', 'name:uk': 'Завод залізобетонних конструкцій'}"
1067290789,way,Винзавод «Закарпатські вина»,,,,,48.5375775,22.6529879,"{'craft': 'winery', 'landuse': 'industrial', 'man_made': 'works', 'name': 'Винзавод «Закарпатські вина»', 'name:uk': 'Винзавод «Закарпатські вина»', 'product': 'wine'}"
1078112965,way,Катіон,,,,,49.4093829,26.938462,"{'landuse': 'industrial', 'man_made': 'works', 'name': 'Катіон', 'name:uk': 'Катіон'}"
1080727863,way,Завод гофротари Придніпровський,,,,,49.2627391,31.4170937,"{'building': 'yes', 'man_made': 'works', 'name': 'Завод гофротари Придніпровський', 'name:uk': 'Завод гофротари Придніпровський'}"
1084399343,way,Сетки,,,,,45.0499772,34.2929886,"{'addr:city': 'Зуя', 'addr:housenumber': '35', 'addr:street': 'Керченская улица', 'man_made': 'works', 'name': 'Сетки', 'name:uk': 'Сітки'}"
1084510465,way,Швейна фабрика,,,,,45.5551167,29.3393386,"{'addr:housenumber': '100', 'addr:postcode': '68332', 'addr:street': 'вулиця М. А. Музики', 'building': 'yes', 'man_made': 'works', 'name': 'Швейна фабрика', 'name:uk': 'Швейна фабрика'}"
1089487195,way,"ТОВ ""НВП Технологія""",,,,,51.881084,33.4617983,"{'industrial': 'factory', 'landuse': 'industrial', 'name': 'ТОВ ""НВП Технологія""', 'name:uk': 'ТОВ ""НВП Технологія""'}"
1096061805,way,ТОВ Промислове Підприємство «ЗІП»,,,,,48.5117015,34.6265437,"{'man_made': 'works', 'name': 'ТОВ Промислове Підприємство «ЗІП»', 'name:uk': 'ТОВ Промислове Підприємство «ЗІП»'}"
1116626560,way,Дрофа,,,,,46.6585558,32.6151701,"{'addr:housenumber': '2', 'addr:street': 'Бериславське шосе', 'building': 'yes', 'email': 'info@drofabeer.com', 'man_made': 'works', 'mobile': '+380991085010', 'name': 'Дрофа', 'name:en': 'Drofa', 'name:ru': 'Дрофа', 'name:uk': 'Дрофа', 'product': 'beer', 'website': 'https://shop.drofabeer.com/'}"
1117580593,way,"Трикотажна фарбика ""Софія""",,,,,50.5203628,30.8067621,"{'addr:housenumber': '16', 'addr:postcode': '07400', 'addr:street': 'бульвар Незалежності', 'building': 'yes', 'email': 'sb@sophia.com.ua', 'fax': '+380 (4594) 5 21 77', 'man_made': 'works', 'name': 'Трикотажна фарбика ""Софія""', 'name:uk': 'Трикотажна фарбика ""Софія""', 'operator': 'ПАТ ""Софія""', 'phone': '+380 (4594) 5 15 72', 'product': 'clothes', 'website': 'https://sophia.com.ua/ua'}"
1123064740,way,Харчосмакова фабрика,,,,,47.5586033,31.3363478,"{'industrial': 'factory', 'landuse': 'industrial', 'name': 'Харчосмакова фабрика', 'name:uk': 'Харчосмакова фабрика'}"
1123568527,way,Швейна фабрика «Вікторія»,,,,,47.5610176,31.3395459,"{'landuse': 'industrial', 'man_made': 'works', 'name': 'Швейна фабрика «Вікторія»', 'name:uk': 'Швейна фабрика «Вікторія»'}"
1130940170,way,Unknown,,,,,49.9440108,25.3185856,"{'industrial': 'factory', 'landuse': 'industrial'}"
1133841662,way,Unknown,,,,,47.5759956,31.3242105,"{'industrial': 'factory', 'landuse': 'industrial'}"
1137543108,way,ПП «Сбояс»,,,,,47.6197602,31.2959001,"{'addr:housenumber': '286', 'addr:street': 'Київська вулиця', 'industrial': 'factory', 'landuse': 'industrial', 'name': 'ПП «Сбояс»', 'name:uk': 'ПП «Сбояс»', 'phone': '+380995329299'}"
1137640193,way,Unknown,,,,,47.6187308,31.2963085,"{'industrial': 'factory', 'landuse': 'industrial'}"
1138190498,way,"ЗАТ ""Вознесенське взуттєве підприємство""",,,,,47.6170097,31.3020147,"{'industrial': 'factory', 'landuse': 'industrial', 'name': 'ЗАТ ""Вознесенське взуттєве підприємство""', 'name:uk': 'ЗАТ ""Вознесенське взуттєве підприємство""'}"
1149892532,way,"Цукровий завод ТОВ ""Воїнське ХПП""",,,,,49.4162754,37.0404106,"{'barrier': 'wall', 'industrial': 'factory', 'landuse': 'industrial', 'name': 'Цукровий завод ТОВ ""Воїнське ХПП""', 'name:uk': 'Цукровий завод ТОВ ""Воїнське ХПП""'}"
1150614046,way,Ортекс Лтд,,,,,48.1488106,23.0295069,"{'industrial': 'factory', 'landuse': 'industrial', 'name': 'Ортекс Лтд', 'name:uk': 'Ортекс Лтд'}"
1151017628,way,Plati Ukraine Ltd,,,,,48.1511982,23.023118,"{'industrial': 'factory', 'landuse': 'industrial', 'name': 'Plati Ukraine Ltd', 'name:uk': 'Plati Ukraine Ltd'}"
1152847553,way,Plati Ukraine Ltd,,,,,48.1533344,23.0305706,"{'industrial': 'factory', 'landuse': 'industrial', 'name': 'Plati Ukraine Ltd', 'name:uk': 'Plati Ukraine Ltd'}"
1153116703,way,Сервіс Буд Дах,,,,,48.1574466,23.0322235,"{'industrial': 'factory', 'landuse': 'industrial', 'name': 'Сервіс Буд Дах', 'name:uk': 'Сервіс Буд Дах'}"
1153979372,way,Unknown,,,,,49.8480731,23.998177,"{'industrial': 'factory', 'landuse': 'industrial'}"
1155394459,way,Гончарівське підприємство,,,,,49.8699876,24.7854819,"{'industrial': 'factory', 'landuse': 'industrial', 'name': 'Гончарівське підприємство', 'name:uk': 'Гончарівське підприємство'}"
1161999698,way,Завод котельного устаткування,,,,,50.4946925,30.7712308,"{'industrial': 'factory', 'landuse': 'industrial', 'name': 'Завод котельного устаткування', 'name:uk': 'Завод котельного устаткування'}"
1167685440,way,Unknown,,,,,46.6406371,32.6309838,"{'addr:housenumber': '12', 'addr:street': 'Перекопська вулиця', 'building': 'yes', 'man_made': 'works', 'product': 'food'}"
1175429118,way,Швейне підприємство «Галичина»,,,,,48.9306959,24.7070813,"{'industrial': 'factory', 'landuse': 'industrial', 'name': 'Швейне підприємство «Галичина»', 'name:en': 'Sewing factory ""Halychyna""', 'name:uk': 'Швейне підприємство «Галичина»', 'product': 'clothes'}"
1178695284,way,Київський ювелірний завод,,,,,50.3989636,30.4926671,"{'industrial': 'factory', 'landuse': 'industrial', 'name': 'Київський ювелірний завод', 'name:uk': 'Київський ювелірний завод', 'short_name': 'КЮЗ'}"
1180940745,way,Руїни сталепрокатного заводу,,,,,47.879601,35.1890567,"{'man_made': 'works', 'name': 'Руїни сталепрокатного заводу', 'name:uk': 'Руїни сталепрокатного заводу'}"
1185296789,way,Вугільна котельня.,,,,,47.8945811,37.6839293,"{'man_made': 'works', 'name': 'Вугільна котельня.', 'name:uk': 'Вугільна котельня.'}"
1186129307,way,Unknown,,,,,50.3858714,30.5519278,"{'building': 'industrial', 'man_made': 'works', 'product': 'cement;concrete'}"
1187338703,way,Unknown,,,,,47.9935946,23.6922263,"{'landuse': 'industrial', 'man_made': 'works', 'product': 'furniture'}"
1187338708,way,Unknown,,,,,47.9944608,23.6907554,"{'landuse': 'industrial', 'man_made': 'works', 'product': 'furniture'}"
1187344655,way,Unknown,,,,,47.9948495,23.6885355,"{'landuse': 'industrial', 'man_made': 'works', 'product': 'furniture'}"
1187344656,way,Unknown,,,,,47.9952936,23.689208,"{'landuse': 'industrial', 'man_made': 'works', 'product': 'furniture'}"
1187344661,way,Unknown,,,,,47.9945465,23.701446,"{'landuse': 'industrial', 'man_made': 'works', 'product': 'furniture'}"
1187344715,way,Unknown,,,,,47.9989459,23.6934628,"{'landuse': 'industrial', 'man_made': 'works'}"
1187344716,way,Unknown,,,,,47.9985966,23.6918277,"{'landuse': 'industrial', 'man_made': 'works', 'product': 'furniture'}"
1187354780,way,Unknown,,,,,47.999382,23.6870982,"{'landuse': 'industrial', 'man_made': 'works', 'product': 'furniture'}"
1187354888,way,Unknown,,,,,47.9978632,23.7085023,"{'landuse': 'industrial', 'man_made': 'works', 'product': 'furniture'}"
1187354890,way,Unknown,,,,,47.9970214,23.7119027,"{'landuse': 'industrial', 'man_made': 'works', 'product': 'furniture'}"
1187532857,way,Unknown,,,,,48.0022883,23.6845532,"{'landuse': 'industrial', 'man_made': 'works', 'product': 'furniture'}"
1190883060,way,Levbud,,,,,48.3377806,23.1533329,"{'industrial': 'factory', 'landuse': 'industrial', 'name': 'Levbud'}"
1192151223,way,Пивзавод,,,,,48.4576836,22.7572299,"{'building': 'yes', 'man_made': 'works', 'name': 'Пивзавод', 'name:uk': 'Пивзавод'}"
1192151224,way,Unknown,,,,,48.4576792,22.7566177,"{'building': 'yes', 'man_made': 'works'}"
1196919130,way,Жмеринський вагоноремонтний завод,,,,,49.047542,28.1027712,"{'contact:website': 'https://zhvrz.com.ua/', 'industrial': 'factory', 'landuse': 'industrial', 'name': 'Жмеринський вагоноремонтний завод', 'name:uk': 'Жмеринський вагоноремонтний завод', 'short_name': 'ЖВРЗ'}"
1197469387,way,Unknown,,,,,49.8614893,24.0494446,"{'building': 'yes', 'man_made': 'works', 'product': 'concrete'}"
1215048186,way,"Трикотажна фабрика ""Роза""",,,,,50.4300271,30.5006687,"{'industrial': 'factory', 'landuse': 'industrial', 'name': 'Трикотажна фабрика ""Роза""', 'name:uk': 'Трикотажна фабрика ""Роза""'}"
1217665021,way,"Київський завод ""Граніт""",,,,,50.4630975,30.5985332,"{'contact:website': 'http://zavodgranit.com.ua/', 'industrial': 'factory', 'landuse': 'industrial', 'name': 'Київський завод ""Граніт""', 'name:uk': 'Київський завод ""Граніт""'}"
1221408967,way,Буський комбікормовий завод,,,,,49.9312922,24.6319434,"{'industrial': 'factory', 'landuse': 'industrial', 'name': 'Буський комбікормовий завод', 'name:uk': 'Буський комбікормовий завод'}"
1230884882,way,Буський молокозавод,,,,,49.9664082,24.8141904,"{'industrial': 'factory', 'landuse': 'industrial', 'name': 'Буський молокозавод', 'name:uk': 'Буський молокозавод'}"
1230886054,way,Асфальтобетонний завод,,,,,49.9714183,24.8225677,"{'addr:housenumber': '3', 'addr:street': 'вул. Залізнична', 'industrial': 'factory', 'landuse': 'industrial', 'name': 'Асфальтобетонний завод', 'name:uk': 'Асфальтобетонний завод'}"
1232032076,way,Unknown,,,,,48.9772276,30.3025817,"{'industrial': 'factory', 'landuse': 'industrial'}"
1232170199,way,Ви Джи Холдинг,,,,,50.1667172,30.3320096,"{'building': 'yes', 'man_made': 'works', 'name': 'Ви Джи Холдинг', 'name:uk': 'Ві Джі Холдинг'}"
1236021899,way,Цегельний завод,,,,,49.3753691,26.0215298,"{'industrial': 'factory', 'landuse': 'industrial', 'name': 'Цегельний завод', 'name:uk': 'Цегельний завод'}"
1236478369,way,"ТОВ ""Тімбер Ленд""",,,,,48.1080764,22.8346733,"{'industrial': 'factory', 'landuse': 'industrial', 'name': 'ТОВ ""Тімбер Ленд""', 'name:uk': 'ТОВ ""Тімбер Ленд""'}"
1236937709,way,Гутянський цукровий завод,,,,,50.1371992,35.3525793,"{'industrial': 'factory', 'landuse': 'industrial', 'name': 'Гутянський цукровий завод', 'name:uk': 'Гутянський цукровий завод'}"
1242054890,way,Меблева фабрика,,,,,50.0212361,24.5706318,"{'industrial': 'factory', 'landuse': 'industrial', 'name': 'Меблева фабрика', 'name:uk': 'Меблева фабрика'}"
1252155209,way,Гніванська ковбасна фабріка,,,,,49.1073404,28.327364,"{'industrial': 'factory', 'landuse': 'industrial', 'name': 'Гніванська ковбасна фабріка', 'name:uk': 'Гніванська ковбасна фабріка'}"
1252155283,way,"Хлібопекарня ""Оксаміт""",,,,,49.0961081,28.3333473,"{'industrial': 'factory', 'landuse': 'industrial', 'name': 'Хлібопекарня ""Оксаміт""', 'name:uk': 'Хлібопекарня ""Оксаміт""'}"
1253553050,way,ТОВ Планета РС,,,,,46.6604646,32.5592464,"{'industrial': 'factory', 'landuse': 'industrial', 'mobile': '+380 50 3665001', 'name': 'ТОВ Планета РС', 'name:en': 'LLC Planeta RS', 'name:ru': 'ООО Планета РС', 'name:uk': 'ТОВ Планета РС', 'website': 'https://planetars.com.ua/'}"
1256150062,way,ВАТ «Костянтинівський Хлібокомбінат»,,,,,48.5344265,37.6875238,"{'addr:housenumber': '7', 'addr:street': 'вулиця Дзеркальна', 'industrial': 'factory', 'landuse': 'industrial', 'name': 'ВАТ «Костянтинівський Хлібокомбінат»'}"
1256596740,way,ТОВ «Фуд Фекторі Київ»,,,,,50.4138046,30.6617048,"{'building': 'yes', 'man_made': 'works', 'name': 'ТОВ «Фуд Фекторі Київ»'}"
1262152379,way,Unknown,,,,,49.9711176,36.2907114,{'man_made': 'works'}
1263929500,way,"Сторонибабське МПД ДП ""УкрСпирт""",,,,,49.9343503,24.6369491,"{'industrial': 'factory', 'landuse': 'industrial', 'name': 'Сторонибабське МПД ДП ""УкрСпирт""', 'name:uk': 'Сторонибабське МПД ДП ""УкрСпирт""'}"
1331379869,way,Unknown,,,,,49.8292395,24.1583418,"{'industrial': 'factory', 'landuse': 'industrial'}"
1336472084,way,Unknown,,,,,49.7502851,27.1959818,"{'industrial': 'factory', 'landuse': 'industrial'}"
1336472155,way,Хлібозавод,,,,,49.7500024,27.1979206,"{'industrial': 'factory', 'landuse': 'industrial', 'name': 'Хлібозавод', 'official_name': 'ЗАТ Старокостянтинівський хлібозавод'}"
1338804861,way,Пласт-Бокс Україна,,,,,51.4672995,31.2613724,"{'addr:housenumber': '14', 'addr:postcode': '14014', 'addr:street': 'вулиця Ушинського', 'building': 'commercial', 'man_made': 'works', 'mobile': '+38 050 465 58 55', 'name': 'Пласт-Бокс Україна', 'name:uk': 'Пласт-Бокс Україна', 'product': 'пластик', 'website': 'https://plast-box.com.ua/kontakti/'}"
1338832348,way,ТОВ ТАН,,,,,51.4589443,31.2599448,"{'addr:housenumber': '20', 'addr:postcode': '14014', 'addr:street': 'вулиця Ушинського', 'description': 'Виробництво професійного харчового обладнання', 'man_made': 'works', 'name': 'ТОВ ТАН', 'name:uk': 'ТОВ ТАН', 'product': 'харчове_обладнання', 'start_date': '09.10.1997', 'website': 'https://tan.com.ua/contact/'}"
1339190278,way,ТОВ Керамік,,,,,49.4488827,24.9185857,"{'industrial': 'factory', 'landuse': 'industrial', 'name': 'ТОВ Керамік', 'product': 'bricks'}"
1339906900,way,Вишнівецька вода,,,,,49.8761305,25.700131,"{'industrial': 'factory', 'landuse': 'industrial', 'name': 'Вишнівецька вода', 'name:uk': 'Вишнівецька вода'}"
1340640580,way,Катрин,,,,,50.1672381,30.3317319,"{'building': 'yes', 'man_made': 'works', 'name': 'Катрин', 'name:uk': 'Катрін'}"
1348721169,way,Unknown,,,,,47.5772695,35.7850457,{'man_made': 'works'}
1353900001,way,Папа Карло,,,,,50.1395183,36.0899132,"{'man_made': 'works', 'name': 'Папа Карло', 'product': 'двери'}"
1362607254,way,Unknown,,,,,47.0347166,32.4320989,{'man_made': 'works'}
1365068854,way,Іршавська Меблева Фабрика,,,,,48.323049,23.0432118,"{'industrial': 'factory', 'landuse': 'industrial', 'name': 'Іршавська Меблева Фабрика'}"
1368159476,way,Unknown,,,,,48.3225603,23.0410109,{'man_made': 'works'}
1376091798,way,STATE ENTERPRISE “KARAPCHIV ALCOHOL FACTORY”,,,,,48.0880121,25.8316137,"{'addr:housenumber': '49a', 'addr:postcode': '60420', 'addr:street': 'Україна, Глибоцький р-н, Чернівецька обл., село Карапчів(з), вулиця Центральна', 'man_made': 'works', 'name': 'STATE ENTERPRISE “KARAPCHIV ALCOHOL FACTORY”', 'name:uk': 'ДЕРЖАВНЕ ПІДПРИЄМСТВО «КАРАПЧІВСЬКИЙ СПИРТОВИЙ ЗАВОД»', 'phone:mobile': '+380 (95) 886-60-33'}"
1378854044,way,Unknown,,,,,48.8919909,24.7605886,"{'building': 'industrial', 'man_made': 'works', 'product': 'cable'}"
1378854045,way,Unknown,,,,,48.8915279,24.7607806,"{'building': 'industrial', 'man_made': 'works', 'product': 'cable'}"
1394968151,way,Global Invest Systems GIS,,,,,49.6967594,37.1428176,"{'addr:housenumber': '84A', 'addr:postcode': '63601', 'addr:street': 'Покровська вулиця', 'email': 'office@gis.com.ua', 'man_made': 'works', 'mobile': '+38 (050) 070 11 10  +38 (050) 303 07 89  +38 (050) 400 61 16', 'name': 'Global Invest Systems GIS', 'product': 'packaging'}"
1395494769,way,Віконна компанія Алнат,,,,,50.545579,30.6542877,"{'contact:website': 'https://alnat.ua', 'industrial': 'factory', 'landuse': 'industrial', 'name': 'Віконна компанія Алнат', 'name:uk': 'Віконна компанія Алнат'}"
1408733333,way,Коростенський хлібозавод,,,,,50.9435455,28.6231544,"{'industrial': 'factory', 'landuse': 'industrial', 'name': 'Коростенський хлібозавод'}"
1413949239,way,"НВФ ""Ірком-ЕКТ""",,,,,50.4577614,30.6522357,"{'barrier': 'wall', 'industrial': 'factory', 'landuse': 'industrial', 'name': 'НВФ ""Ірком-ЕКТ""'}"
1421609983,way,Unknown,,,,,48.882254,30.6909969,{'man_made': 'works'}
1421833593,way,Unknown,,,,,48.9472657,30.4985994,{'man_made': 'works'}
1421890018,way,Unknown,,,,,48.9268134,30.6432188,{'man_made': 'works'}
1422148503,way,Unknown,,,,,49.0306282,30.7236341,{'man_made': 'works'}
1422164755,way,Unknown,,,,,49.0303944,30.7319918,{'man_made': 'works'}
1422338171,way,Unknown,,,,,48.9947662,30.7815161,{'man_made': 'works'}
1422560838,way,Unknown,,,,,48.9094116,30.7365516,{'man_made': 'works'}
1422560842,way,Unknown,,,,,48.907541,30.7354814,{'man_made': 'works'}
1422560843,way,Unknown,,,,,48.9040856,30.7349986,{'man_made': 'works'}
1422561463,way,Unknown,,,,,48.8751646,30.7851733,{'man_made': 'works'}
1424109781,way,Дніпровський коксохімічний завод,,,,,48.5233846,34.6582169,"{'industrial': 'factory', 'landuse': 'industrial', 'name': 'Дніпровський коксохімічний завод', 'name:en': 'Dniprovskyi coke-chemical plant', 'short_name': 'ДКХЗ', 'short_name:en': 'DCCP'}"
1425704438,way,Unknown,,,,,48.3859703,24.7167006,{'man_made': 'works'}
1430132774,way,Unknown,,,,,47.945574,37.5826898,"{'building': 'yes', 'man_made': 'works'}"
1430132777,way,Unknown,,,,,47.9454214,37.5813945,"{'building': 'yes', 'man_made': 'works'}"
1436213721,way,Unknown,,,,,51.1849382,33.7795994,"{'building': 'industrial', 'man_made': 'works'}"
1436369140,way,Машзавод,,,,,49.7019456,37.6109048,"{'industrial': 'factory', 'landuse': 'industrial', 'name': 'Машзавод'}"
1436369145,way,Куп'янський хлібзавод,,,,,49.7232985,37.5901861,"{'industrial': 'factory', 'landuse': 'industrial', 'name': ""Куп'янський хлібзавод""}"
1442667627,way,Unknown,,,,,47.9437214,37.5810006,"{'building': 'yes', 'man_made': 'works'}"
1446531868,way,ТОВ ФАКТОР-ДРУК,,,,,49.9571292,36.2431555,"{'industrial': 'factory', 'landuse': 'industrial', 'name': 'ТОВ ФАКТОР-ДРУК'}"
1447312529,way,Unknown,,,,,48.2447617,36.9923497,"{'building': 'industrial', 'man_made': 'works'}"
1449654952,way,ДЕЛЬТА,,,,,49.9981535,36.2116614,"{'industrial': 'factory', 'landuse': 'industrial', 'name': 'ДЕЛЬТА'}"
1457069405,way,Unknown,,,,,44.8857029,34.0453443,"{'building': 'warehouse', 'man_made': 'works'}"
1457791050,way,ЗАВОД ХАРКІВСЬКІ БУДМАТЕРІАЛИ,,,,,49.9426515,36.2229469,"{'addr:housenumber': '6', 'addr:street': '3-й Рудниковий провулок', 'industrial': 'factory', 'landuse': 'industrial', 'name': 'ЗАВОД ХАРКІВСЬКІ БУДМАТЕРІАЛИ', 'name:uk': 'ЗАВОД ХАРКІВСЬКІ БУДМАТЕРІАЛИ', 'website': 'https://kbm.ua/'}"
1458184574,way,Pirana,,,,,49.9259234,36.2567873,"{'addr:housenumber': '2А', 'addr:street': 'Естакадний в’їзд', 'industrial': 'factory', 'landuse': 'industrial', 'name': 'Pirana', 'website': 'http://www.pirana.ua/'}"
1460547082,way,Руїни Першотравневого цукрового заводу,,,,,51.2054528,33.6153375,"{'man_made': 'works', 'name': 'Руїни Першотравневого цукрового заводу'}"
1460547111,way,Олійниця,,,,,51.1999701,33.8643825,"{'man_made': 'works', 'name': 'Олійниця'}"
1461466889,way,Unknown,,,,,48.0835472,37.8522952,{'man_made': 'works'}
1461466894,way,Unknown,,,,,48.0839247,37.8528175,{'man_made': 'works'}
1461466897,way,Unknown,,,,,48.0808309,37.8633845,"{'building': 'industrial', 'building:levels': '7', 'man_made': 'works'}"
1461466901,way,Unknown,,,,,48.083851,37.8523433,{'man_made': 'works'}
1461793829,way,Unknown,,,,,47.9439895,37.5787824,{'man_made': 'works'}
1461793830,way,Unknown,,,,,47.9443418,37.5791315,"{'building': 'yes', 'man_made': 'works'}"
1461793832,way,Unknown,,,,,47.9435968,37.5783819,"{'building': 'yes', 'man_made': 'works'}"
1461793836,way,Unknown,,,,,47.9446241,37.5790408,"{'building': 'yes', 'man_made': 'works'}"
1461793837,way,Unknown,,,,,47.944359,37.5799698,{'man_made': 'works'}
1462006711,way,Unknown,,,,,47.9821903,37.685701,"{'building': 'yes', 'man_made': 'works'}"
1462006716,way,Unknown,,,,,47.9849632,37.6853226,{'man_made': 'works'}
1462006719,way,Unknown,,,,,47.9845038,37.6855912,"{'building': 'yes', 'man_made': 'works'}"
1462014416,way,Unknown,,,,,48.0013771,37.7186465,{'man_made': 'works'}
1462014417,way,Unknown,,,,,47.9941788,37.7293155,"{'building': 'yes', 'man_made': 'works'}"
1462014419,way,Unknown,,,,,47.9947955,37.7303677,{'man_made': 'works'}
1462014422,way,Unknown,,,,,47.9960011,37.7282265,{'man_made': 'works'}
1462014426,way,Unknown,,,,,47.9955038,37.730222,{'man_made': 'works'}
1462014430,way,Unknown,,,,,47.9968408,37.7195654,{'man_made': 'works'}
1462014432,way,Unknown,,,,,47.9951502,37.7302953,"{'building': 'yes', 'building:levels': '4', 'man_made': 'works'}"
1462014433,way,Unknown,,,,,47.9970613,37.719504,{'man_made': 'works'}
1462014441,way,Unknown,,,,,47.9955887,37.7233006,"{'building': 'yes', 'man_made': 'works'}"
1462014442,way,Unknown,,,,,47.9946322,37.7303812,{'man_made': 'works'}
1462014444,way,Unknown,,,,,47.9956219,37.723622,"{'building': 'yes', 'man_made': 'works'}"
1462094061,way,Unknown,,,,,47.9484455,37.8804042,"{'building': 'yes', 'man_made': 'works'}"
1462094062,way,Unknown,,,,,47.9447462,37.9227406,{'man_made': 'works'}
1462094069,way,Unknown,,,,,47.9449871,37.92256,{'man_made': 'works'}
1462094083,way,Unknown,,,,,47.9444501,37.9228583,{'man_made': 'works'}
1462094084,way,Unknown,,,,,47.9454556,37.9230472,"{'building': 'yes', 'man_made': 'works'}"
1462251776,way,Unknown,,,,,48.0180594,37.9434447,"{'building': 'yes', 'man_made': 'works'}"
1462251797,way,Unknown,,,,,48.0184104,37.944407,{'man_made': 'works'}
1462418070,way,Unknown,,,,,47.8892995,37.8537612,{'man_made': 'works'}
1462757974,way,Unknown,,,,,48.0345666,37.7039166,{'man_made': 'works'}
1462757996,way,Unknown,,,,,48.0344445,37.7044697,{'man_made': 'works'}
1470047645,way,Крым-вино,,,,,44.8684717,33.8515364,"{'man_made': 'works', 'name': 'Крым-вино'}"
1470047657,way,Лавандовая ферма,,,,,44.8084608,33.8631612,"{'man_made': 'works', 'name': 'Лавандовая ферма'}"
1476091193,way,Добыча природных ресурсов,,,,,44.8001361,33.9957967,"{'building': 'yes', 'man_made': 'works', 'name': 'Добыча природных ресурсов'}"
1476465667,way,Ямпільський консервний завод,,,,,48.2478964,28.2770866,"{'industrial': 'factory', 'landuse': 'industrial', 'name': 'Ямпільський консервний завод', 'wikipedia': 'uk:Ямпільський консервний завод'}"
1476465738,way,Ямпільський маслосирзавод,,,,,48.2470857,28.2748891,"{'industrial': 'factory', 'landuse': 'industrial', 'name': 'Ямпільський маслосирзавод', 'wikipedia': 'uk:Ямпільський маслозавод'}"
1481051221,way,Між-Буд,,,,,48.4767457,25.3190473,"{'contact:website': 'https://mizhbud.site', 'industrial': 'factory', 'landuse': 'industrial', 'name': 'Між-Буд'}"
1482469098,way,Unknown,,,,,50.7224596,24.1584553,"{'building': 'yes', 'man_made': 'works'}"
1482469099,way,Unknown,,,,,50.7231878,24.1584506,"{'building': 'yes', 'building:levels': '7', 'man_made': 'works'}"
1484726827,way,Unknown,,,,,51.5425862,31.2388849,"{'building': 'industrial', 'man_made': 'works'}"
1486307744,way,КП «Еліт-Скло»,,,,,48.5486619,37.6511948,"{'addr:housenumber': '1', 'addr:street': 'вулиця Козацька', 'industrial': 'factory', 'landuse': 'industrial', 'name': 'КП «Еліт-Скло»', 'name:uk': 'КП «Еліт-Скло»'}"
1486993434,way,Unknown,,,,,49.3884908,36.8757553,"{'amenity': 'heating_station', 'area': 'yes', 'industrial': 'heating_station', 'man_made': 'works'}"
1486993438,way,Unknown,,,,,49.3909369,36.8749093,"{'area': 'yes', 'industrial': 'heat_exchange_station', 'man_made': 'works'}"
1487145125,way,Unknown,,,,,49.385695,36.8904325,"{'area': 'yes', 'industrial': 'sawmill', 'landuse': 'industrial', 'man_made': 'works'}"
1492688461,way,АТ «ВО „Конті“»,,,,,48.5349822,37.695655,"{'addr:housenumber': '460', 'addr:postcode': '85114', 'addr:street': 'вулиця Білих Янголів', 'description': 'Компанія «КОНТІ» — один з найбільших брендів кондитерської продукції в Україні. Компанія була заснована в 1997 році та входить до числа лідерів галузі.', 'industrial': 'factory', 'landuse': 'industrial', 'name': 'АТ «ВО „Конті“»', 'name:uk': 'АТ «ВО „Конті“»', 'official_name': ""Приватне акціонерне товариство «Виробниче об'єднання „КОНТІ“»"", 'operator': 'ТОВ «Торгівельний будинок „КОНТІ“»', 'phone': '+380 44 237 1450', 'website': 'https://konti.ua'}"
1493412227,way,Дослідний завод Державного наукового центру лікарських засобів,,,,,49.9930438,36.2360854,"{'addr:housenumber': '8', 'addr:street': 'вулиця Воробйова', 'man_made': 'works', 'name': 'Дослідний завод Державного наукового центру лікарських засобів', 'name:en': 'Research Plant of the State Scientific Center for Medicinal Products', 'name:ru': 'Опытный завод Государственного научного центра лекарственных средств', 'name:uk': 'Дослідний завод Державного наукового центру лікарських засобів', 'short_name': 'ДП «ДНЦЛЗ»', 'short_name:ru': 'Опытный завод «ГНЦЛС»', 'short_name:uk': 'ДП «ДНЦЛЗ»', 'wikidata': 'Q61374734', 'wikipedia': 'uk:ДНЦЛЗ'}"
1493615968,way,ТОВ «Спецтехскло»,,,,,48.5263983,37.683506,"{'addr:housenumber': '20', 'addr:postcode': '85100', 'addr:street': 'вулиця Дзеркальна', 'industrial': 'factory', 'landuse': 'industrial', 'name': 'ТОВ «Спецтехскло»', 'name:uk': 'ТОВ «Спецтехскло»', 'official_name': 'Товариство з обмеженою відповідальністю «Спецтехскло»', 'start_date': '2004'}"
1493615970,way,КДНВП «Кварсит»,,,,,48.5224413,37.6903454,"{'addr:housenumber': '20', 'addr:street': 'вулиця Дзеркальна', 'description': '«Кварсит» — найбільший у СНД виробник спеціалізованої продукції із ситалів та кварцової кераміки, а також кварцових валів і трубок, оглядових скелець та різноманітних елементів кварцового вогнетривкого приладдя.', 'industrial': 'factory', 'landuse': 'industrial', 'name': 'КДНВП «Кварсит»', 'name:uk': 'КДНВП «Кварсит»', 'official_name': 'Костянтинівське державне науково‑виробниче підприємство «Кварсит»'}"
1493616018,way,ТОВ «Гласкомерц»,,,,,48.5248865,37.7004441,"{'addr:housenumber': '208', 'addr:street': 'вулиця Олекси Тихого', 'industrial': 'factory', 'landuse': 'industrial', 'name': 'ТОВ «Гласкомерц»', 'name:uk': 'ТОВ «Гласкомерц»', 'official_name': 'Товариство з обмеженою відповідальністю «Гласкомерц»', 'start_date': '2004'}"
1493637808,way,ПАТ «Костянтинівський завод Втормет»,,,,,48.5115876,37.7239995,"{'addr:housenumber': '1', 'addr:street': 'вулиця Олекси Тихого', 'industrial': 'factory', 'landuse': 'industrial', 'name': 'ПАТ «Костянтинівський завод Втормет»', 'official_name': 'Публічне акціонерне товариство «Костянтинівський завод Втормет»', 'start_date': '1995'}"
1493637822,way,ТОВ «Елтеко»,,,,,48.5156393,37.718074,"{'addr:housenumber': '3', 'addr:street': 'вулиця Олекси Тихого', 'industrial': 'factory', 'landuse': 'industrial', 'name': 'ТОВ «Елтеко»', 'name:uk': 'ТОВ «Елтеко»', 'official_name': 'Товариство з обмеженою відповідальністю «Елтеко»', 'start_date': '2010'}"
1493637838,way,ТОВ «Костянтинівський Елеватор»,,,,,48.5066739,37.7313039,"{'addr:housenumber': '31', 'addr:street': 'вулиця Мирошниченко', 'industrial': 'factory', 'landuse': 'industrial', 'name': 'ТОВ «Костянтинівський Елеватор»', 'name:uk': 'ТОВ «Костянтинівський Елеватор»', 'official_name': 'Товариство з обмеженою відповідальністю «Костянтинівський Елеватор»', 'start_date': '2010'}"
1493706840,way,ТОВ «НАК»,,,,,48.5278695,37.7068535,"{'addr:housenumber': '3', 'addr:postcode': '85114', 'addr:street': 'вулиця Василя Гайворонського', 'industrial': 'factory', 'landuse': 'industrial', 'name': 'ТОВ «НАК»', 'name:uk': 'ТОВ «НАК»', 'official_name': 'Товариство з обмеженою відповідальністю «Українсько‑болгарське багатопрофільне промислово‑економічне спільне підприємство НАК»', 'start_date': '1993'}"
1493751791,way,ПАТ КЕШК «ШКІРКОН»,,,,,48.525107,37.7122716,"{'addr:housenumber': '174', 'addr:postcode': '85101', 'addr:street': 'вулиця Олекси Тихого', 'industrial': 'factory', 'landuse': 'industrial', 'name': 'ПАТ КЕШК «ШКІРКОН»', 'name:uk': 'ПАТ КЕШК «ШКІРКОН»', 'official_name': 'Публічне акціонерне товариство «Костянтинівський екстрактово-шкіряний комбінат ШКІРКОН»', 'start_date': '1994'}"
1493907989,way,Цех №4 заводу «Червоний Жовтень»,,,,,48.5302139,37.7163554,"{'industrial': 'factory', 'landuse': 'industrial', 'name': 'Цех №4 заводу «Червоний Жовтень»', 'name:uk': 'Цех №4 заводу «Червоний Жовтень»'}"
1494548461,way,Unknown,,,,,49.9401714,36.357889,"{'building': 'yes', 'man_made': 'works'}"
1494548463,way,Unknown,,,,,49.9409723,36.3565739,"{'building': 'yes', 'man_made': 'works'}"
1494783787,way,ПАТ «КМЗ»,,,,,48.5195494,37.7156343,"{'addr:housenumber': '172', 'addr:street': 'вулиця Олекси Тихого', 'industrial': 'factory', 'landuse': 'industrial', 'name': 'ПАТ «КМЗ»', 'name:uk': 'ПАТ «КМЗ»', 'official_name': 'Публічне акціонерне товариство «Костянтинівський металургійний завод»', 'start_date': '1993'}"
1499681016,way,ТОВ «КП „Теплобуд“»,,,,,48.509518,37.7481386,"{'addr:housenumber': '38', 'addr:postcode': '85109', 'addr:street': 'вулиця Михайла Савчука', 'industrial': 'factory', 'landuse': 'industrial', 'name': 'ТОВ «КП „Теплобуд“»', 'name:uk': 'ТОВ «КП „Теплобуд“»', 'official_name': 'Товариство з обмеженою відповідальністю «Колективне підприємство „Теплобуд“»', 'start_date': '1994'}"
1501368659,way,"Завод металочерепиці та профнастилу ""ЕкоДім""",,,,,49.2536655,28.360564,"{'addr:housenumber': '2', 'addr:street': 'Барвінкова вулиця', 'man_made': 'works', 'name': 'Завод металочерепиці та профнастилу ""ЕкоДім""', 'website': 'https://ecodom.vn.ua/catalog/metalocherepytsya-ta-profnastyl'}"
1504725072,way,Миронівський завод залізобетонних конструкцій (Бетон-Нова),,,,,48.4799469,38.2928165,"{'industrial': 'factory', 'landuse': 'industrial', 'name': 'Миронівський завод залізобетонних конструкцій (Бетон-Нова)', 'name:uk': 'Миронівський завод залізобетонних конструкцій (Бетон-Нова)'}"
1505709302,way,"ВАТ ""Галещинський машинобудівний завод""",,,,,49.1761592,33.7491034,"{'industrial': 'factory', 'landuse': 'industrial', 'name': 'ВАТ ""Галещинський машинобудівний завод""'}"
1511364920,way,Моспинское углеперерабатывающее предприятие,,,,,47.8781565,38.0598047,"{'man_made': 'works', 'name': 'Моспинское углеперерабатывающее предприятие'}"
1530943666,way,"ВАТ ""Полімер""",,,,,48.9413841,24.7252506,"{'industrial': 'factory', 'landuse': 'industrial', 'name': 'ВАТ ""Полімер""'}"
1532040168,way,Unknown,,,,,47.9998042,23.7001008,{'man_made': 'works'}
1532040169,way,Unknown,,,,,48.0002864,23.700367,{'man_made': 'works'}
1532043861,way,Unknown,,,,,47.9937698,23.6991787,{'man_made': 'works'}
1532043862,way,Unknown,,,,,47.9945865,23.700045,{'man_made': 'works'}
1532043863,way,Unknown,,,,,47.99474,23.7010509,{'man_made': 'works'}
1532043864,way,Unknown,,,,,47.9948217,23.701771,{'man_made': 'works'}
1532043865,way,Unknown,,,,,47.9940086,23.7004447,{'man_made': 'works'}
1532459419,way,Unknown,,,,,47.9659004,37.7768796,"{'building': 'yes', 'man_made': 'works'}"
1532572862,way,Пресмаш,,,,,48.8888744,24.7546408,"{'industrial': 'factory', 'landuse': 'industrial', 'name': 'Пресмаш'}"
1532796164,way,Ратнівський молокозавод,,,,,51.6668644,24.5408794,"{'contact:website': 'https://ratniv-dairy.com.ua', 'industrial': 'factory', 'landuse': 'industrial', 'name': 'Ратнівський молокозавод'}"
1534384096,way,КРУ Гіпс,,,,,49.0971153,24.7958314,"{'brand': 'Krumix', 'contact:website': 'https://krumix.ua/', 'description': 'Завод з виготовлення гіпсу і сухих будівельних сумішей', 'industrial': 'factory', 'landuse': 'industrial', 'name': 'КРУ Гіпс', 'operator': 'ПрАТ «Івано-Франківськцемент»'}"
1534481071,way,Unknown,,,,,51.5351835,31.2563954,"{'addr:housenumber': '9', 'addr:postcode': '14007', 'addr:street': 'вулиця Володимира Дрозда', 'barrier': 'fence', 'industrial': 'factory', 'landuse': 'industrial'}"
1534744771,way,"ТзОВ ""Яблуневий Дар""",,,,,49.7835917,23.6822836,"{'industrial': 'factory', 'landuse': 'industrial', 'name': 'ТзОВ ""Яблуневий Дар""', 'name:uk': 'ТзОВ ""Яблуневий Дар""'}"
1534744778,way,Галіція-Трейд,,,,,49.7812986,23.6810585,"{'brand': 'Galicia', 'contact:website': 'https://galicia.com.ua', 'industrial': 'factory', 'landuse': 'industrial', 'name': 'Галіція-Трейд', 'wikipedia': 'uk:T.B.Fruit'}"
1535613824,way,Unknown,,,,,48.2506469,25.9565705,"{'building': 'industrial', 'man_made': 'works', 'product': 'cable'}"
1540387173,way,Unknown,,,,,47.9356554,37.6167025,{'man_made': 'works'}
1540387174,way,Unknown,,,,,47.9362527,37.6155751,{'man_made': 'works'}
1540387175,way,Unknown,,,,,47.9360811,37.6177994,{'man_made': 'works'}
1540387177,way,Unknown,,,,,47.9358201,37.6178328,{'man_made': 'works'}
1540388637,way,Unknown,,,,,47.9358741,37.6159603,{'man_made': 'works'}
1540388638,way,Unknown,,,,,47.9359196,37.6153682,{'man_made': 'works'}
1540388642,way,Unknown,,,,,47.9332132,37.6321812,{'man_made': 'works'}
1545122644,way,Unknown,,,,,51.76352,25.7317527,"{'man_made': 'works', 'product': 'брикети'}"
1776269,relation,Хмельницький обласний пивзавод,,,,,49.4130585,27.0094594,"{'man_made': 'works', 'name': 'Хмельницький обласний пивзавод', 'name:uk': 'Хмельницький обласний пивзавод', 'type': 'multipolygon'}"
2050954,relation,Цементний завод,,,,,50.5477449,26.2623536,"{'industrial': 'factory', 'landuse': 'industrial', 'loc_name': 'Цемзавод', 'name': 'Цементний завод', 'name:uk': 'Цементний завод', 'official_name': 'Dyckerhoff', 'type': 'multipolygon', 'website': 'https://www.dyckerhoff.com.ua/'}"
2469572,relation,Миколаївський суднобудівний завод,,,,,46.9759588,32.0066367,"{'addr:housenumber': '38', 'addr:street': 'Адміральська вулиця', 'industrial': 'shipyard', 'landuse': 'industrial', 'man_made': 'works', 'name': 'Миколаївський суднобудівний завод', 'name:ru': 'Николаевский судостроительный завод', 'name:uk': 'Миколаївський суднобудівний завод', 'operator': 'ДП «Миколаївський суднобудівний завод»', 'start_date': '1788', 'type': 'multipolygon', 'wikidata': 'Q1980771', 'wikipedia': 'uk:Миколаївський суднобудівний завод'}"
2521749,relation,науково-виробничий комплекс газотурбобудування «Зоря» — «Машпроект»,,,,,46.932375,32.0464674,"{'industrial': 'factory', 'landuse': 'industrial', 'man_made': 'works', 'name': 'науково-виробничий комплекс газотурбобудування «Зоря»\xa0— «Машпроект»', 'name:ru': 'научно-производственный комплекс газотурбостроения «Заря»\xa0— «Машпроект»', 'name:uk': 'науково-виробничий комплекс газотурбобудування «Зоря»\xa0— «Машпроект»', 'official_name': 'ДП НВКГ «Зоря» — «Машпроект»', 'type': 'multipolygon'}"
2521969,relation,завод «Металіст»,,,,,46.9796965,32.004419,"{'landuse': 'industrial', 'man_made': 'works', 'name': 'завод «Металіст»', 'name:ru': 'завод «Металлист»', 'name:uk': 'завод «Металіст»', 'type': 'multipolygon'}"
2678919,relation,АТ «ХАРТРОН»,,,,,50.0477766,36.2816165,"{'industrial': 'factory', 'landuse': 'industrial', 'name': 'АТ «ХАРТРОН»', 'type': 'multipolygon', 'website': 'http://www.hartron.com.ua/', 'wikidata': 'Q1756107', 'wikipedia': 'uk:Хартрон'}"
3319200,relation,Кромберг енд Шуберт Україна,,,,,50.7159443,25.2944564,"{'addr:city': 'Рованці', 'addr:housenumber': '1', 'addr:postcode': '45606', 'addr:street': 'Європейська вулиця', 'email': 'ksua@proshu.com', 'fax': '+380 332 78 5308', 'landuse': 'industrial', 'man_made': 'works', 'name': 'Кромберг енд Шуберт Україна', 'name:en': 'Kromberg & Schubert Ukraine', 'name:ru': 'Кромберг энд Шуберт Украина', 'name:uk': 'Кромберг енд Шуберт Україна', 'phone': '+380 332 78 5301', 'type': 'multipolygon'}"
3338616,relation,УА Брук,,,,,50.7826498,25.3532009,"{'industrial': 'factory', 'landuse': 'industrial', 'name': 'УА Брук', 'name:en': 'UA Bruk', 'name:uk': 'УА Брук', 'type': 'multipolygon'}"
3594528,relation,ООО Союз КДС,,,,,44.9694808,34.1415523,"{'landuse': 'industrial', 'man_made': 'works', 'name': 'ООО Союз КДС', 'type': 'multipolygon'}"
3663047,relation,Луцький цех протезно-ортопедичних виробів,,,,,50.778368,25.364446,"{'industrial': 'factory', 'landuse': 'industrial', 'name': 'Луцький цех протезно-ортопедичних виробів', 'name:en': 'Луцький цех протезно-ортопедичних виробів', 'name:ru': 'Луцкий цех протезно-ортопедических изделий', 'name:uk': 'Луцький цех протезно-ортопедичних виробів', 'type': 'multipolygon'}"
4055435,relation,Перший київський машинобудівний завод,,,,,50.4526229,30.439723,"{'landuse': 'industrial', 'man_made': 'works', 'name': 'Перший київський машинобудівний завод', 'name:en': 'The first Kyiv machine-building plant', 'name:uk': 'Перший київський машинобудівний завод', 'old_name': 'Завод Більшовик', 'old_name:uk': 'Завод Більшовик', 'type': 'multipolygon', 'website': 'http://pkmz.com.ua/', 'wikidata': 'Q1965249', 'wikipedia': 'uk:Перший київський машинобудівний завод'}"
4147068,relation,Київський електровагоноремонтний завод,,,,,50.4419753,30.4845642,"{'man_made': 'works', 'name': 'Київський електровагоноремонтний завод', 'name:ru': 'Киевский электровагоноремонтный завод', 'name:uk': 'Київський електровагоноремонтний завод', 'official_name': 'Київський електровагоноремонтний завод імені Січневого повстання 1918 р.', 'short_name': 'КЕВРЗ', 'start_date': '1868', 'type': 'multipolygon', 'wikidata': 'Q16663301', 'wikipedia': 'uk:Київський електровагоноремонтний завод'}"
4269348,relation,Кременчуцький сталеливарний завод,,,,,49.0181406,33.4495119,"{'landuse': 'industrial', 'man_made': 'works', 'name': 'Кременчуцький сталеливарний завод', 'name:uk': 'Кременчуцький сталеливарний завод', 'type': 'multipolygon', 'website': 'https://steel.pl.ua/', 'wikidata': 'Q12114550', 'wikipedia': 'uk:Кременчуцький сталеливарний завод', 'wikipedia:ru': 'Кременчугский сталелитейный завод'}"
4269349,relation,Крюківський вагонобудівний завод,,,,,49.0222256,33.4504694,"{'addr:housenumber': '139', 'addr:postcode': '39621', 'addr:street': 'вулиця Івана Приходька', 'email': 'kvsz@kvsz.com', 'landuse': 'industrial', 'man_made': 'works', 'name': 'Крюківський вагонобудівний завод', 'name:en': 'Kryukovsky Railway Car Building Works', 'name:ru': 'Крюковский вагоностроительный завод', 'name:uk': 'Крюківський вагонобудівний завод', 'official_name': 'Публічне акціонерне товариство ""Крюківський вагонобудівний завод""', 'official_name:uk': 'Публічне акціонерне товариство ""Крюківський вагонобудівний завод""', 'product': 'machinery', 'type': 'multipolygon', 'website': 'https://www.kvsz.com/'}"
4462589,relation,Unknown,,,,,47.2315437,35.6912352,"{'building': 'industrial', 'man_made': 'works', 'type': 'multipolygon'}"
4754469,relation,Юрковецький цегляний завод,,,,,49.0271121,26.3597945,"{'industrial': 'factory', 'landuse': 'industrial', 'name': 'Юрковецький цегляний завод', 'name:uk': 'Юрковецький цегляний завод', 'type': 'multipolygon'}"
4770379,relation,"""ПКО ""КОНЦЕРН ""ЕЛЕКТРОМАШ""",,,,,46.6431352,32.6104184,"{'landuse': 'industrial', 'loc_name': 'ЕЛЕКТРОМАШ', 'loc_name:en': 'ELECTROMASH', 'loc_name:ru': 'ЭЛЕКТРОМАШ', 'loc_name:uk': 'ЕЛЕКТРОМАШ', 'man_made': 'works', 'name': '""ПКО ""КОНЦЕРН ""ЕЛЕКТРОМАШ""', 'name:en': '""PKO ""CONCERN ""ELEKTROMASH""', 'name:ru': '""ПКО ""КОНЦЕРН ""ЭЛЕКТРОМАШ""', 'name:uk': '""ПКО ""КОНЦЕРН ""ЕЛЕКТРОМАШ""', 'official_name': ""ПРОМИСЛОВО - КОМЕРЦІЙНЕ ОБ'ДНАННЯ КОНЦЕРН ЕЛЕКТРОМАШ"", 'official_name:uk': ""ПРОМИСЛОВО - КОМЕРЦІЙНЕ ОБ'ДНАННЯ КОНЦЕРН ЕЛЕКТРОМАШ"", 'type': 'multipolygon'}"
5248296,relation,"АТ ""Фанплит""",,,,,50.4290567,30.6247922,"{'industrial': 'factory', 'landuse': 'industrial', 'name': 'АТ ""Фанплит""', 'name:uk': 'АТ ""Фанплит""', 'type': 'multipolygon', 'website': 'http://fanplit.com.ua/'}"
5367176,relation,Завод ковальсько-пресового обладнання,,,,,49.2714004,23.8182934,"{'landuse': 'industrial', 'man_made': 'works', 'name': 'Завод ковальсько-пресового обладнання', 'name:uk': 'Завод ковальсько-пресового обладнання', 'type': 'multipolygon'}"
5367180,relation,"Видавничий дім ""Укрпол""",,,,,49.2712262,23.8238811,"{'contact:email': 'ukrpol@ukrpol.ua', 'contact:phone': '+380 3245 42 563', 'contact:website': 'https://ukrpol.ua/', 'man_made': 'works', 'name': 'Видавничий дім ""Укрпол""', 'name:uk': 'Видавничий дім ""Укрпол""', 'type': 'multipolygon', 'wikidata': 'Q12164392', 'wikipedia': 'uk:Укрпол'}"
5367184,relation,"Завод ""Металіст Discovery""",,,,,49.2691271,23.8264684,"{'contact:email': 'inquiries@discovery-industrial.com', 'contact:fax': '+380 3245 77 032', 'contact:phone': '+380 67 340 4323;+380 99 373 3245', 'contact:website': 'http://discoveryde.com/', 'man_made': 'works', 'name': 'Завод ""Металіст Discovery""', 'name:uk': 'Завод ""Металіст Discovery""', 'type': 'multipolygon', 'wikidata': 'Q97196120', 'wikipedia': 'uk:Discovery Drilling Equipment'}"
5367280,relation,Leoni AG,,,,,49.2708094,23.8040807,"{'contact:email': 'leoniua@leoni.com', 'contact:fax': '+380 3245 92 340', 'contact:phone': '+380 3245 92 700', 'contact:website': 'https://www.leoni-ukraine.com/uk/', 'landuse': 'industrial', 'man_made': 'works', 'name': 'Leoni AG', 'name:uk': 'Leoni AG', 'type': 'multipolygon', 'wikidata': 'Q61366821', 'wikipedia': 'uk:Леоні Ваерінг Системс УА ГмБХ, ТОВ'}"
5375413,relation,"ТДВ ""Концерн ""Весна""",,,,,48.4793689,35.0244221,"{'landuse': 'industrial', 'man_made': 'works', 'name': 'ТДВ ""Концерн ""Весна""', 'name:uk': 'ТДВ ""Концерн ""Весна""', 'type': 'multipolygon'}"
5376604,relation,Стрийський вагоноремонтний завод,,,,,49.2590711,23.8380326,"{'contact:email': 'mail@swrz.com.ua', 'contact:phone': '+380 3245 52 260', 'contact:website': 'https://swrz.com.ua/index.php/uk/', 'landuse': 'railway', 'man_made': 'works', 'name': 'Стрийський вагоноремонтний завод', 'name:uk': 'Стрийський вагоноремонтний завод', 'operator': 'Укрзалізниця', 'operator:wikidata': 'Q923337', 'operator:wikipedia': 'uk:Укрзалізниця', 'type': 'multipolygon', 'wikidata': 'Q4444425', 'wikipedia': 'uk:Стрийський вагоноремонтний завод'}"
5442759,relation,ПАС Україна,,,,,48.8918674,24.7606848,"{'description': 'Завод з виробництва автопроводки в складі німецького концерну PRETTL GROUP', 'industrial': 'factory', 'landuse': 'industrial', 'name': 'ПАС Україна', 'type': 'multipolygon'}"
5520959,relation,Старий цегляний завод,,,,,49.0033368,24.249524,"{'industrial': 'factory', 'landuse': 'industrial', 'name': 'Старий цегляний завод', 'name:uk': 'Старий цегляний завод', 'type': 'multipolygon'}"
5951045,relation,Unknown,,,,,48.114085,25.5835784,"{'landuse': 'industrial', 'man_made': 'works', 'type': 'multipolygon'}"
5972536,relation,Unknown,,,,,48.1119575,25.5600281,"{'man_made': 'works', 'type': 'multipolygon'}"
6141050,relation,ПластМакс,,,,,50.7392421,25.2724775,"{'industrial': 'factory', 'landuse': 'industrial', 'name': 'ПластМакс', 'name:en': 'PlatMax', 'name:uk': 'ПластМакс', 'type': 'multipolygon', 'website': 'https://www.plastmax.ua/'}"
6204537,relation,Ужгородська взуттєва фабрика,,,,,48.614572,22.2994193,"{'addr:city': 'Ужгород', 'addr:housenumber': '44', 'addr:postcode': '88004', 'addr:street': 'Мукачівська вулиця', 'building': 'industrial', 'man_made': 'works', 'name': 'Ужгородська взуттєва фабрика', 'name:uk': 'Ужгородська взуттєва фабрика', 'official_name': 'ЗАТ «Ужгородська взуттєва фабрика»', 'type': 'multipolygon'}"
6260791,relation,Леся Плюс,,,,,50.7403164,25.2776333,"{'industrial': 'factory', 'landuse': 'industrial', 'name': 'Леся Плюс', 'name:en': 'Lesia Plius', 'name:uk': 'Леся Плюс', 'type': 'multipolygon'}"
6617179,relation,"ТОВ ""Меблі-Сервіс""",,,,,50.2925915,24.5852272,"{'landuse': 'industrial', 'man_made': 'works', 'name': 'ТОВ ""Меблі-Сервіс""', 'name:uk': 'ТОВ ""Меблі-Сервіс""', 'type': 'multipolygon', 'website': 'https://mebelservice.com/'}"
6762571,relation,"МПП ""Ілона""",,,,,49.1027285,33.440968,"{'industrial': 'factory', 'landuse': 'industrial', 'name': 'МПП ""Ілона""', 'type': 'multipolygon'}"
6778913,relation,"Хутрова фабрика ""Тисмениця""",,,,,48.8971995,24.8514957,"{'industrial': 'factory', 'landuse': 'industrial', 'name': 'Хутрова фабрика ""Тисмениця""', 'type': 'multipolygon'}"
6950487,relation,"Київський лікеро-горілчаний завод ""Столичний Стандарт"" (Казенний винний склад №1)",,,,,50.4586963,30.5023546,"{'disused': 'yes', 'industrial': 'factory', 'landuse': 'industrial', 'name': 'Київський лікеро-горілчаний завод ""Столичний Стандарт"" (Казенний винний склад №1)', 'name:ru': 'Киевский ликеро-водочный завод ""Столичный Стандарт"" (Казенный винный склад №1)', 'name:uk': 'Київський лікеро-горілчаний завод ""Столичний Стандарт"" (Казенний винний склад №1)', 'type': 'multipolygon'}"
7165594,relation,"Електролюкс Україна, ТОВ / Electrolux Ukraine LLC",,,,,48.8917339,24.7549582,"{'addr:city': 'Микитинці', 'addr:housenumber': '23а', 'addr:postcode': '76494', 'addr:street': 'Юностi', 'description': 'Washing machine factory +38(0342) 55-41-88', 'industrial': 'factory', 'landuse': 'industrial', 'name': 'Електролюкс Україна, ТОВ / Electrolux Ukraine LLC', 'name:en': 'Electrolux Ukraine LLC', 'name:uk': 'Електролюкс Україна, ТОВ / Electrolux Ukraine LLC', 'type': 'multipolygon', 'website': 'https://www.electrolux.ua/'}"
7307987,relation,БРУ,,,,,50.9590839,34.7786143,"{'abandoned': 'yes', 'description': 'Заброшенный бетонно-растворный узел', 'industrial': 'factory', 'landuse': 'industrial', 'name': 'БРУ', 'name:uk': 'БРУ', 'type': 'multipolygon'}"
7414296,relation,Озерянський торфобрикетний завод,,,,,51.2408221,28.1063915,"{'industrial': 'factory', 'landuse': 'industrial', 'name': 'Озерянський торфобрикетний завод', 'name:uk': 'Озерянський торфобрикетний завод', 'type': 'multipolygon'}"
7417971,relation,"Філія № 1 ДП ""Спецоборонмаш""",,,,,50.7227144,29.5374305,"{'landuse': 'industrial', 'man_made': 'works', 'name': 'Філія № 1 ДП ""Спецоборонмаш""', 'name:uk': 'Філія № 1 ДП ""Спецоборонмаш""', 'old_name': 'Філія № 1 ДП Машинобудівна фірма Артем', 'type': 'multipolygon'}"
7426070,relation,ТОВ Пульс,,,,,50.7604494,29.2648729,"{'addr:housenumber': '120', 'addr:street': 'вулиця Степана Бандери', 'landuse': 'industrial', 'man_made': 'works', 'name': 'ТОВ Пульс', 'name:uk': 'ТОВ Пульс', 'type': 'multipolygon'}"
7481427,relation,ПРАТ Детвілер Ущільнюючі Технології Україна,,,,,50.7622691,29.2373915,"{'addr:housenumber': '2', 'addr:street': 'вулиця Неманихіна', 'landuse': 'industrial', 'man_made': 'works', 'name': 'ПРАТ Детвілер Ущільнюючі Технології Україна', 'name:uk': 'ПРАТ Детвілер Ущільнюючі Технології Україна', 'type': 'multipolygon', 'website': 'https://www.datwyler.com/en/home/'}"
7481433,relation,ТзОВ Екоплант,,,,,50.7608439,29.2328281,"{'addr:housenumber': '2', 'addr:street': 'вулиця Неманихіна', 'landuse': 'industrial', 'man_made': 'works', 'name': 'ТзОВ Екоплант', 'name:en': 'LLC ECOPLANT', 'name:uk': 'ТзОВ Екоплант', 'official_name': 'ТОВАРИСТВО З ОБМЕЖЕНОЮ ВІДПОВІДАЛЬНІСТЮ ЕКОПЛАНТ', 'official_name:en': 'LIMITED LIABILITY COMPANY ECOPLANT', 'type': 'multipolygon', 'url': 'https://youcontrol.com.ua/catalog/company_details/38205213/'}"
7481436,relation,ТОВ Картонно-Паперова Фабрика Папір-Мал,,,,,50.760933,29.2357822,"{'landuse': 'industrial', 'man_made': 'works', 'name': 'ТОВ Картонно-Паперова Фабрика Папір-Мал', 'name:en': 'LLC Cardboard and Paper Factory Papir-Mal', 'name:uk': 'ТОВ Картонно-Паперова Фабрика Папір-Мал', 'old_name': 'ТОВ Папір-Мал;LLC Papir-Mal', 'phone': '+380 4133 32 261', 'type': 'multipolygon', 'website': 'https://papir-mal.com.ua/'}"
7510319,relation,ПАТ Рейл,,,,,50.7758733,29.2764496,"{'addr:housenumber': '61а', 'addr:street': 'вулиця Івана Огієнка', 'fax': '+380 4133 45 317', 'landuse': 'industrial', 'man_made': 'works', 'name': 'ПАТ Рейл', 'name:uk': 'ПАТ Рейл', 'phone': '+380 4133 45 419', 'type': 'multipolygon', 'website': 'https://rail-malin.com.ua/'}"
7570081,relation,ВАТ Малинський міжгосподарський комбікормовий завод,,,,,50.7729278,29.2515167,"{'addr:housenumber': '17', 'addr:street': 'Володимирська вулиця', 'landuse': 'industrial', 'man_made': 'works', 'name': 'ВАТ Малинський міжгосподарський комбікормовий завод', 'name:uk': 'ВАТ Малинський міжгосподарський комбікормовий завод', 'type': 'multipolygon'}"
7643677,relation,Малинський асфальтобетонний завод,,,,,50.7924364,29.3052353,"{'landuse': 'industrial', 'man_made': 'works', 'name': 'Малинський асфальтобетонний завод', 'name:uk': 'Малинський асфальтобетонний завод', 'operator': 'ТОВ Райагрошляшбуд', 'type': 'multipolygon'}"
7651377,relation,Тростянецький м'ясокомбінат,,,,,48.5121313,29.2046779,"{'addr:housenumber': '16', 'addr:street': 'Соборна вулиця', 'landuse': 'industrial', 'man_made': 'works', 'name': ""Тростянецький м'ясокомбінат"", 'name:ru': 'Тростянецкий мясокомбинат', 'name:uk': ""Тростянецький м'ясокомбінат"", 'official_name': ""Публічне Акціонерне Товариство Тростянецький м'ясокомбінат"", 'type': 'multipolygon'}"
7651378,relation,Тростянецький спиртовий завод,,,,,48.5125445,29.2010451,"{'addr:housenumber': '14', 'addr:street': 'Соборна вулиця', 'landuse': 'industrial', 'man_made': 'works', 'name': 'Тростянецький спиртовий завод', 'name:ru': 'Тростянецкий спиртовый завод', 'name:uk': 'Тростянецький спиртовий завод', 'official_name': 'ДП Тростянецький спиртовий завод', 'type': 'multipolygon'}"
7794957,relation,Бучанський тарний завод,,,,,50.551428,30.2371133,"{'addr:housenumber': '1', 'addr:street': 'вулиця Тургенєва', 'landuse': 'industrial', 'man_made': 'works', 'name': 'Бучанський тарний завод', 'name:ru': 'Бучанский тарный завод', 'name:uk': 'Бучанський тарний завод', 'type': 'multipolygon'}"
7919441,relation,ТОВ Фратеко,,,,,50.7745944,29.2894853,"{'addr:housenumber': '51', 'addr:street': 'вулиця Івана Огієнка', 'craft': 'carpenter', 'email': 'frateko@ukr.net', 'landuse': 'industrial', 'man_made': 'works', 'name': 'ТОВ Фратеко', 'name:uk': 'ТОВ Фратеко', 'phone': '+380 4133 45 103;+380 67 362 2298', 'type': 'multipolygon', 'website': 'http://frateko.com.ua/'}"
8135345,relation,Хлібозавод №3,,,,,50.8942083,34.8456529,"{'addr:housenumber': '119', 'industrial': 'factory', 'landuse': 'industrial', 'name': 'Хлібозавод №3', 'name:uk': 'Хлібозавод №3', 'phone': '+380 542 64 0362;+380 542 65 5922', 'type': 'multipolygon'}"
8405690,relation,"Товариство з обмеженою відповідальністю ""Завод Електронпобутприлад""",,,,,49.8061845,24.0633318,"{'building': 'yes', 'building:levels': '4', 'building:part': 'yes', 'man_made': 'works', 'name': 'Товариство з обмеженою відповідальністю ""Завод Електронпобутприлад""', 'name:uk': 'Товариство з обмеженою відповідальністю ""Завод Електронпобутприлад""', 'type': 'multipolygon', 'website': 'http://epp.electron.ua/'}"
8504713,relation,Дарницький вагоноремонтний завод,,,,,50.4478508,30.6833429,"{'contact:website': 'http://dvrz.com.ua/', 'landuse': 'railway', 'man_made': 'works', 'name': 'Дарницький вагоноремонтний завод', 'name:ru': 'Дарницкий вагоноремонтный завод', 'name:uk': 'Дарницький вагоноремонтний завод', 'operator': 'Укрзалізниця', 'operator:wikidata': 'Q923337', 'operator:wikipedia': 'uk:Укрзалізниця', 'start_date': '1935', 'type': 'multipolygon', 'wikidata': 'Q4155095', 'wikipedia': 'uk:Дарницький вагоноремонтний завод'}"
8812460,relation,М'ясопереробний ковбасний цех,,,,,50.7591411,29.2718751,"{'addr:housenumber': '137', 'addr:postcode': '11601', 'addr:street': 'вулиця Степана Бандери', 'landuse': 'industrial', 'man_made': 'works', 'name': ""М'ясопереробний ковбасний цех"", 'name:uk': ""М'ясопереробний ковбасний цех"", 'type': 'multipolygon'}"
8870475,relation,Лісопереробне п-во,,,,,50.7678191,29.3072747,"{'addr:housenumber': '136', 'addr:street': 'вулиця Осипенко', 'landuse': 'industrial', 'man_made': 'works', 'name': 'Лісопереробне п-во', 'name:uk': 'Лісопереробне п-во', 'type': 'multipolygon'}"
9052007,relation,"ТОВ ""Завод ""ЕКО-ПРОДУКТ""""",,,,,51.069342,34.8729924,"{'industrial': 'factory', 'landuse': 'industrial', 'name': 'ТОВ ""Завод ""ЕКО-ПРОДУКТ""""', 'name:uk': 'ТОВ ""Завод ""ЕКО-ПРОДУКТ""""', 'phone': '+380 542 22 4869;+380 67 542 4301;+380 99 485 0058', 'type': 'multipolygon', 'website': 'https://eco-produkt.sumy.ua'}"
9081361,relation,Виринський цукровий завод,,,,,50.9508606,34.3698559,"{'industrial': 'factory', 'landuse': 'industrial', 'name': 'Виринський цукровий завод', 'name:uk': 'Виринський цукровий завод', 'type': 'multipolygon'}"
9274089,relation,Універсал,,,,,51.2432596,33.1842577,"{'industrial': 'factory', 'landuse': 'industrial', 'name': 'Універсал', 'name:uk': 'Універсал', 'type': 'multipolygon'}"
9378194,relation,"ТзОВ ""Екозавод Грифон""",,,,,50.1364972,27.927635,"{'addr:housenumber': '9', 'addr:street': 'вулиця Путіліна', 'landuse': 'industrial', 'man_made': 'works', 'name': 'ТзОВ ""Екозавод Грифон""', 'name:uk': 'ТзОВ ""Екозавод Грифон""', 'official_name': 'Товариство з обмеженою відповідальністю ""Екозавод Грифон""', 'type': 'multipolygon'}"
9391394,relation,ТОВ Романівський склозавод ХХІ століття,,,,,50.1346609,27.9541755,"{'addr:street': 'Заводська вулиця', 'addr:town': 'Романів', 'landuse': 'industrial', 'man_made': 'works', 'name': 'ТОВ Романівський склозавод ХХІ століття', 'name:uk': 'ТОВ Романівський склозавод ХХІ століття', 'type': 'multipolygon'}"
9544436,relation,Креатив,,,,,48.5095209,32.1982825,"{'landuse': 'industrial', 'man_made': 'works', 'name': 'Креатив', 'name:uk': 'Креатив', 'type': 'multipolygon'}"
9663212,relation,ПРАТ Малинська Паперова Фабрика-Вайдманн,,,,,50.7615459,29.2273148,"{'addr:housenumber': '66', 'addr:street': 'вулиця Юрія Приходька', 'email': 'info.wmpm@weidmann-group.com', 'landuse': 'industrial', 'man_made': 'works', 'name': 'ПРАТ Малинська Паперова Фабрика-Вайдманн', 'name:en': 'JSC Weidmann Malyn Paper Mill', 'name:uk': 'ПРАТ Малинська Паперова Фабрика-Вайдманн', 'phone': '+380 4133 67 2 22', 'short_name:en': 'JSC WEIDMANN - MPM', 'short_name:uk': 'ПРАТ ""ВАЙДМАНН-МПФ""', 'type': 'multipolygon', 'website': 'http://www.weidmann-mpm.com/'}"
9712585,relation,ТОВ Малинська Фабрика Спеціального Паперу,,,,,50.7633288,29.2291092,"{'addr:housenumber': '2', 'addr:street': 'вулиця Неманихіна', 'landuse': 'industrial', 'man_made': 'works', 'name': 'ТОВ Малинська Фабрика Спеціального Паперу', 'name:en': 'LLC Malyn Special Paper Factory', 'name:uk': 'ТОВ Малинська Фабрика Спеціального Паперу', 'type': 'multipolygon'}"
9728206,relation,Авіс,,,,,49.1944459,28.447584,"{'addr:housenumber': '2', 'addr:street': 'Скіфський провулок', 'brand': 'Суперово', 'landuse': 'industrial', 'man_made': 'works', 'name': 'Авіс', 'name:en': 'Avis', 'name:uk': 'Авіс', 'product': 'water in plastic container /вода у пластиковій тарі', 'type': 'multipolygon'}"
9744483,relation,"ТОВ ""Три Стар""",,,,,48.5273891,32.2495362,"{'brand': 'Золотой век', 'email': 'info@zolotoi-vek.ua', 'industrial': 'factory', 'landuse': 'industrial', 'name': 'ТОВ ""Три Стар""', 'name:uk': 'ТОВ ""Три Стар""', 'operator': 'ТОВ ""Три Стар""', 'phone:UA': '0 800 502 514', 'type': 'multipolygon', 'website': 'https://zolotoi-vek.ua/ua'}"
9757975,relation,Unknown,,,,,48.4863697,32.2810802,"{'industrial': 'factory', 'landuse': 'industrial', 'type': 'multipolygon'}"
9764871,relation,Ельбрук,,,,,48.5093996,32.1913622,"{'addr:housenumber': '46', 'addr:street': 'Перша Виставкова вулиця', 'industrial': 'factory', 'landuse': 'industrial', 'name': 'Ельбрук', 'type': 'multipolygon'}"
9875015,relation,Іспаський асфальтобетонний завод,,,,,48.2966945,25.2449104,"{'industrial': 'factory', 'landuse': 'industrial', 'loc_name': 'Київстрой', 'name': 'Іспаський асфальтобетонний завод', 'name:uk': 'Іспаський асфальтобетонний завод', 'operator': 'Колотило Михайло Петрович', 'type': 'multipolygon'}"
10140650,relation,ПАО Конотопмʼясо,,,,,51.218602,33.2171496,"{'industrial': 'factory', 'landuse': 'industrial', 'name': 'ПАО Конотопмʼясо', 'name:uk': 'ПАО Конотопмʼясо', 'type': 'multipolygon'}"
10217274,relation,Сєвєродонецький Склопластик,,,,,48.9595515,38.4515133,"{'barrier': 'fence', 'contact:website': 'http://www.stekloplast.com.ua', 'description': 'Fiberglass products, composite materials', 'landuse': 'industrial', 'man_made': 'works', 'name': 'Сєвєродонецький Склопластик', 'name:en': 'Severodonetsky Stekloplastic', 'name:ru': 'Северодонецкий Стеклопластик', 'name:uk': 'Сєвєродонецький Склопластик', 'official_name': ""ТОВ «Науково-виробниче об'єднання „Сєвєродонецький Склопластик“»"", 'type': 'multipolygon'}"
10244024,relation,"Лікеро-горілчаний завод ""Горобина""",,,,,50.8966757,34.7858388,"{'addr:housenumber': '121', 'email': 'info@gorobina.sumy.ua', 'fax': '+380 542 78 7748', 'industrial': 'factory', 'landuse': 'industrial', 'name': 'Лікеро-горілчаний завод ""Горобина""', 'name:uk': 'Лікеро-горілчаний завод ""Горобина""', 'phone': '+380 542 22 2443', 'type': 'multipolygon', 'website': 'https://www.gorobina.sumy.ua/index.php', 'wikidata': 'Q12159626', 'wikipedia': 'uk:Сумський лікеро-горілчаний завод'}"
10269556,relation,Понінківська картонно-паперова фабрика,,,,,50.1835882,27.5356985,"{'barrier': 'fence;wall', 'industrial': 'factory', 'landuse': 'industrial', 'name': 'Понінківська картонно-паперова фабрика', 'name:uk': 'Понінківська картонно-паперова фабрика', 'type': 'multipolygon'}"
10277584,relation,ТОВ Браво,,,,,50.767794,29.3170386,"{'addr:place': 'урочище Браво', 'industrial': 'factory', 'landuse': 'industrial', 'man_made': 'works', 'name': 'ТОВ Браво', 'name:en': 'JSC Bravo', 'name:uk': 'ТОВ Браво', 'type': 'multipolygon'}"
10307318,relation,"ТОВ ""Меблі-Сервіс""",,,,,50.2920544,24.6271755,"{'addr:city': 'Радехів', 'addr:housenumber': '44', 'addr:postcode': '80200', 'addr:street': 'Витківська вулиця', 'brand': 'Мебель-Сервіс', 'industrial': 'furniture', 'landuse': 'industrial', 'man_made': 'works', 'name': 'ТОВ ""Меблі-Сервіс""', 'name:en': 'Ltd. ""Mebel-Service""', 'name:uk': 'ТОВ ""Меблі-Сервіс""', 'type': 'multipolygon'}"
10335792,relation,Лєра,,,,,50.775031,25.376589,"{'factory': 'furniture', 'industrial': 'factory', 'landuse': 'industrial', 'name': 'Лєра', 'name:en': 'Liera', 'name:uk': 'Лєра', 'type': 'multipolygon', 'website': 'https://lera.in.ua/'}"
11045481,relation,"Завод ""Насосенергомаш""",,,,,50.9241871,34.8125737,"{'landuse': 'industrial', 'man_made': 'works', 'name': 'Завод ""Насосенергомаш""', 'name:ru': 'Завод ""Насосэнергомаш""', 'name:uk': 'Завод ""Насосенергомаш""', 'type': 'multipolygon'}"
11181112,relation,Ферма по випалюванню деревного вугілля,,,,,50.5452067,26.319928,"{'industrial': 'factory', 'landuse': 'industrial', 'name': 'Ферма по випалюванню деревного вугілля', 'name:uk': 'Ферма по випалюванню деревного вугілля', 'type': 'multipolygon'}"
11190392,relation,Unknown,,,,,50.4255746,30.0904223,"{'man_made': 'works', 'type': 'multipolygon'}"
11367871,relation,ТВЦ-1,,,,,47.5861852,34.3431003,"{'building': 'industrial', 'industrial': 'factory', 'name': 'ТВЦ-1', 'name:uk': 'ТВЦ-1', 'operator': 'ЮТиСТ', 'type': 'multipolygon'}"
11367872,relation,ТВЦ-1,,,,,47.5834034,34.3437063,"{'building': 'industrial', 'industrial': 'factory', 'name': 'ТВЦ-1', 'name:uk': 'ТВЦ-1', 'operator': 'ЮТиСТ', 'type': 'multipolygon'}"
11367873,relation,ТВЦ-1,,,,,47.5848609,34.3422486,"{'building': 'industrial', 'demolished:building': 'factory', 'industrial': 'factory', 'name': 'ТВЦ-1', 'name:uk': 'ТВЦ-1', 'operator': 'ЮТиСТ', 'type': 'multipolygon'}"
11522647,relation,Чортківський комбінат хлібопродуктів,,,,,49.0257447,25.7885969,"{'landuse': 'industrial', 'man_made': 'works', 'name': 'Чортківський комбінат хлібопродуктів', 'name:uk': 'Чортківський комбінат хлібопродуктів', 'official_name': 'ДП «Чортківський КХП» ДАР України', 'type': 'multipolygon'}"
11578989,relation,Unknown,,,,,51.4024949,30.0424016,"{'building': 'yes', 'building:levels': '3', 'man_made': 'works', 'product': 'radios', 'roof:colour': 'darkgrey', 'type': 'multipolygon'}"
11603370,relation,Автотранспортний цех №58,,,,,50.9426158,34.7888237,"{'man_made': 'works', 'name': 'Автотранспортний цех №58', 'name:uk': 'Автотранспортний цех №58', 'type': 'multipolygon'}"
11618891,relation,ІСТР,,,,,45.3687903,28.8153652,"{'contact:skype': 'Vaso36on', 'email': 'info@istr.com.ua', 'industrial': 'factory', 'landuse': 'industrial', 'name': 'ІСТР', 'name:en': 'ISTR', 'name:ru': 'ИСТР', 'name:uk': 'ІСТР', 'official_name': 'ТОВ Ізмаїльська виробничо-комерційна фірма «Істр»', 'official_name:uk': 'ТОВ Ізмаїльська виробничо-комерційна фірма «Істр»', 'phone': '+380 67 482 7726', 'start_date': '1955', 'type': 'multipolygon', 'website': 'https://istr.com.ua'}"
11800846,relation,Ганнопільський спиртзавод,,,,,50.4505278,26.891239,"{'craft': 'distillery', 'industrial': 'factory', 'landuse': 'industrial', 'man_made': 'works', 'name': 'Ганнопільський спиртзавод', 'name:uk': 'Ганнопільський спиртзавод', 'type': 'multipolygon'}"
11969047,relation,ТзОВ «Едельвейс-Лего»,,,,,48.4329468,22.7037363,"{'addr:city': 'Мукачево', 'addr:housenumber': '15', 'addr:street': 'вулиця Михайла Трояна', 'building': 'industrial', 'man_made': 'works', 'name': 'ТзОВ «Едельвейс-Лего»', 'name:uk': 'ТзОВ «Едельвейс-Лего»', 'type': 'multipolygon'}"
12291241,relation,"ТзОВ ""Монарх""",,,,,49.9077225,24.2886273,"{'craft': 'confectionery', 'industrial': 'factory', 'landuse': 'industrial', 'name': 'ТзОВ ""Монарх""', 'name:uk': 'ТзОВ ""Монарх""', 'type': 'multipolygon'}"
12391290,relation,Unknown,,,,,48.6045396,27.7834035,"{'industrial': 'factory', 'landuse': 'industrial', 'type': 'multipolygon'}"
12537643,relation,Сумський комбінат хлібопродуктів,,,,,50.9290535,34.8172397,"{'landuse': 'industrial', 'man_made': 'works', 'name': 'Сумський комбінат хлібопродуктів', 'name:uk': 'Сумський комбінат хлібопродуктів', 'type': 'multipolygon', 'wikidata': 'Q12158688', 'wikipedia': 'uk:Сумський комбінат хлібопродуктів'}"
12790947,relation,"ТОВ ""Сумимостобуд""",,,,,50.9468749,34.7784752,"{'addr:housenumber': '32', 'landuse': 'industrial', 'man_made': 'works', 'name': 'ТОВ ""Сумимостобуд""', 'name:uk': 'ТОВ ""Сумимостобуд""', 'phone': '+380 50 407 7879', 'type': 'multipolygon'}"
12968236,relation,«Парада» - Ужгородська швейна фабрика,,,,,48.6212216,22.2924903,"{'landuse': 'industrial', 'man_made': 'works', 'name': '«Парада» - Ужгородська швейна фабрика', 'name:uk': '«Парада» - Ужгородська швейна фабрика', 'type': 'multipolygon'}"
13014287,relation,ВКП МП «Андезит»,,,,,48.4187107,22.7151282,"{'addr:city': 'Кольчино', 'addr:housenumber': '1', 'addr:place': 'урочище Няроші', 'addr:postcode': '89636', 'man_made': 'works', 'name': 'ВКП МП «Андезит»', 'name:uk': 'ВКП МП «Андезит»', 'type': 'multipolygon'}"
13014288,relation,ТзОВ «Ерко»,,,,,48.4192743,22.7096465,"{'addr:city': 'Мукачево', 'addr:housenumber': '98-Г', 'addr:postcode': '89600', 'addr:street': 'вулиця Миколи Крилова', 'man_made': 'works', 'name': 'ТзОВ «Ерко»', 'name:uk': 'ТзОВ «Ерко»', 'type': 'multipolygon'}"
13014798,relation,Unknown,,,,,48.417034,22.7249901,"{'addr:city': 'Кольчино', 'addr:place': 'урочище Няроші', 'addr:postcode': '89636', 'man_made': 'works', 'operator': 'Закарпатський облавтодор', 'type': 'multipolygon'}"
13014799,relation,Unknown,,,,,48.4156569,22.7262042,"{'addr:city': 'Кольчино', 'addr:housenumber': '6', 'addr:place': 'урочище Няроші', 'addr:postcode': '89636', 'man_made': 'works', 'operator': 'ТзОВ «Закарпаття Асфальт»', 'type': 'multipolygon'}"
13014800,relation,Мукачівський міськопторг,,,,,48.4188092,22.7316013,"{'landuse': 'industrial', 'man_made': 'works', 'name': 'Мукачівський міськопторг', 'name:uk': 'Мукачівський міськопторг', 'type': 'multipolygon'}"
13014804,relation,ТзОВ «Тір і Лого Сервіс»,,,,,48.4186901,22.7171199,"{'addr:city': 'Кольчино', 'addr:housenumber': '2', 'addr:place': 'урочище Няроші', 'addr:postcode': '89636', 'man_made': 'works', 'name': 'ТзОВ «Тір і Лого Сервіс»', 'name:uk': 'ТзОВ «Тір і Лого Сервіс»', 'type': 'multipolygon'}"
13014805,relation,Unknown,,,,,48.4187289,22.7200512,"{'addr:city': 'Кольчино', 'addr:place': 'урочище Няроші', 'addr:postcode': '89636', 'man_made': 'works', 'operator': 'ТзОВ «Нафтогазбудсервіс»', 'type': 'multipolygon'}"
13016267,relation,Точприлад,,,,,48.4178736,22.7059121,"{'man_made': 'works', 'name': 'Точприлад', 'name:uk': 'Точприлад', 'type': 'multipolygon'}"
13016268,relation,"ТОВ ""Партнер""",,,,,48.4162591,22.7054086,"{'man_made': 'works', 'name': 'ТОВ ""Партнер""', 'name:uk': 'ТОВ ""Партнер""', 'type': 'multipolygon'}"
13017304,relation,ТзОВ «Інтер-Каштан»,,,,,48.450383,22.6932652,"{'addr:city': 'Мукачево', 'addr:housenumber': '190', 'addr:postcode': '89608', 'addr:street': 'Ужгородська вулиця', 'landuse': 'industrial', 'man_made': 'works', 'name': 'ТзОВ «Інтер-Каштан»', 'name:uk': 'ТзОВ «Інтер-Каштан»', 'product': 'furniture', 'type': 'multipolygon'}"
13018036,relation,"ТзОВ ""Грінвер""",,,,,48.4254843,22.7299915,"{'man_made': 'works', 'name': 'ТзОВ ""Грінвер""', 'name:uk': 'ТзОВ ""Грінвер""', 'type': 'multipolygon'}"
13018113,relation,"ТзОВ ""Рукбат""",,,,,48.4220225,22.7169997,"{'man_made': 'works', 'name': 'ТзОВ ""Рукбат""', 'name:uk': 'ТзОВ ""Рукбат""', 'type': 'multipolygon'}"
13020427,relation,"ПП ""Карпат-Буд""",,,,,48.4254969,22.6887168,"{'landuse': 'industrial', 'man_made': 'works', 'name': 'ПП ""Карпат-Буд""', 'name:uk': 'ПП ""Карпат-Буд""', 'type': 'multipolygon'}"
13020511,relation,Фішер-Мукачево,,,,,48.4409394,22.7490136,"{'addr:city': 'Мукачево', 'addr:housenumber': '16', 'addr:postcode': '89611', 'addr:street': 'Свято-Михайлівська вулиця', 'man_made': 'works', 'name': 'Фішер-Мукачево', 'name:en': 'Fischer-Mukachevo', 'name:ru': 'Фишер-Мукачево', 'name:uk': 'Фішер-Мукачево', 'type': 'multipolygon'}"
13022531,relation,"ТОВ ""АВЕ Мукачево""",,,,,48.4224013,22.6837528,"{'landuse': 'industrial', 'man_made': 'works', 'name': 'ТОВ ""АВЕ Мукачево""', 'name:uk': 'ТОВ ""АВЕ Мукачево""', 'type': 'multipolygon'}"
13028974,relation,Ядзакі Україна,,,,,48.5948032,22.265556,"{'contact:email': 'yul.administration@yazaki-europe.com', 'contact:phone': '+380 312 42 9001', 'contact:website': 'https://yazaki-ukraine.com', 'landuse': 'industrial', 'man_made': 'works', 'name': 'Ядзакі Україна', 'name:en': 'Yazaki Ukraine', 'name:uk': 'Ядзакі Україна', 'office': 'company', 'type': 'multipolygon'}"
13434788,relation,Савранський маслозавод,,,,,48.14268,30.0699712,"{'addr:housenumber': '112', 'addr:street': 'Соборна вулиця', 'landuse': 'industrial', 'man_made': 'works', 'name': 'Савранський маслозавод', 'name:uk': 'Савранський маслозавод', 'official_name': 'Публічне акціонерне товариство Савранський маслозавод', 'product': 'cheese', 'short_name': 'ПАТ Савранський маслозавод', 'type': 'multipolygon'}"
13456966,relation,"Закинутий завод ""Електрон""",,,,,50.9102513,34.7796118,"{'abandoned': 'yes', 'access': 'no', 'industrial': 'factory', 'landuse': 'industrial', 'name': 'Закинутий завод ""Електрон""', 'name:uk': 'Закинутий завод ""Електрон""', 'type': 'multipolygon'}"
13478112,relation,Unknown,,,,,50.9252783,34.7842216,"{'abandoned': 'yes', 'access': 'no', 'description': 'Недействующее подразделение ПАТ ""СМНВО""', 'industrial': 'factory', 'landuse': 'industrial', 'type': 'multipolygon'}"
13510144,relation,"ТзОВ ""Лад Бетон""",,,,,50.773419,25.3491528,"{'industrial': 'factory', 'landuse': 'industrial', 'name': 'ТзОВ ""Лад Бетон""', 'name:uk': 'ТзОВ ""Лад Бетон""', 'type': 'multipolygon'}"
13513724,relation,"ТзОВ ""Луцька картонно-паперова фабрика""",,,,,50.7797286,25.3774052,"{'industrial': 'factory', 'landuse': 'industrial', 'name': 'ТзОВ ""Луцька картонно-паперова фабрика""', 'name:en': 'Lutsk Cardboard and Paper Mill Ltd.', 'name:ru': 'Ооо ""Луцкая картонно-бумажная фабрика""', 'name:uk': 'ТзОВ ""Луцька картонно-паперова фабрика""', 'type': 'multipolygon', 'website': 'http://www.lkrk.com.ua/'}"
13568706,relation,"ООО ""Крымская Водочная Компания""",,,,,44.9331441,34.0622192,"{'landuse': 'industrial', 'man_made': 'works', 'name': 'ООО ""Крымская Водочная Компания""', 'product': 'vodka', 'type': 'multipolygon'}"
13610244,relation,Бердичівська меблева фабрика,,,,,49.9070566,28.6119157,"{'condition': 'not_working', 'factory': 'furniture', 'industrial': 'factory', 'landuse': 'industrial', 'name': 'Бердичівська меблева фабрика', 'name:uk': 'Бердичівська меблева фабрика', 'type': 'multipolygon'}"
13696507,relation,Виготовлення прямокутних блоків,,,,,50.7686696,25.5188834,"{'landuse': 'industrial', 'man_made': 'works', 'name': 'Виготовлення прямокутних блоків', 'name:uk': 'Виготовлення прямокутних блоків', 'type': 'multipolygon'}"
13699199,relation,ТОВ «Астат ЗПП»,,,,,50.6486399,28.4877001,"{'craft': 'stonemason', 'industrial': 'factory', 'landuse': 'industrial', 'name': 'ТОВ «Астат ЗПП»', 'name:uk': 'ТОВ «Астат ЗПП»', 'type': 'multipolygon'}"
13726094,relation,Unknown,,,,,48.5966082,22.2913597,"{'addr:housenumber': '5', 'addr:street': 'вулиця Свободи', 'landuse': 'industrial', 'man_made': 'works', 'type': 'multipolygon'}"
13765167,relation,Тролейбусне ремонтно-експлуатаційне депо №3,,,,,50.4140319,30.4536103,"{'depot': 'trolleybus', 'industrial': 'depot', 'landuse': 'industrial', 'man_made': 'works', 'name': 'Тролейбусне ремонтно-експлуатаційне депо №3', 'name:ru': 'Троллейбусное депо №3', 'name:uk': 'Тролейбусне ремонтно-експлуатаційне депо №3', 'operator': 'Київпастранс', 'phone': '+380 44 248 5346', 'type': 'multipolygon', 'wikidata': 'Q13572719', 'wikipedia': 'uk:Тролейбусне депо № 3 (Київ)'}"
13812336,relation,ТОВ «Джейбіл Сьоркіт Юкрейн Лімітед»,,,,,48.5817586,22.2662055,"{'landuse': 'industrial', 'man_made': 'works', 'name': 'ТОВ «Джейбіл Сьоркіт Юкрейн Лімітед»', 'name:en': 'Jabil Circuit Ukraine Limited', 'name:uk': 'ТОВ «Джейбіл Сьоркіт Юкрейн Лімітед»', 'type': 'multipolygon'}"
14038272,relation,Івано-Франківський міськмолокозавод,,,,,48.9357985,24.7169575,"{'landuse': 'industrial', 'man_made': 'works', 'name': 'Івано-Франківський міськмолокозавод', 'name:uk': 'Івано-Франківський міськмолокозавод', 'operator': 'ПП Прімастар', 'type': 'multipolygon'}"
14190468,relation,Unknown,,,,,48.6083295,22.3078382,"{'landuse': 'industrial', 'man_made': 'works', 'type': 'multipolygon'}"
15504206,relation,ПрАТ «Андезит»,,,,,48.6144446,22.3215702,"{'addr:housenumber': '8-А', 'addr:street': 'Гранітна вулиця', 'landuse': 'industrial', 'man_made': 'works', 'name': 'ПрАТ «Андезит»', 'name:uk': 'ПрАТ «Андезит»', 'type': 'multipolygon'}"
15505781,relation,Unknown,,,,,49.2347248,28.5133625,"{'man_made': 'works', 'type': 'multipolygon'}"
15584063,relation,Завод Ферпласт,,,,,50.2823401,28.605363,"{'addr:housenumber': '57', 'addr:postcode': '10004', 'addr:street': 'проспект Миру', 'email': 'office@ferplast.com.ua', 'full_name': 'ТОВ З ІНОЗЕМНИМИ ІНВЕСТИЦІЯМИИ ”ФЕРПЛАСТ - УКРАЇНА”', 'industrial': 'factory', 'landuse': 'industrial', 'name': 'Завод Ферпласт', 'name:uk': 'Завод Ферпласт', 'phone': '+380 412 41 5370', 'type': 'multipolygon', 'website': 'https://www.ferplast.com/'}"
15949846,relation,Завод залізобетонних труб,,,,,50.3996674,30.5706657,"{'industrial': 'factory', 'landuse': 'industrial', 'name': 'Завод залізобетонних труб', 'name:uk': 'Завод залізобетонних труб', 'type': 'multipolygon'}"
15949848,relation,Завод залізобетонних конструкцій ім. С. Ковальської,,,,,50.4007348,30.5775864,"{'alt_name': 'Комбінат ""Будіндустрія""', 'contact:website': 'https://budindustriya.ua/', 'industrial': 'factory', 'landuse': 'industrial', 'name': 'Завод залізобетонних конструкцій ім. С. Ковальської', 'name:uk': 'Завод залізобетонних конструкцій ім. С. Ковальської', 'old_name': 'Завод залізобетонних конструкцій №3', 'type': 'multipolygon'}"
15949849,relation,Експериментально-механічний завод,,,,,50.4013431,30.5715759,"{'industrial': 'factory', 'landuse': 'industrial', 'name': 'Експериментально-механічний завод', 'name:uk': 'Експериментально-механічний завод', 'type': 'multipolygon'}"
15950033,relation,Київпродмаш,,,,,50.5027088,30.4633645,"{'contact:website': 'http://www.kpm.in.ua/', 'industrial': 'factory', 'landuse': 'industrial', 'name': 'Київпродмаш', 'name:uk': 'Київпродмаш', 'note': 'ТОВ ""Укрпродмашбуд""', 'type': 'multipolygon'}"
15966806,relation,Дослідний завод зварювальних матеріалів,,,,,50.4649124,30.4481983,"{'contact:website': 'http://paton-ozsm.com.ua/', 'industrial': 'factory', 'landuse': 'industrial', 'name': 'Дослідний завод зварювальних матеріалів', 'name:uk': 'Дослідний завод зварювальних матеріалів', 'official_name': 'Дослідний завод зварювальних матеріалів Інституту електрозварювання імені Є. О. Патона', 'short_name': 'ДЗЗМ ІЕЗ ім.Є.О.Патона', 'type': 'multipolygon'}"
16052711,relation,Завод мостових залізобетонних конструкцій,,,,,50.3649743,30.5477218,"{'contact:website': 'http://www.mzbk.kiev.ua/', 'industrial': 'factory', 'landuse': 'industrial', 'name': 'Завод мостових залізобетонних конструкцій', 'name:uk': 'Завод мостових залізобетонних конструкцій', 'short_name': 'МЗБК', 'type': 'multipolygon'}"
16243475,relation,Вікна-Стиль #2,,,,,48.2002054,25.893273,"{'industrial': 'factory', 'landuse': 'industrial', 'name': 'Вікна-Стиль #2', 'name:uk': 'Вікна-Стиль #2', 'type': 'multipolygon'}"
16366707,relation,Експериментальний завод медичних препаратів,,,,,50.4356703,30.6838073,"{'addr:housenumber': '15а', 'industrial': 'factory', 'landuse': 'industrial', 'name': 'Експериментальний завод медичних препаратів', 'name:uk': 'Експериментальний завод медичних препаратів', 'operator': 'Інститут біоорганічної хімії та нафтохімії', 'type': 'multipolygon'}"
16369278,relation,"Підприємство спеціального приладобудування ""Арсенал""",,,,,50.439756,30.5414257,"{'industrial': 'factory', 'landuse': 'industrial', 'name': 'Підприємство спеціального приладобудування ""Арсенал""', 'name:uk': 'Підприємство спеціального приладобудування ""Арсенал""', 'type': 'multipolygon', 'wikidata': 'Q704574', 'wikipedia': 'uk:Арсенал (завод)'}"
16377793,relation,Київхімволокно,,,,,50.4563823,30.6421957,"{'industrial': 'factory', 'landuse': 'industrial', 'name': 'Київхімволокно', 'start_date': '1937', 'type': 'multipolygon', 'wikipedia': 'uk:Київхімволокно'}"
16393001,relation,Борщагівський хіміко-фармацевтичний завод,,,,,50.4111398,30.4185791,"{'industrial': 'factory', 'landuse': 'industrial', 'name': 'Борщагівський хіміко-фармацевтичний завод', 'name:ru': 'Борщаговский химико-фармацевтический завод', 'name:uk': 'Борщагівський хіміко-фармацевтичний завод', 'type': 'multipolygon'}"
16817938,relation,"Київське дослідно-виробниче підприємство ""Контакт""",,,,,50.5047742,30.4660223,"{'addr:housenumber': '9', 'industrial': 'factory', 'landuse': 'industrial', 'name': 'Київське дослідно-виробниче підприємство ""Контакт""', 'name:uk': 'Київське дослідно-виробниче підприємство ""Контакт""', 'operator': 'УТОГ', 'type': 'multipolygon'}"
16909030,relation,"Завод ""Протекон""",,,,,50.4828789,30.4941584,"{'industrial': 'factory', 'landuse': 'industrial', 'name': 'Завод ""Протекон""', 'name:uk': 'Завод ""Протекон""', 'type': 'multipolygon'}"
16991434,relation,Пивзавод на Подолі,,,,,50.4717662,30.497655,"{'industrial': 'factory', 'landuse': 'industrial', 'name': 'Пивзавод на Подолі', 'name:uk': 'Пивзавод на Подолі', 'old_name': 'Київський пивзавод №2', 'type': 'multipolygon'}"
16991436,relation,Київський пивзавод №1,,,,,50.4083035,30.5162288,"{'industrial': 'factory', 'landuse': 'industrial', 'name': 'Київський пивзавод №1', 'name:uk': 'Київський пивзавод №1', 'old_name': 'Пивоваренний завод К. Г. Шульца', 'start_date': '1881', 'type': 'multipolygon'}"
17234143,relation,Гніваньский завод спецзалізобетону,,,,,49.1037206,28.3622281,"{'contact:website': 'https://gnivanszb.all.biz/', 'industrial': 'factory', 'landuse': 'industrial', 'name': 'Гніваньский завод спецзалізобетону', 'name:uk': 'Гніваньский завод спецзалізобетону', 'start_date': '1969', 'type': 'multipolygon'}"
17234145,relation,Гніванський підшипниковий завод,,,,,49.0909163,28.3379855,"{'industrial': 'factory', 'landuse': 'industrial', 'name': 'Гніванський підшипниковий завод', 'name:uk': 'Гніванський підшипниковий завод', 'type': 'multipolygon'}"
17314273,relation,"Завод електронно-променевої металургії ""Фіко""",,,,,50.3516276,30.5447658,"{'craft': 'metal_construction', 'description': 'Виробництво з титану', 'industrial': 'factory', 'landuse': 'industrial', 'name': 'Завод електронно-променевої металургії ""Фіко""', 'name:uk': 'Завод електронно-променевої металургії ""Фіко""', 'type': 'multipolygon'}"
17327056,relation,Жмеринський тютюново-ферментаційний завод,,,,,49.0315894,28.0815061,"{'industrial': 'factory', 'landuse': 'industrial', 'name': 'Жмеринський тютюново-ферментаційний завод', 'name:uk': 'Жмеринський тютюново-ферментаційний завод', 'type': 'multipolygon', 'wikipedia': 'uk:Жмеринський тютюново-ферментаційний завод'}"
17821490,relation,ПрАТ Компанія Ензим,,,,,49.8311252,24.0927022,"{'addr:housenumber': '232', 'addr:postcode': '79014', 'addr:street': 'Личаківська вулиця', 'industrial': 'factory', 'landuse': 'industrial', 'loc_name': 'дріджовий завод', 'name': 'ПрАТ Компанія Ензим', 'name:uk': 'ПрАТ Компанія Ензим', 'product': 'дріджі', 'type': 'multipolygon', 'website': 'http://www.enzym.lviv.ua/'}"
17848555,relation,Юмакс-Львів,,,,,49.7896924,24.1077866,"{'addr:housenumber': '23', 'addr:postcode': '81144', 'addr:street': 'вулиця Долинівка', 'industrial': 'factory', 'landuse': 'industrial', 'name': 'Юмакс-Львів', 'name:uk': 'Юмакс-Львів', 'type': 'multipolygon'}"
18111311,relation,Carpathian Pet Food,,,,,48.2402005,22.9776172,"{'addr:housenumber': '28', 'addr:street': 'вулиця Соборності', 'industrial': 'factory', 'landuse': 'industrial', 'man_made': 'works', 'name': 'Carpathian Pet Food', 'name:uk': 'Carpathian Pet Food', 'type': 'multipolygon', 'website': 'https://carpathianpetfood.com/', 'wikipedia': 'uk:Харчові технології Закарпаття'}"
18306294,relation,"ПАТ ""Іскра""",,,,,49.7935422,24.0795669,"{'industrial': 'factory', 'landuse': 'industrial', 'name': 'ПАТ ""Іскра""', 'name:uk': 'ПАТ ""Іскра""', 'type': 'multipolygon'}"
18484402,relation,"ПАТ ""Львівський хімічний завод""",,,,,49.8050329,24.0426311,"{'landuse': 'industrial', 'man_made': 'works', 'name': 'ПАТ ""Львівський хімічний завод""', 'name:ru': 'ПАО ""Львовский химический завод""', 'name:uk': 'ПАТ ""Львівський хімічний завод""', 'type': 'multipolygon'}"
19279143,relation,Коростенський завод залізобетонних шпал,,,,,50.9635546,28.6032298,"{'industrial': 'factory', 'landuse': 'industrial', 'name': 'Коростенський завод залізобетонних шпал', 'short_name': 'Коростенський завод ЗБШ', 'start_date': '1958', 'type': 'multipolygon', 'wikipedia': 'uk:Коростенський завод залізобетонних шпал'}"
19352987,relation,"Київський завод ""Імпульс""",,,,,50.4053707,30.5142993,"{'industrial': 'factory', 'landuse': 'industrial', 'name': 'Київський завод ""Імпульс""', 'note': 'Виробляв протези. Не працює з 2020 р. Приватизація запланована на 2025 р.', 'type': 'multipolygon'}"
19353269,relation,Київський міський молочний завод №3,,,,,50.3880114,30.3414085,"{'industrial': 'factory', 'landuse': 'industrial', 'name': 'Київський міський молочний завод №3', 'operator': 'PepsiCo Ukraine', 'type': 'multipolygon'}"
19852025,relation,Миколаївський глиноземний завод,,,,,46.7658573,31.9498628,"{'landuse': 'industrial', 'man_made': 'works', 'name': 'Миколаївський глиноземний завод', 'name:ru': 'Николаевский глиноземный завод', 'name:uk': 'Миколаївський глиноземний завод', 'type': 'multipolygon'}"
19981680,relation,ТОВ «ВалеКом»,,,,,46.9449046,32.0762959,"{'industrial': 'factory', 'landuse': 'industrial', 'name': 'ТОВ «ВалеКом»', 'name:uk': 'ТОВ «ВалеКом»', 'type': 'multipolygon'}"
21006401,relation,"ТДВ ""Полімер""",,,,,48.9410211,24.7217467,"{'industrial': 'factory', 'landuse': 'industrial', 'name': 'ТДВ ""Полімер""', 'type': 'multipolygon'}"
21058413,relation,"ТзОВ ""Сокме""",,,,,50.4707125,24.2518077,"{'contact:website': 'https://www.sokme.ua/', 'industrial': 'factory', 'landuse': 'industrial', 'name': 'ТзОВ ""Сокме""', 'name:uk': 'ТзОВ ""Сокме""', 'type': 'multipolygon'}"
21058414,relation,Меблева фабрика Софро,,,,,50.4671733,24.2475464,"{'contact:website': 'https://sofro.com.ua', 'industrial': 'factory', 'landuse': 'industrial', 'name': 'Меблева фабрика Софро', 'name:en': 'Sofro furniture factory', 'type': 'multipolygon'}"
21062746,relation,Стемп,,,,,50.6487264,26.2280096,"{'brand': 'Рівненські ковбаси', 'contact:website': 'https://www.stemp.com.ua', 'industrial': 'factory', 'landuse': 'industrial', 'name': 'Стемп', 'type': 'multipolygon'}"
21067703,relation,Чернівецька філія ТОВ “CЕ Борднетце-Україна”,,,,,48.2506623,25.9557862,"{'brand': 'SEBN', 'brand:contact:website': 'https://www.sebn.com', 'industrial': 'factory', 'landuse': 'industrial', 'name': 'Чернівецька філія ТОВ “CЕ Борднетце-Україна”', 'type': 'multipolygon'}"
21098948,relation,SEBN UA Khmelnytskyi,,,,,49.4476635,26.9357185,"{'industrial': 'factory', 'landuse': 'industrial', 'name': 'SEBN UA Khmelnytskyi', 'old_name:uk': 'Хмельницький механічний завод', 'operator': 'Хмельницька філія ТОВ «Се Борднетце-Україна»', 'type': 'multipolygon'}"
21131982,relation,Аква Родос,,,,,50.2977438,26.8806338,"{'contact:website': 'https://aquarodos.ua/', 'industrial': 'factory', 'landuse': 'industrial', 'man_made': 'works', 'name': 'Аква Родос', 'name:uk': 'Аква Родос', 'product': 'furniture', 'start_date': '2002', 'type': 'multipolygon'}"
21131983,relation,"Завод дверей ""Родос""",,,,,50.2963444,26.8853369,"{'brand': 'Rodos', 'industrial': 'factory', 'landuse': 'industrial', 'man_made': 'works', 'name': 'Завод дверей ""Родос""', 'product': 'furniture', 'type': 'multipolygon'}"
21131984,relation,ПАТ «Геберіт Керамік Продакшн»,,,,,50.299616,26.8844327,"{'brand': 'Geberit', 'contact:website': 'https://www.geberit.ua', 'industrial': 'factory', 'landuse': 'industrial', 'man_made': 'works', 'name': 'ПАТ «Геберіт Керамік Продакшн»', 'name:en': 'Geberit Ceramic Production', 'old_name': 'Славутський комбінат Будфарфор', 'product': 'plumbing_fixtures', 'type': 'multipolygon'}"
