osm_id,type,name,minlat,minlon,maxlat,maxlon,center_lat,center_lon,tags
1905718957,node,Unknown,50.6186942,30.4373363,50.6186942,30.4373363,50.6186942,30.4373363,"{'building': 'warehouse', 'designation': 'Холодильные склады'}"
2914253044,node,Unknown,44.8535699,34.9737104,44.8535699,34.9737104,44.8535699,34.9737104,"{'building': 'warehouse', 'old_name': 'In-Time', 'old_name:ru': 'Ин-Тайм', 'old_name:uk': 'Ін-Тайм'}"
3377454743,node,Unknown,51.2839598,27.3075073,51.2839598,27.3075073,51.2839598,27.3075073,{'building': 'warehouse'}
3598327302,node,Паливо,48.6727235,25.5054401,48.6727235,25.5054401,48.6727235,25.5054401,"{'addr:city': 'Городенка', 'addr:housenumber': '95', 'addr:street': 'вулиця Тараса Шевченка', 'building': 'warehouse', 'name': 'Паливо', 'name:uk': 'Паливо'}"
3958590745,node,Складські приміщення,49.0959735,33.3977234,49.0959735,33.3977234,49.0959735,33.3977234,"{'building': 'warehouse', 'name': 'Складські приміщення', 'name:uk': 'Складські приміщення'}"
13892561130,node,MTP Group Fulfillment,50.3407658,30.8594356,50.3407658,30.8594356,50.3407658,30.8594356,"{'building': 'warehouse', 'name': 'MTP Group Fulfillment', 'office': 'logistics', 'phone': '+380501444645', 'website': 'https://www.fulfillmentmtp.com.ua'}"
13892654424,node,MTP Group Fulfillment,50.4138492,30.1928263,50.4138492,30.1928263,50.4138492,30.1928263,"{'building': 'warehouse', 'name': 'MTP Group Fulfillment', 'office': 'logistics', 'phone': '+380501444645', 'website': 'https://www.fulfillmentmtp.com.ua'}"
24546182,way,Unknown,,,,,50.5160171,30.4759324,"{'building': 'warehouse', 'building:levels': '2'}"
24546825,way,Unknown,,,,,50.4970305,30.4784749,"{'addr:housenumber': '18-А', 'addr:street': 'вулиця Марка Вовчка', 'building': 'warehouse', 'building:levels': '2'}"
32297878,way,Unknown,,,,,48.3886725,35.0451127,"{'building': 'warehouse', 'building:levels': '1'}"
32297880,way,Unknown,,,,,48.3884902,35.0451386,"{'building': 'warehouse', 'building:levels': '1'}"
33728597,way,Unknown,,,,,50.4448161,30.5343864,"{'building': 'warehouse', 'building:levels': '1'}"
37434966,way,Unknown,,,,,50.4158454,30.4073085,"{'addr:housenumber': '23', 'addr:street': 'проспект Академіка Корольова', 'building': 'warehouse', 'building:levels': '1.5'}"
45776516,way,Unknown,,,,,50.4336246,30.517801,"{'addr:housenumber': '1-А', 'addr:street': 'Жилянська вулиця', 'building': 'warehouse'}"
54289617,way,Unknown,,,,,49.922912,30.1500758,"{'building': 'warehouse', 'building:levels': '1'}"
60858560,way,Unknown,,,,,51.516172,31.3081375,{'building': 'warehouse'}
62682100,way,Unknown,,,,,48.5080177,35.0801137,"{'building': 'warehouse', 'building:levels': '1'}"
62706174,way,Unknown,,,,,48.5060792,35.0955163,{'building': 'warehouse'}
62805154,way,Unknown,,,,,50.4505963,30.5276141,"{'building': 'warehouse', 'building:levels': '2'}"
67604354,way,Unknown,,,,,48.4799582,35.0174525,{'building': 'warehouse'}
68221228,way,Unknown,,,,,50.4728962,30.3509424,{'building': 'warehouse'}
80405853,way,Unknown,,,,,49.2370259,28.4082099,{'building': 'warehouse'}
80405913,way,Unknown,,,,,49.237576,28.4066286,"{'building': 'warehouse', 'building:levels': '1', 'roof:levels': '0'}"
80521360,way,Unknown,,,,,48.4732326,35.0344111,{'building': 'warehouse'}
81528340,way,Unknown,,,,,50.4320042,30.625354,{'building': 'warehouse'}
81588150,way,Unknown,,,,,50.4304477,30.6224646,{'building': 'warehouse'}
81588154,way,Unknown,,,,,50.4305732,30.6229073,{'building': 'warehouse'}
81844725,way,Unknown,,,,,48.4599407,35.042596,"{'addr:housenumber': '12', 'addr:postcode': '49001', 'addr:street': 'вулиця Михайла Грушевського', 'building': 'warehouse'}"
84141328,way,Склад,,,,,51.3974383,30.074042,"{'abandoned': 'yes', 'building': 'warehouse', 'disused': 'yes', 'name': 'Склад', 'name:en': 'Storage', 'name:ru': 'Склад', 'name:uk': 'Склад'}"
84141757,way,Склад,,,,,51.3981594,30.0752522,"{'abandoned': 'yes', 'building': 'warehouse', 'disused': 'yes', 'name': 'Склад', 'name:en': 'Storage', 'name:ru': 'Склад', 'name:uk': 'Склад'}"
84141946,way,Unknown,,,,,51.4025657,30.0401809,"{'building': 'warehouse', 'roof:colour': 'darkgrey'}"
84759723,way,Unknown,,,,,50.4339085,30.4151871,{'building': 'warehouse'}
84841485,way,Unknown,,,,,49.7634615,31.3986496,"{'addr:housenumber': '254', 'addr:street': 'вулиця Енергетиків', 'building': 'warehouse'}"
87828505,way,Unknown,,,,,48.2652138,25.9318662,{'building': 'warehouse'}
89046716,way,Unknown,,,,,48.4667809,34.9715377,"{'addr:housenumber': '14-А', 'building': 'warehouse', 'building:levels': '1'}"
90136704,way,Unknown,,,,,48.4756402,35.0176162,{'building': 'warehouse'}
91328016,way,Наша ряба,,,,,49.9376714,36.2941226,"{'building': 'warehouse', 'name': 'Наша ряба', 'name:uk': 'Наша ряба'}"
92117286,way,Компресори та Пневматика - склад,,,,,50.0549262,36.2832878,"{'addr:housenumber': '20', 'addr:postcode': '61000', 'addr:street': 'Литвинівська вулиця', 'building': 'warehouse', 'building:levels': '1', 'internet_access': 'yes', 'name': 'Компресори та Пневматика - склад', 'name:en': 'Compressors and pneumatics - warehouse', 'name:uk': 'Компресори та Пневматика - склад', 'opening_hours': 'Mo-Fr 09:00-18:00', 'operator': 'Компресори та Пневматика', 'payment:UAH': 'yes', 'shop': 'trade', 'smoking': 'no'}"
93453561,way,Unknown,,,,,45.0347526,34.2246001,"{'building': 'warehouse', 'disused': 'yes', 'source': 'Bing', 'substance': 'gas'}"
93497165,way,Unknown,,,,,48.2885585,25.9512297,{'building': 'warehouse'}
93497180,way,Unknown,,,,,48.2887448,25.9512729,{'building': 'warehouse'}
96426086,way,ПУД  РЦ,,,,,45.2946191,34.1512251,"{'building': 'warehouse', 'name': 'ПУД  РЦ', 'source': 'Bing'}"
96708023,way,Unknown,,,,,45.0769168,33.8224132,"{'building': 'warehouse', 'source': 'Bing'}"
96796324,way,Крымская Фазенда,,,,,45.0200892,34.0455199,"{'addr:housenumber': '2А', 'addr:street': 'Внешняя улица', 'building': 'warehouse', 'name': 'Крымская Фазенда', 'name:uk': 'Кримська Фазенда', 'source': 'Bing'}"
97080684,way,Unknown,,,,,45.7164608,34.3920652,"{'building': 'warehouse', 'building:levels': '3', 'source': 'Bing'}"
98497295,way,Unknown,,,,,50.4856707,30.4372289,"{'building': 'warehouse', 'building:levels': '1'}"
99371628,way,Unknown,,,,,50.4236107,30.6242706,{'building': 'warehouse'}
100400795,way,Unknown,,,,,50.4289929,30.4016664,"{'building': 'warehouse', 'building:levels': '2', 'roof:shape': 'gabled'}"
100400798,way,Unknown,,,,,50.4301701,30.4003428,"{'building': 'warehouse', 'building:levels': '1.5', 'roof:shape': 'round'}"
100506946,way,Unknown,,,,,50.3989524,30.4083821,{'building': 'warehouse'}
100506996,way,Unknown,,,,,50.3980255,30.4072267,{'building': 'warehouse'}
100738856,way,Unknown,,,,,50.4211579,30.4490086,"{'addr:housenumber': '28а к3', 'addr:street': 'вулиця Володимира Сікевича', 'building': 'warehouse', 'building:levels': '4'}"
102884416,way,Цистерны с топливом,,,,,47.9892172,37.8756878,"{'building': 'warehouse', 'name': 'Цистерны с топливом'}"
103017151,way,Unknown,,,,,48.9557359,38.4749681,"{'addr:housenumber': '1в', 'addr:street': 'Богдана Ліщини вулиця', 'building': 'warehouse', 'building:levels': '3'}"
103928248,way,Unknown,,,,,50.3842736,30.5334404,{'building': 'warehouse'}
104221547,way,Unknown,,,,,50.4511274,30.3994388,"{'addr:housenumber': '21а', 'addr:street': 'Чистяківська вулиця', 'building': 'warehouse', 'building:levels': '2'}"
104347528,way,Unknown,,,,,50.4508795,30.4114907,{'building': 'warehouse'}
104347529,way,Unknown,,,,,50.4529753,30.4092456,"{'addr:housenumber': '12', 'addr:street': 'Дружківська вулиця', 'building': 'warehouse', 'building:levels': '1', 'building:material': 'metal'}"
104347550,way,Unknown,,,,,50.4536612,30.4108665,"{'building': 'warehouse', 'building:levels': '1'}"
104347580,way,Unknown,,,,,50.4535678,30.423054,"{'building': 'warehouse', 'building:levels': '1', 'building:material': 'metal'}"
104448450,way,Unknown,,,,,50.3856377,30.928665,"{'addr:housenumber': '38а', 'addr:street': 'Запорізька вулиця', 'building': 'warehouse', 'building:levels': '3'}"
104451851,way,СТЗ 6-7,,,,,50.3442352,30.8902562,"{'building': 'warehouse', 'name': 'СТЗ 6-7', 'name:uk': 'СТЗ 6-7'}"
104451852,way,СТЗ 1-3,,,,,50.34281,30.8900117,"{'building': 'warehouse', 'name': 'СТЗ 1-3', 'name:uk': 'СТЗ 1-3'}"
104864766,way,СК Омега-1 Логістик,,,,,50.513953,30.8507475,"{'addr:city': 'Бровари', 'addr:housenumber': '8', 'addr:street': 'Обʼїзна дорога', 'building': 'warehouse', 'name': 'СК Омега-1 Логістик', 'name:uk': 'СК Омега-1 Логістик'}"
104865242,way,Unknown,,,,,48.4279368,35.0427443,{'building': 'warehouse'}
104865244,way,Unknown,,,,,48.4282027,35.0422198,{'building': 'warehouse'}
105154498,way,Unknown,,,,,48.5330598,35.0283411,"{'addr:housenumber': '58', 'building': 'warehouse'}"
105154519,way,Unknown,,,,,48.5318655,35.0280834,"{'building': 'warehouse', 'building:levels': '1'}"
105154546,way,Unknown,,,,,48.5338676,35.0275817,{'building': 'warehouse'}
105154563,way,Unknown,,,,,48.5327821,35.0256443,"{'building': 'warehouse', 'roof:shape': 'gabled'}"
105622695,way,Unknown,,,,,48.521405,32.2824517,{'building': 'warehouse'}
105622696,way,Unknown,,,,,48.5216564,32.2813331,{'building': 'warehouse'}
105622697,way,Unknown,,,,,48.5210663,32.2805764,{'building': 'warehouse'}
105622698,way,Unknown,,,,,48.5207751,32.2817038,{'building': 'warehouse'}
105622699,way,Unknown,,,,,48.5211443,32.2782601,{'building': 'warehouse'}
105622700,way,Unknown,,,,,48.5207051,32.2783879,{'building': 'warehouse'}
105622702,way,Unknown,,,,,48.5202238,32.2786148,{'building': 'warehouse'}
105622725,way,Unknown,,,,,48.5196647,32.2776818,"{'building': 'warehouse', 'source': 'Bing'}"
105622728,way,Unknown,,,,,48.5206649,32.2754688,{'building': 'warehouse'}
105622735,way,Unknown,,,,,48.5201918,32.2759923,{'building': 'warehouse'}
105815992,way,Unknown,,,,,50.4760967,30.4006499,"{'building': 'warehouse', 'building:levels': '1'}"
106080095,way,Unknown,,,,,51.4912635,31.2750706,{'building': 'warehouse'}
106080116,way,Unknown,,,,,51.4919041,31.275912,{'building': 'warehouse'}
106082016,way,Unknown,,,,,51.5068148,31.2929142,{'building': 'warehouse'}
106107758,way,Unknown,,,,,48.4897284,35.0669759,"{'building': 'warehouse', 'building:levels': '1'}"
106157188,way,Unknown,,,,,51.4901158,31.2708931,"{'addr:housenumber': '11', 'addr:postcode': '14017', 'addr:street': 'вулиця Жабинського', 'building': 'warehouse'}"
106157195,way,Unknown,,,,,51.4893831,31.2709742,{'building': 'warehouse'}
106157202,way,Unknown,,,,,51.4896358,31.2727814,{'building': 'warehouse'}
106157231,way,Unknown,,,,,51.4886137,31.2732266,{'building': 'warehouse'}
106157235,way,Unknown,,,,,51.4896427,31.2737761,{'building': 'warehouse'}
106796455,way,Unknown,,,,,48.4917956,35.042283,{'building': 'warehouse'}
106796461,way,Unknown,,,,,48.4916438,35.0427517,{'building': 'warehouse'}
107138302,way,Unknown,,,,,50.469615,30.4637471,"{'addr:housenumber': '1', 'addr:street': 'Дорогожицька вулиця', 'building': 'warehouse', 'building:levels': '2'}"
107338933,way,Нова Пошта №14,,,,,51.4955798,31.2638642,"{'addr:housenumber': '16а', 'addr:postcode': '14021', 'addr:street': 'Старобілоуська вулиця', 'building': 'warehouse', 'name': 'Нова Пошта №14', 'name:ru': 'Новая Почта №14', 'name:uk': 'Нова Пошта №14'}"
107534186,way,Unknown,,,,,47.8847585,33.3145039,{'building': 'warehouse'}
107534231,way,Unknown,,,,,47.8851212,33.3148062,{'building': 'warehouse'}
107534247,way,Unknown,,,,,47.8843691,33.3141644,{'building': 'warehouse'}
107534701,way,Unknown,,,,,47.8862424,33.3157674,{'building': 'warehouse'}
107534791,way,Unknown,,,,,47.8869967,33.3164003,{'building': 'warehouse'}
107534827,way,Unknown,,,,,47.8855177,33.3151424,{'building': 'warehouse'}
107749824,way,Склад масел,,,,,47.8764187,33.3774024,"{'building': 'warehouse', 'name': 'Склад масел', 'name:uk': 'Склад масел'}"
108123996,way,Unknown,,,,,51.5074645,31.292345,{'building': 'warehouse'}
108124026,way,Unknown,,,,,51.5071389,31.2925733,{'building': 'warehouse'}
108168818,way,Unknown,,,,,51.507426,31.2930975,{'building': 'warehouse'}
108168831,way,Unknown,,,,,51.507137,31.2931244,{'building': 'warehouse'}
108616542,way,Unknown,,,,,49.8192516,30.0783178,"{'addr:housenumber': '6', 'addr:street': 'Гайова вулиця', 'building': 'warehouse'}"
108616545,way,Unknown,,,,,49.8193064,30.0787936,{'building': 'warehouse'}
108774169,way,Unknown,,,,,44.9365633,34.0641063,"{'addr:housenumber': '3А', 'addr:street': 'Задорожный переулок', 'building': 'warehouse', 'source': 'Bing', 'source:addr': 'ЕГРН'}"
108777045,way,Unknown,,,,,45.0330949,35.3642652,{'building': 'warehouse'}
109136606,way,Unknown,,,,,47.9933109,37.8539945,"{'addr:housenumber': '95(б)', 'addr:street': 'Павших Коммунаров проспект', 'building': 'warehouse'}"
109978254,way,Unknown,,,,,47.9932649,37.8584836,"{'addr:housenumber': '109', 'addr:street': 'Полеглих Комунарів проспект', 'building': 'warehouse'}"
109978267,way,Unknown,,,,,47.9931294,37.8577964,"{'addr:housenumber': '105', 'addr:street': 'Полеглих Комунарів проспект', 'building': 'warehouse'}"
112023961,way,Unknown,,,,,51.5185334,31.3053435,{'building': 'warehouse'}
112606840,way,Склад A,,,,,50.4548087,30.6458703,"{'building': 'warehouse', 'name': 'Склад A'}"
112606842,way,Склад B,,,,,50.4551223,30.6457219,"{'building': 'warehouse', 'name': 'Склад B'}"
112635440,way,Unknown,,,,,51.490331,31.274646,{'building': 'warehouse'}
112635478,way,Unknown,,,,,51.4913756,31.2765239,{'building': 'warehouse'}
112635485,way,Unknown,,,,,51.4909206,31.2759206,{'building': 'warehouse'}
112635501,way,Unknown,,,,,51.4891433,31.2715975,{'building': 'warehouse'}
112635526,way,Unknown,,,,,51.4894695,31.2722415,{'building': 'warehouse'}
112635548,way,Unknown,,,,,51.4918491,31.2769511,{'building': 'warehouse'}
112636275,way,Unknown,,,,,51.4969584,31.2641691,"{'addr:housenumber': '68', 'addr:postcode': '14021', 'addr:street': 'Старобілоуська вулиця', 'building': 'warehouse'}"
112636371,way,Unknown,,,,,51.4963647,31.2642114,{'building': 'warehouse'}
113120043,way,Unknown,,,,,47.9917235,37.8206871,"{'addr:housenumber': '14', 'addr:street': 'Мала Набережна вулиця', 'building': 'warehouse'}"
113575420,way,Unknown,,,,,50.4685904,30.6280013,"{'building': 'warehouse', 'building:levels': '1', 'roof:shape': 'flat'}"
113712366,way,Unknown,,,,,50.4697243,30.6454864,"{'building': 'warehouse', 'disused': 'yes'}"
113939520,way,Unknown,,,,,47.9145683,38.2085808,"{'building': 'warehouse', 'building:levels': '1'}"
113939597,way,Склади мешканців найближчих будинків,,,,,47.9150507,38.2082426,"{'building': 'warehouse', 'name': 'Склади мешканців найближчих будинків', 'name:uk': 'Склади мешканців найближчих будинків'}"
114668425,way,Unknown,,,,,50.4267659,30.5080568,"{'addr:housenumber': '32', 'addr:street': 'вулиця Івана Федорова', 'building': 'warehouse'}"
114692711,way,Unknown,,,,,50.408169,30.5090526,{'building': 'warehouse'}
115214174,way,Unknown,,,,,47.9266445,33.3855246,{'building': 'warehouse'}
115287531,way,Unknown,,,,,47.9272261,33.3856828,{'building': 'warehouse'}
115288099,way,Unknown,,,,,47.9269518,33.3859802,{'building': 'warehouse'}
116620795,way,Unknown,,,,,48.9402359,38.525043,"{'building': 'warehouse', 'building:levels': '2'}"
116969096,way,Unknown,,,,,47.887463,33.3128464,"{'abandoned:building': 'yes', 'building': 'warehouse'}"
117239921,way,Unknown,,,,,50.0646784,36.1321281,{'building': 'warehouse'}
117340910,way,Unknown,,,,,50.4697561,30.6607047,"{'building': 'warehouse', 'building:levels': '1'}"
117951396,way,Unknown,,,,,48.9755944,38.4493083,"{'addr:housenumber': '2к', 'addr:street': 'Богдана Ліщини вулиця', 'building': 'warehouse'}"
118433725,way,Unknown,,,,,44.5810131,33.4673048,"{'addr:housenumber': '1', 'addr:street': 'улица Молодых Строителей', 'building': 'warehouse'}"
118979646,way,Unknown,,,,,50.3844507,30.4683132,"{'building': 'warehouse', 'building:levels': '1', 'roof:shape': 'gambrel'}"
118979651,way,Unknown,,,,,50.3842673,30.4684799,"{'building': 'warehouse', 'building:levels': '1', 'roof:shape': 'gambrel'}"
118979652,way,Unknown,,,,,50.3840935,30.4686544,"{'building': 'warehouse', 'building:levels': '1', 'roof:shape': 'gambrel'}"
118979657,way,Unknown,,,,,50.3846276,30.4681427,"{'building': 'warehouse', 'building:levels': '1', 'roof:shape': 'gambrel'}"
119670986,way,Unknown,,,,,44.6877472,34.4032629,"{'building': 'warehouse', 'layer': '1', 'source': 'Bing', 'was:amenity': 'fuel'}"
120287636,way,Unknown,,,,,48.429201,22.7106397,"{'building': 'warehouse', 'source': 'Bing'}"
120287644,way,Unknown,,,,,48.4293085,22.7107629,"{'building': 'warehouse', 'source': 'Bing'}"
120556534,way,Unknown,,,,,48.4346577,22.6914153,"{'building': 'warehouse', 'source': 'Bing'}"
120556580,way,Unknown,,,,,48.4352696,22.6915382,"{'building': 'warehouse', 'source': 'Bing'}"
120556609,way,Unknown,,,,,48.4353445,22.6905481,"{'building': 'warehouse', 'source': 'Bing'}"
121832126,way,"Аптечна мережа ""Світа""",,,,,48.4662454,38.8066051,"{'addr:housenumber': '45', 'addr:street': 'Чапаєва вулиця', 'building': 'warehouse', 'name': 'Аптечна мережа ""Світа""', 'name:uk': 'Аптечна мережа ""Світа""'}"
121909047,way,Склад № 3,,,,,45.0281643,35.3876621,"{'building': 'warehouse', 'name': 'Склад № 3', 'name:uk': 'Склад № 3'}"
121941238,way,ДОК-24,,,,,49.9468503,36.4043285,"{'building': 'warehouse', 'building:levels': '1', 'building:material': 'metal', 'height': '12', 'name': 'ДОК-24', 'name:uk': 'ДОК-24', 'roof:colour': 'silver', 'roof:height': '9', 'roof:shape': 'round', 'start_date': '1993'}"
121941245,way,Unknown,,,,,49.9498749,36.4055279,{'building': 'warehouse'}
122243499,way,Комора,,,,,50.1573392,35.7675675,"{'building': 'warehouse', 'building:levels': '1', 'name': 'Комора', 'name:uk': 'Комора'}"
122353668,way,Unknown,,,,,44.9347812,34.0495665,"{'building': 'warehouse', 'height': '8', 'source': 'Bing'}"
122353669,way,Unknown,,,,,44.9356683,34.0496577,"{'building': 'warehouse', 'height': '8', 'roof:colour': '#C0C0C0', 'roof:shape': 'gabled', 'source': 'Bing'}"
122384707,way,Unknown,,,,,44.9369688,34.0613735,"{'addr:housenumber': '6/1', 'addr:street': 'Пищевой переулок', 'building': 'warehouse', 'source': 'Bing', 'source:addr': 'ЕГРН'}"
125337657,way,Unknown,,,,,50.6331871,26.2265825,{'building': 'warehouse'}
126214975,way,Unknown,,,,,44.7396077,33.670219,"{'building': 'warehouse', 'source': 'Bing'}"
126214978,way,Unknown,,,,,44.7402413,33.6698475,"{'building': 'warehouse', 'source': 'Bing'}"
126354742,way,Unknown,,,,,50.6338232,26.243732,{'building': 'warehouse'}
126354966,way,Unknown,,,,,50.6338631,26.2430772,{'building': 'warehouse'}
127213322,way,Unknown,,,,,48.287427,25.9508188,{'building': 'warehouse'}
127670775,way,Склад тимчасового зберігання,,,,,48.9491638,38.47067,"{'access': 'customers', 'building': 'warehouse', 'building:levels': '1', 'fee': 'yes', 'name': 'Склад тимчасового зберігання', 'name:uk': 'Склад тимчасового зберігання', 'official_name': 'Склад тимчасового зберігання ТОВ «Кабріолет»', 'official_name:en': 'Cabriolet Ltd Holding Warehouse', 'official_name:ru': 'Склад временного хранения ООО «Кабриолет»', 'operator': 'ТОВ «Кабріолет»', 'short_name': 'СТЗ'}"
128296592,way,Unknown,,,,,50.3490082,26.717529,"{'building': 'warehouse', 'building:levels': '1'}"
128393029,way,Unknown,,,,,48.8579915,37.5975716,"{'addr:housenumber': '12', 'building': 'warehouse'}"
128629376,way,Unknown,,,,,48.4495606,22.6891863,"{'addr:city': 'Мукачево', 'addr:housenumber': '167-Ж', 'addr:postcode': '89608', 'addr:street': 'Ужгородська вулиця', 'building': 'warehouse'}"
130138026,way,Склад килимів,,,,,49.4312649,26.9375712,"{'addr:housenumber': '1/1', 'addr:street': 'Польова вулиця', 'building': 'warehouse', 'name': 'Склад килимів', 'name:uk': 'Склад килимів'}"
130640552,way,Unknown,,,,,49.4014532,26.9933266,"{'addr:housenumber': '7', 'addr:street': 'провулок Петлюри', 'building': 'warehouse'}"
130733436,way,Unknown,,,,,50.451728,30.3613077,"{'addr:housenumber': '69', 'addr:street': 'Верховинна вулиця', 'building': 'warehouse', 'building:levels': '1', 'operator': 'Нова Пошта'}"
130856568,way,Unknown,,,,,49.9707891,36.1645329,{'building': 'warehouse'}
130856590,way,Склад,,,,,49.973348,36.1628298,"{'building': 'warehouse', 'name': 'Склад', 'name:uk': 'Склад'}"
130856601,way,Unknown,,,,,49.9708063,36.1636675,{'building': 'warehouse'}
130856606,way,Unknown,,,,,49.9710271,36.1641446,{'building': 'warehouse'}
130856619,way,Unknown,,,,,49.9705888,36.1648372,{'building': 'warehouse'}
131171189,way,Unknown,,,,,47.9110833,33.4273535,{'building': 'warehouse'}
131345320,way,Unknown,,,,,48.4796453,35.02118,"{'building': 'warehouse', 'building:levels': '2'}"
131345323,way,Unknown,,,,,48.4795549,35.020997,"{'building': 'warehouse', 'building:levels': '1'}"
131476054,way,Unknown,,,,,48.4796938,35.017992,{'building': 'warehouse'}
131476060,way,Unknown,,,,,48.480068,35.0181654,{'building': 'warehouse'}
131476063,way,Unknown,,,,,48.4793964,35.0176721,{'building': 'warehouse'}
132079310,way,Unknown,,,,,49.8061394,30.1257634,{'building': 'warehouse'}
132079312,way,Unknown,,,,,49.8066739,30.1243944,"{'addr:housenumber': '63', 'addr:street': 'вулиця Ярослава Мудрого', 'building': 'warehouse', 'shop': 'trade'}"
132196059,way,Unknown,,,,,47.9997912,33.4659892,"{'building': 'warehouse', 'building:levels': '1'}"
132220395,way,Unknown,,,,,49.8057749,30.1252482,"{'building': 'warehouse', 'shop': 'trade'}"
133294333,way,Unknown,,,,,49.4089763,26.9409948,"{'addr:street': 'Тернопільська вулиця', 'building': 'warehouse'}"
134105868,way,Unknown,,,,,49.4517608,26.9242587,{'building': 'warehouse'}
134105876,way,Unknown,,,,,49.4516994,26.9244338,{'building': 'warehouse'}
135871572,way,Unknown,,,,,48.5010261,35.0465662,"{'access': 'private', 'building': 'warehouse'}"
138705521,way,Unknown,,,,,49.2248342,28.4291707,{'building': 'warehouse'}
139051928,way,Unknown,,,,,50.1727332,28.8100193,{'building': 'warehouse'}
139051933,way,Unknown,,,,,50.1721813,28.8114431,{'building': 'warehouse'}
139252429,way,Unknown,,,,,50.3939575,30.4818201,"{'building': 'warehouse', 'building:material': 'metal'}"
139727709,way,Unknown,,,,,48.0461167,37.7717095,"{'building': 'warehouse', 'building:levels': '2'}"
139727717,way,Unknown,,,,,48.0480259,37.7684005,"{'building': 'warehouse', 'building:levels': '1'}"
139727722,way,Unknown,,,,,48.0451217,37.7715372,"{'building': 'warehouse', 'building:levels': '3'}"
139727725,way,Unknown,,,,,48.0440898,37.7720954,{'building': 'warehouse'}
139727728,way,Unknown,,,,,48.0481164,37.771135,"{'building': 'warehouse', 'building:levels': '2'}"
139727736,way,Unknown,,,,,48.0488701,37.7698898,"{'building': 'warehouse', 'building:levels': '1'}"
139727737,way,Unknown,,,,,48.0474936,37.7694449,{'building': 'warehouse'}
139727828,way,Unknown,,,,,48.0474163,37.7687037,{'building': 'warehouse'}
139727830,way,Unknown,,,,,48.0467976,37.7692196,{'building': 'warehouse'}
139727832,way,Unknown,,,,,48.0490973,37.7699918,"{'building': 'warehouse', 'building:levels': '1'}"
139727837,way,Unknown,,,,,48.0472819,37.7702177,{'building': 'warehouse'}
139727845,way,Unknown,,,,,48.0445766,37.7739484,"{'building': 'warehouse', 'building:levels': '1'}"
139727858,way,Unknown,,,,,48.047155,37.7689595,{'building': 'warehouse'}
139727864,way,Unknown,,,,,48.0471903,37.7727081,"{'building': 'warehouse', 'building:levels': '1'}"
139727875,way,Unknown,,,,,48.0479143,37.7689454,"{'building': 'warehouse', 'building:levels': '1'}"
139727876,way,Unknown,,,,,48.0448769,37.7735814,"{'building': 'warehouse', 'building:levels': '1'}"
139727883,way,Unknown,,,,,48.0470461,37.7690585,{'building': 'warehouse'}
139727895,way,Unknown,,,,,48.0483791,37.7696642,"{'addr:housenumber': '19', 'building': 'warehouse', 'building:levels': '1'}"
139727898,way,Unknown,,,,,48.0478179,37.7700241,{'building': 'warehouse'}
139727907,way,Unknown,,,,,48.0465312,37.7719745,"{'addr:housenumber': '24а', 'building': 'warehouse', 'building:levels': '1'}"
139727915,way,Unknown,,,,,48.0451986,37.7733656,"{'building': 'warehouse', 'building:levels': '2'}"
139727918,way,Unknown,,,,,48.0451015,37.7722668,"{'building': 'warehouse', 'building:levels': '1'}"
139727925,way,Unknown,,,,,48.0439491,37.7689136,{'building': 'warehouse'}
139727932,way,Unknown,,,,,48.0470569,37.76988,{'building': 'warehouse'}
139727939,way,Unknown,,,,,48.0449658,37.7696494,{'building': 'warehouse'}
139727943,way,Unknown,,,,,48.0470256,37.7681661,{'building': 'warehouse'}
139727944,way,Unknown,,,,,48.0469859,37.769578,{'building': 'warehouse'}
139727950,way,Unknown,,,,,48.0443556,37.771505,"{'building': 'warehouse', 'building:levels': '1'}"
139727953,way,Unknown,,,,,48.0448473,37.7697391,{'building': 'warehouse'}
139727960,way,Unknown,,,,,48.0477868,37.7679852,"{'building': 'warehouse', 'building:levels': '1'}"
139727961,way,Unknown,,,,,48.0469125,37.7705219,{'building': 'warehouse'}
139727962,way,Unknown,,,,,48.0456829,37.7699242,{'building': 'warehouse'}
139727967,way,Unknown,,,,,48.049225,37.7707451,"{'building': 'warehouse', 'building:levels': '1'}"
139727969,way,Unknown,,,,,48.0449378,37.7712022,{'building': 'warehouse'}
139727970,way,Unknown,,,,,48.0440578,37.7685319,"{'building': 'warehouse', 'building:levels': '1'}"
139727976,way,Unknown,,,,,48.0467017,37.7700101,{'building': 'warehouse'}
139727979,way,Unknown,,,,,48.0468727,37.7724412,"{'addr:housenumber': '24б', 'building': 'warehouse', 'building:levels': '2'}"
139727980,way,Unknown,,,,,48.0495049,37.7717326,"{'building': 'warehouse', 'building:levels': '2'}"
139727985,way,Unknown,,,,,48.0445364,37.7695447,{'building': 'warehouse'}
139727988,way,Unknown,,,,,48.0472574,37.7714482,"{'addr:housenumber': '24', 'building': 'warehouse', 'building:levels': '1'}"
139727994,way,Unknown,,,,,48.0464678,37.7690532,{'building': 'warehouse'}
139727995,way,Unknown,,,,,48.0446226,37.7703504,{'building': 'warehouse'}
139727997,way,Unknown,,,,,48.0492005,37.7703549,"{'building': 'warehouse', 'building:levels': '1'}"
139728000,way,Unknown,,,,,48.0461503,37.7683337,"{'building': 'warehouse', 'building:levels': '1'}"
139728005,way,Unknown,,,,,48.0478383,37.7725673,"{'building': 'warehouse', 'building:levels': '1'}"
139728006,way,Unknown,,,,,48.0493371,37.7710806,"{'building': 'warehouse', 'building:levels': '1'}"
139728007,way,Unknown,,,,,48.0448957,37.7708137,{'building': 'warehouse'}
139728010,way,Unknown,,,,,48.048448,37.7686573,"{'building': 'warehouse', 'building:levels': '1'}"
139728013,way,Unknown,,,,,48.0481092,37.7698121,"{'building': 'warehouse', 'building:levels': '1'}"
139728019,way,Unknown,,,,,48.0463558,37.7678718,"{'building': 'warehouse', 'building:levels': '2'}"
139728020,way,Unknown,,,,,48.0456891,37.7692392,"{'building': 'warehouse', 'building:levels': '2'}"
139728023,way,Unknown,,,,,48.045304,37.7728943,"{'building': 'warehouse', 'building:levels': '1'}"
139728033,way,Unknown,,,,,48.0476442,37.772074,"{'building': 'warehouse', 'building:levels': '1'}"
139728036,way,Unknown,,,,,48.0459123,37.7705749,{'building': 'warehouse'}
139728038,way,Unknown,,,,,48.0503284,37.7691463,"{'building': 'warehouse', 'building:levels': '2'}"
139728042,way,Unknown,,,,,48.0485583,37.7714261,"{'building': 'warehouse', 'building:levels': '1'}"
139728045,way,Unknown,,,,,48.0443594,37.7688398,{'building': 'warehouse'}
139728046,way,Unknown,,,,,48.0497642,37.7710177,"{'building': 'warehouse', 'building:levels': '1'}"
139834022,way,Unknown,,,,,50.4245495,30.4019298,"{'addr:housenumber': '8', 'addr:street': 'Пшенична вулиця', 'building': 'warehouse'}"
139834031,way,Unknown,,,,,50.420896,30.4016665,"{'building': 'warehouse', 'building:levels': '1.5', 'roof:shape': 'round'}"
139988972,way,Unknown,,,,,50.4831724,30.4854443,"{'building': 'warehouse', 'building:levels': '2', 'roof:shape': 'gabled'}"
140128981,way,Гюнсел,,,,,50.3970595,30.4974924,"{'building': 'warehouse', 'name': 'Гюнсел', 'name:en': 'Gunsel', 'name:uk': 'Гюнсел'}"
140144431,way,Unknown,,,,,50.4006798,30.565512,"{'addr:housenumber': '1-Б', 'addr:street': 'Інженерна вулиця', 'building': 'warehouse'}"
140227412,way,Unknown,,,,,50.4449334,30.4816391,"{'building': 'warehouse', 'building:levels': '2', 'roof:shape': 'round'}"
140227416,way,Unknown,,,,,50.4446004,30.4814722,{'building': 'warehouse'}
140234562,way,Unknown,,,,,50.4238627,30.4505816,"{'addr:housenumber': '20', 'addr:postcode': '03151', 'addr:street': 'вулиця Володимира Сікевича', 'building': 'warehouse'}"
140693328,way,Зотти,,,,,49.9652433,36.2527707,"{'building': 'warehouse', 'name': 'Зотти', 'name:uk': 'Зотти'}"
141069466,way,Unknown,,,,,49.5874883,34.5422431,{'building': 'warehouse'}
141321039,way,Unknown,,,,,49.587648,34.5436929,"{'building': 'warehouse', 'building:levels': '1'}"
141683363,way,Unknown,,,,,48.3845788,35.0276732,{'building': 'warehouse'}
141683389,way,Unknown,,,,,48.3854471,35.0300697,{'building': 'warehouse'}
141683399,way,Unknown,,,,,48.3834099,35.0310262,{'building': 'warehouse'}
141683431,way,Unknown,,,,,48.3845247,35.0294612,{'building': 'warehouse'}
141683438,way,Unknown,,,,,48.383758,35.0302612,{'building': 'warehouse'}
141683440,way,Unknown,,,,,48.3837274,35.0331438,{'building': 'warehouse'}
141683443,way,Unknown,,,,,48.3843623,35.0309365,{'building': 'warehouse'}
141683450,way,Unknown,,,,,48.3854838,35.031414,{'building': 'warehouse'}
141683462,way,Unknown,,,,,48.3838091,35.0309947,{'building': 'warehouse'}
141683497,way,Unknown,,,,,48.3840271,35.0294888,{'building': 'warehouse'}
141683515,way,Unknown,,,,,48.3842463,35.0301629,{'building': 'warehouse'}
141683516,way,Unknown,,,,,48.3831029,35.0336237,{'building': 'warehouse'}
141683533,way,Unknown,,,,,48.3833701,35.0303093,{'building': 'warehouse'}
141683596,way,Unknown,,,,,48.3851976,35.0252424,{'building': 'warehouse'}
141683641,way,Unknown,,,,,48.3838251,35.027295,{'building': 'warehouse'}
143012773,way,Unknown,,,,,49.8147724,24.0617856,"{'addr:housenumber': '147/2', 'addr:street': 'Зелена вулиця', 'building': 'warehouse', 'building:levels': '2'}"
143972783,way,Unknown,,,,,49.8153679,24.0618851,"{'addr:housenumber': '147/3', 'addr:street': 'Зелена вулиця', 'building': 'warehouse', 'building:levels': '2', 'source': 'bing'}"
144132114,way,Unknown,,,,,49.5844146,34.5537942,{'building': 'warehouse'}
145045158,way,Unknown,,,,,47.6577485,33.7100703,{'building': 'warehouse'}
146003629,way,Unknown,,,,,48.6364482,25.7398728,"{'building': 'warehouse', 'building:levels': '1'}"
146340406,way,Unknown,,,,,49.9974206,36.2221316,{'building': 'warehouse'}
146974442,way,Unknown,,,,,50.4157249,30.689374,{'building': 'warehouse'}
146974448,way,Unknown,,,,,50.4162164,30.6884986,{'building': 'warehouse'}
147032590,way,Оптовий склад солі,,,,,49.2349896,28.5070329,"{'addr:housenumber': '3в', 'addr:postcode': '21001', 'addr:street': 'Привокзальна вулиця', 'building': 'warehouse', 'building:levels': '2', 'name': 'Оптовий склад солі', 'name:ru': 'Оптовый склад соли', 'name:uk': 'Оптовий склад солі'}"
147115677,way,Unknown,,,,,49.2632924,28.5256119,{'building': 'warehouse'}
147125327,way,Unknown,,,,,48.0721316,37.7822161,{'building': 'warehouse'}
147125332,way,Unknown,,,,,48.0721599,37.7813004,{'building': 'warehouse'}
147147965,way,Unknown,,,,,50.4820144,30.4912811,"{'building': 'warehouse', 'building:levels': '2.5'}"
147147972,way,Unknown,,,,,50.4815601,30.493659,{'building': 'warehouse'}
147148013,way,Unknown,,,,,50.4813977,30.4930678,"{'building': 'warehouse', 'building:levels': '1.5', 'roof:shape': 'gabled'}"
147153500,way,Unknown,,,,,50.4946247,30.4787441,"{'building': 'warehouse', 'building:levels': '2'}"
147252708,way,Unknown,,,,,50.5159462,30.4754129,"{'building': 'warehouse', 'building:levels': '2'}"
147397608,way,Unknown,,,,,49.9544453,36.286372,"{'addr:housenumber': '13', 'addr:street': 'Морозова вулиця', 'building': 'warehouse', 'building:levels': '1', 'height': '36'}"
147405236,way,Unknown,,,,,48.1626484,37.7187941,{'building': 'warehouse'}
147405241,way,Unknown,,,,,48.1624946,37.7172675,{'building': 'warehouse'}
147411007,way,Unknown,,,,,50.4817895,30.5177535,"{'building': 'warehouse', 'building:levels': '3'}"
147412599,way,Unknown,,,,,50.4837313,30.4945432,"{'building': 'warehouse', 'building:levels': '2', 'roof:shape': 'gabled'}"
147412601,way,Unknown,,,,,50.4842814,30.4952225,"{'building': 'warehouse', 'building:levels': '1.5', 'roof:shape': 'round'}"
147412617,way,Unknown,,,,,50.4840142,30.4962747,"{'building': 'warehouse', 'building:levels': '1.5'}"
147412626,way,Unknown,,,,,50.4845735,30.4956294,"{'addr:housenumber': '8-П', 'addr:street': 'Корабельна вулиця', 'building': 'warehouse', 'building:levels': '1.5', 'roof:shape': 'round'}"
147415529,way,Unknown,,,,,50.4879897,30.4813716,"{'building': 'warehouse', 'building:levels': '2'}"
147420385,way,Unknown,,,,,50.4888203,30.494429,"{'building': 'warehouse', 'building:levels': '1', 'roof:shape': 'skillion'}"
147429754,way,Unknown,,,,,50.4846665,30.5351839,"{'building': 'warehouse', 'building:levels': '2'}"
147973550,way,Unknown,,,,,48.4171864,35.0552086,"{'building': 'warehouse', 'building:levels': '2'}"
148094114,way,Unknown,,,,,50.4919304,30.4870444,"{'addr:housenumber': '15-В', 'addr:street': 'проспект Степана Бандери', 'building': 'warehouse', 'building:levels': '1', 'roof:levels': '0'}"
148175062,way,Unknown,,,,,50.471896,30.4811611,{'building': 'warehouse'}
148208291,way,Unknown,,,,,50.4895736,30.4703625,"{'building': 'warehouse', 'building:levels': '2'}"
148209988,way,Unknown,,,,,50.493372,30.4672248,"{'building': 'warehouse', 'building:levels': '2'}"
148212892,way,Плитні матеріали,,,,,50.491782,30.4763645,"{'building': 'warehouse', 'building:levels': '1.5', 'name': 'Плитні матеріали', 'name:uk': 'Плитні матеріали', 'operator': 'Kronas', 'ref': '3'}"
148215258,way,Unknown,,,,,50.4944006,30.469585,"{'building': 'warehouse', 'building:levels': '3'}"
148216377,way,Unknown,,,,,50.4978662,30.471288,"{'building': 'warehouse', 'building:levels': '1.5'}"
148216381,way,Unknown,,,,,50.4981048,30.4717027,"{'building': 'warehouse', 'building:levels': '2'}"
148568854,way,Unknown,,,,,50.4003901,30.6132558,{'building': 'warehouse'}
149143100,way,Unknown,,,,,50.4165815,30.5983211,"{'building': 'warehouse', 'building:levels': '1'}"
149262549,way,Unknown,,,,,47.9919901,37.7732154,"{'building': 'warehouse', 'building:levels': '1', 'ref': '2'}"
149262605,way,Unknown,,,,,47.992084,37.7730845,"{'building': 'warehouse', 'building:levels': '1', 'ref': '1'}"
149262640,way,Unknown,,,,,47.9918057,37.7734949,"{'building': 'warehouse', 'building:levels': '1', 'ref': '4'}"
149262692,way,Unknown,,,,,47.9919019,37.7733406,"{'building': 'warehouse', 'building:levels': '1', 'ref': '3'}"
149480075,way,Склад МКЧХ,,,,,50.3906925,30.4021663,"{'building': 'warehouse', 'name': 'Склад МКЧХ', 'name:en': 'ICRC warehouse', 'name:ru': 'Склад МККК', 'name:uk': 'Склад МКЧХ', 'website': 'https://icrc.org/'}"
149702368,way,Unknown,,,,,50.7424071,25.3808235,"{'building': 'warehouse', 'building:levels': '2'}"
149726953,way,Unknown,,,,,50.460368,30.5963705,"{'addr:housenumber': '2-А', 'addr:postcode': '02002', 'addr:street': 'вулиця Пантелеймона Куліша', 'building': 'warehouse', 'building:levels': '4'}"
149726954,way,Unknown,,,,,50.4578188,30.5985525,"{'addr:housenumber': '2', 'addr:street': 'вулиця Пантелеймона Куліша', 'building': 'warehouse', 'building:levels': '5'}"
149732743,way,Unknown,,,,,50.4487483,30.6067312,{'building': 'warehouse'}
150355864,way,Unknown,,,,,50.4480004,30.412006,{'building': 'warehouse'}
150498785,way,Unknown,,,,,50.1657061,35.5237996,{'building': 'warehouse'}
150503611,way,Unknown,,,,,50.4846894,30.3979675,"{'addr:housenumber': '84', 'addr:street': 'Зелена вулиця', 'building': 'warehouse', 'building:levels': '2'}"
150636667,way,Unknown,,,,,50.4539622,30.4272481,"{'building': 'warehouse', 'building:material': 'metal'}"
150638091,way,Unknown,,,,,50.4504292,30.4014571,"{'building': 'warehouse', 'building:levels': '1', 'building:material': 'metal'}"
150638092,way,Unknown,,,,,50.4502049,30.401342,"{'building': 'warehouse', 'building:levels': '1', 'building:material': 'metal'}"
150638097,way,Unknown,,,,,50.4500464,30.4012123,"{'building': 'warehouse', 'building:levels': '1', 'building:material': 'metal'}"
150638102,way,Unknown,,,,,50.4533041,30.4038338,{'building': 'warehouse'}
150639027,way,Unknown,,,,,50.4545676,30.4040186,"{'addr:housenumber': '67-К', 'addr:street': 'Берестейський проспект', 'building': 'warehouse', 'building:levels': '3', 'ref': 'K'}"
150639036,way,Unknown,,,,,50.4540245,30.4030234,"{'addr:housenumber': '67-М', 'addr:street': 'Берестейський проспект', 'building': 'warehouse'}"
150639044,way,Unknown,,,,,50.4507292,30.400334,"{'building': 'warehouse', 'building:levels': '1', 'building:material': 'metal'}"
150677041,way,Заводський склад,,,,,48.5017924,34.6823117,"{'building': 'warehouse', 'name': 'Заводський склад'}"
150739007,way,Unknown,,,,,50.4464136,30.410723,{'building': 'warehouse'}
150790825,way,Unknown,,,,,48.4251501,35.0132489,{'building': 'warehouse'}
150824247,way,Механізований склад вогнетривів,,,,,48.5172361,34.624651,"{'building': 'warehouse', 'name': 'Механізований склад вогнетривів', 'name:uk': 'Механізований склад вогнетривів'}"
151203919,way,Unknown,,,,,50.4372062,30.4301096,{'building': 'warehouse'}
151225309,way,Unknown,,,,,50.4294189,30.4803923,{'building': 'warehouse'}
151330266,way,Unknown,,,,,50.4208867,30.4264406,"{'building': 'warehouse', 'building:levels': '1', 'building:material': 'brick'}"
151331414,way,Ventservice,,,,,50.4186263,30.4281107,"{'addr:housenumber': '95-Х', 'addr:street': 'Відрадний проспект', 'building': 'warehouse', 'building:levels': '1', 'name': 'Ventservice', 'name:uk': 'Ventservice', 'office': 'company'}"
151332095,way,Unknown,,,,,50.4134769,30.4254172,"{'addr:housenumber': '7', 'addr:street': 'Пост-Волинська вулиця', 'building': 'warehouse'}"
151332098,way,Unknown,,,,,50.4129589,30.4258617,"{'building': 'warehouse', 'building:levels': '1'}"
151332490,way,Unknown,,,,,50.4124844,30.4272629,"{'building': 'warehouse', 'building:levels': '1', 'building:material': 'brick'}"
151335193,way,Unknown,,,,,50.4169803,30.4274951,"{'building': 'warehouse', 'building:levels': '1'}"
151338156,way,Unknown,,,,,50.412112,30.4363259,"{'addr:housenumber': '92-А', 'addr:street': 'проспект Повітряних Сил', 'building': 'warehouse'}"
151338160,way,Unknown,,,,,50.4125018,30.4366827,{'building': 'warehouse'}
151338180,way,Unknown,,,,,50.4131295,30.4365248,{'building': 'warehouse'}
151342449,way,Unknown,,,,,50.4130399,30.4412679,{'building': 'warehouse'}
151342471,way,Unknown,,,,,50.4126561,30.4400022,{'building': 'warehouse'}
151353121,way,Unknown,,,,,50.4178722,30.4437126,{'building': 'warehouse'}
151355223,way,Unknown,,,,,50.420248,30.4434977,"{'building': 'warehouse', 'building:levels': '1.5'}"
151494520,way,Unknown,,,,,51.2373116,24.6945533,"{'addr:street': 'Брестська вулиця', 'building': 'warehouse'}"
151540074,way,Unknown,,,,,48.5023583,34.6748045,{'building': 'warehouse'}
152041041,way,Unknown,,,,,46.7508797,29.9946635,{'building': 'warehouse'}
152466354,way,Unknown,,,,,48.3942942,34.9984303,{'building': 'warehouse'}
152466356,way,Unknown,,,,,48.3941774,34.9977825,"{'addr:housenumber': '148', 'addr:street': 'проспект Богдана Хмельницького', 'building': 'warehouse', 'height': '10'}"
153346736,way,Unknown,,,,,47.8325353,37.1106092,"{'addr:housenumber': '1д', 'addr:street': 'Миру вулиця', 'building': 'warehouse', 'roof:shape': 'gabled', 'source:addr': 'kadastr'}"
153374642,way,Unknown,,,,,49.3575703,23.5426203,"{'building': 'warehouse', 'building:levels': '1'}"
153379276,way,Unknown,,,,,49.3514692,23.4922391,"{'addr:housenumber': '3', 'building': 'warehouse', 'building:levels': '2'}"
153389529,way,Unknown,,,,,49.3380881,23.5071219,"{'building': 'warehouse', 'building:levels': '1', 'roof:shape': 'round'}"
153390140,way,Unknown,,,,,49.3371581,23.5072831,{'building': 'warehouse'}
153390672,way,Unknown,,,,,49.3407754,23.5053681,"{'building': 'warehouse', 'building:levels': '1'}"
153390820,way,Unknown,,,,,49.3520578,23.5025526,{'building': 'warehouse'}
153394299,way,Unknown,,,,,49.3431201,23.5054575,"{'building': 'warehouse', 'building:levels': '1'}"
153395771,way,Unknown,,,,,49.3413658,23.5050523,"{'building': 'warehouse', 'building:levels': '1'}"
153396619,way,Unknown,,,,,49.3344264,23.5223311,"{'building': 'warehouse', 'building:levels': '1.5'}"
153401449,way,Unknown,,,,,49.2825317,23.5211256,"{'building': 'warehouse', 'building:levels': '1'}"
153401458,way,Unknown,,,,,49.3426563,23.5034156,"{'building': 'warehouse', 'building:levels': '1'}"
153431452,way,Unknown,,,,,49.3419169,23.5037665,"{'building': 'warehouse', 'building:levels': '1'}"
153436179,way,Unknown,,,,,49.3768927,23.5234582,{'building': 'warehouse'}
153437564,way,Unknown,,,,,49.3416723,23.5024784,"{'building': 'warehouse', 'building:levels': '1'}"
153444719,way,Unknown,,,,,49.3425826,23.5025139,"{'building': 'warehouse', 'building:levels': '1'}"
153450002,way,Unknown,,,,,49.3407824,23.5030317,"{'building': 'warehouse', 'building:levels': '1'}"
153452153,way,Гуртівня будівельних матеріалів,,,,,49.2938542,23.4184825,"{'building': 'warehouse', 'name': 'Гуртівня будівельних матеріалів', 'name:uk': 'Гуртівня будівельних матеріалів', 'shop': 'wholesale'}"
153454903,way,Unknown,,,,,49.3424687,23.5057195,"{'building': 'warehouse', 'building:levels': '1'}"
153460676,way,Unknown,,,,,49.3410858,23.5038307,"{'building': 'warehouse', 'building:levels': '1'}"
153700477,way,Unknown,,,,,50.4603483,30.638232,{'building': 'warehouse'}
153700479,way,Unknown,,,,,50.4588128,30.6408547,"{'addr:housenumber': '1А к11', 'addr:street': 'вулиця Якова Гніздовського', 'building': 'warehouse', 'ref': '11'}"
153700487,way,Ніксел,,,,,50.4584881,30.6410923,"{'building': 'warehouse', 'name': 'Ніксел', 'name:uk': 'Ніксел', 'ref': '10', 'website': 'https://elektromagazin.kiev.ua'}"
153724232,way,Unknown,,,,,50.4464165,30.6497935,{'building': 'warehouse'}
153724235,way,Unknown,,,,,50.4468236,30.652932,"{'building': 'warehouse', 'building:levels': '2', 'building:material': 'brick'}"
153724240,way,Unknown,,,,,50.4461352,30.6523513,"{'building': 'warehouse', 'building:levels': '4', 'building:material': 'brick'}"
153728429,way,Unknown,,,,,50.4459121,30.6509246,{'building': 'warehouse'}
153804593,way,Unknown,,,,,50.4643857,30.6509397,"{'building': 'warehouse', 'building:levels': '1', 'building:material': 'metal', 'roof:levels': '1', 'roof:material': 'metal', 'roof:shape': 'gabled'}"
153825127,way,Технотон Енерго,,,,,50.4581147,30.6413487,"{'building': 'warehouse', 'name': 'Технотон Енерго', 'name:uk': 'Технотон Енерго', 'ref': '35', 'website': 'http://ttn.com.ua'}"
153825134,way,Unknown,,,,,50.4583352,30.6402124,{'building': 'warehouse'}
155006679,way,Unknown,,,,,50.4044758,30.5537766,"{'building': 'warehouse', 'building:levels': '1.5'}"
155911328,way,Unknown,,,,,49.8153843,24.0643075,"{'building': 'warehouse', 'building:levels': '2'}"
156007037,way,Unknown,,,,,49.8173634,24.0679059,{'building': 'warehouse'}
156009577,way,Unknown,,,,,49.8176009,24.0672474,{'building': 'warehouse'}
156011429,way,Unknown,,,,,49.8172132,24.0673383,{'building': 'warehouse'}
156013058,way,Unknown,,,,,49.8176651,24.0679015,{'building': 'warehouse'}
156014056,way,Склад № 14,,,,,49.8150031,24.0629185,"{'addr:postcode': '79035', 'addr:street': 'Зелена вулиця', 'building': 'warehouse', 'building:levels': '3', 'name': 'Склад № 14', 'name:uk': 'Склад № 14'}"
156014479,way,Unknown,,,,,49.8141648,24.063386,"{'addr:housenumber': '147', 'addr:street': 'Зелена вулиця', 'building': 'warehouse', 'building:levels': '2'}"
156338918,way,Unknown,,,,,49.8126257,24.0706524,"{'addr:housenumber': '1', 'addr:postcode': '79035', 'addr:street': 'вулиця Дениса Січинського', 'building': 'warehouse'}"
156338921,way,Unknown,,,,,49.8126273,24.071414,{'building': 'warehouse'}
156498616,way,Unknown,,,,,49.8125698,24.0722309,{'building': 'warehouse'}
156927097,way,Склад зерна Житниця України,,,,,47.7358278,33.1395742,"{'addr:postcode': '53720', 'addr:street': 'вулиця Мацюци', 'building': 'warehouse', 'name': 'Склад зерна Житниця України', 'name:uk': 'Склад зерна Житниця України'}"
158474157,way,Unknown,,,,,50.4126745,30.6515393,"{'addr:housenumber': '1м', 'addr:street': 'вулиця Архітектора Вербицького', 'building': 'warehouse', 'building:levels': '2'}"
158474162,way,Unknown,,,,,50.4118687,30.6520625,"{'building': 'warehouse', 'building:levels': '2'}"
158474164,way,Unknown,,,,,50.4128827,30.6513421,"{'building': 'warehouse', 'building:levels': '2'}"
158474590,way,Unknown,,,,,50.4111601,30.6525818,"{'building': 'warehouse', 'building:levels': '2'}"
158474591,way,Unknown,,,,,50.4111967,30.6521965,"{'building': 'warehouse', 'building:levels': '2'}"
159679081,way,Unknown,,,,,45.3340905,28.8270231,"{'building': 'warehouse', 'roof:colour': 'grey', 'roof:levels': '1', 'roof:material': 'eternit', 'roof:shape': 'gabled'}"
159679082,way,Склад №1,,,,,45.3342923,28.8260775,"{'addr:housenumber': '2', 'addr:street': 'Портова вулиця', 'building': 'warehouse', 'name': 'Склад №1', 'name:en': 'Warehouse 1', 'name:pt': 'Armazém 1', 'name:ru': 'Склад №1', 'name:uk': 'Склад №1', 'ref': '3'}"
159679085,way,Склад №8,,,,,45.3304767,28.8302393,"{'building': 'warehouse', 'name': 'Склад №8', 'name:en': 'Warehouse 8', 'name:pt': 'Armazém 8', 'name:ru': 'Склад №8', 'name:uk': 'Склад №8', 'ref': '8'}"
159679087,way,Склад №7,,,,,45.3319639,28.830191,"{'addr:housenumber': '10', 'addr:street': 'Портова вулиця', 'building': 'warehouse', 'name': 'Склад №7', 'name:en': 'Warehouse 7', 'name:pt': 'Armazém 7', 'name:ru': 'Склад №7', 'name:uk': 'Склад №7', 'ref': '7'}"
159679089,way,Склад №10,,,,,45.3299586,28.8317405,"{'building': 'warehouse', 'colour': 'grey', 'material': 'corrugated_metal', 'name': 'Склад №10', 'name:en': 'Warehouse 10', 'name:pt': 'Armazém 10', 'name:ru': 'Склад №10', 'name:uk': 'Склад №10', 'ref': '10', 'roof:colour': 'grey', 'roof:material': 'metal', 'roof:shape': 'gabled'}"
159679090,way,Склад №3,,,,,45.3322553,28.8289186,"{'building': 'warehouse', 'name': 'Склад №3', 'name:en': 'Warehouse 3', 'name:pt': 'Armazém 3', 'name:ru': 'Склад №3', 'name:uk': 'Склад №3', 'ref': '3'}"
159975855,way,Unknown,,,,,45.3568075,28.8248731,"{'building': 'warehouse', 'building:levels': '1.5', 'material': 'brick', 'roof:colour': 'grey', 'roof:levels': '0.5', 'roof:material': 'eternit', 'roof:shape': 'gabled'}"
160131174,way,Unknown,,,,,45.3611257,28.8093963,{'building': 'warehouse'}
160131176,way,Unknown,,,,,45.3609438,28.8094381,{'building': 'warehouse'}
160131187,way,Unknown,,,,,45.3611619,28.8091029,{'building': 'warehouse'}
160567998,way,Склад № 5,,,,,45.3392382,28.8011772,"{'building': 'warehouse', 'name': 'Склад № 5', 'name:en': 'Warehouse 5', 'name:ru': 'Склад № 5', 'name:uk': 'Склад № 5', 'ref': '5'}"
160568080,way,Unknown,,,,,45.33888,28.8019105,{'building': 'warehouse'}
160709865,way,Unknown,,,,,45.3197249,28.851776,{'building': 'warehouse'}
160709902,way,Unknown,,,,,45.3224534,28.8595051,"{'building': 'warehouse', 'building:levels': '2', 'roof:colour': 'lightgrey', 'roof:levels': '1', 'roof:shape': 'gabled'}"
160729748,way,Unknown,,,,,50.4637034,30.4513784,{'building': 'warehouse'}
161182877,way,Unknown,,,,,49.9569168,36.2698982,{'building': 'warehouse'}
161182886,way,Unknown,,,,,49.9562436,36.2701025,{'building': 'warehouse'}
161182896,way,Unknown,,,,,49.9565815,36.2700316,{'building': 'warehouse'}
161182900,way,Unknown,,,,,49.9562058,36.2708705,{'building': 'warehouse'}
161962749,way,Unknown,,,,,50.4638243,30.3725954,"{'building': 'warehouse', 'building:levels': '2'}"
162705670,way,Unknown,,,,,49.834239,23.9963021,{'building': 'warehouse'}
164608849,way,Unknown,,,,,49.9592146,36.2708982,{'building': 'warehouse'}
164608853,way,Unknown,,,,,49.9579598,36.2713147,{'building': 'warehouse'}
164608864,way,Unknown,,,,,49.9585386,36.2703614,"{'addr:housenumber': 'ТМ Шоколадно', 'addr:street': 'Каштанова вулиця', 'building': 'warehouse'}"
164608878,way,Unknown,,,,,49.9587258,36.2696473,{'building': 'warehouse'}
164608882,way,Unknown,,,,,49.959205,36.2694564,{'building': 'warehouse'}
164608892,way,Unknown,,,,,49.959094,36.270274,{'building': 'warehouse'}
164608896,way,Unknown,,,,,49.9587683,36.2708688,{'building': 'warehouse'}
164610113,way,Unknown,,,,,49.9538658,36.2741118,{'building': 'warehouse'}
164610122,way,Unknown,,,,,49.9547187,36.2707309,{'building': 'warehouse'}
164756093,way,ТОВ «УВК Україна»,,,,,49.8790037,24.0727773,"{'addr:housenumber': '2а', 'building': 'warehouse', 'description': '""УВК Україна"" - національний логістичний 3PL оператор. Послуги: складські послуги, Доставка вантажів, автоперевезення (Україні, Міжнародні), Митно-брокерські послуги, Додаткові логістичні послуги, аутсорсинг логістичних послуг, Логістичний консалтинг', 'layer': '1', 'name': 'ТОВ «УВК Україна»', 'name:uk': 'ТОВ «УВК Україна»'}"
164956800,way,"Приватне підприємство ""Вітер""",,,,,51.5261841,31.2491501,"{'addr:housenumber': '22В', 'addr:postcode': '14037', 'addr:street': 'Інструментальна вулиця', 'building': 'warehouse', 'name': 'Приватне підприємство ""Вітер""', 'name:uk': 'Приватне підприємство ""Вітер""', 'start_date': '05.11.1998'}"
165265112,way,Unknown,,,,,49.8171236,24.0627418,"{'addr:housenumber': '145 к11', 'addr:street': 'Зелена вулиця', 'building': 'warehouse', 'building:levels': '1'}"
165839136,way,Unknown,,,,,50.2806025,31.7815725,"{'building': 'warehouse', 'building:levels': '2'}"
166999837,way,Unknown,,,,,46.6932933,35.4439921,{'building': 'warehouse'}
166999839,way,Unknown,,,,,46.6931273,35.4438705,{'building': 'warehouse'}
167348526,way,Unknown,,,,,49.962605,36.2596499,{'building': 'warehouse'}
168058752,way,Unknown,,,,,49.0991617,25.9286181,"{'building': 'warehouse', 'building:levels': '1', 'roof:levels': '0'}"
168165251,way,Unknown,,,,,50.2450357,31.8152968,"{'building': 'warehouse', 'height': '15'}"
168651320,way,Unknown,,,,,49.5791634,34.5536558,"{'building': 'warehouse', 'building:levels': '1'}"
168867688,way,Склади «Вест-Лайн Дистрибьюшн»,,,,,50.5235859,30.6322644,"{'building': 'warehouse', 'name': 'Склади «Вест-Лайн Дистрибьюшн»', 'name:uk': 'Склади «Вест-Лайн Дистрибьюшн»'}"
169963498,way,Unknown,,,,,48.5183492,32.2493036,"{'building': 'warehouse', 'building:levels': '1', 'craft': 'hvac'}"
170959062,way,Unknown,,,,,49.6638004,25.7755503,{'building': 'warehouse'}
170959133,way,Unknown,,,,,49.6637846,25.7757721,{'building': 'warehouse'}
171713447,way,Unknown,,,,,48.516192,35.2320604,"{'building': 'warehouse', 'building:levels': '1'}"
171740623,way,Unknown,,,,,47.2540897,37.4467481,{'building': 'warehouse'}
171740624,way,Unknown,,,,,47.254892,37.4471882,{'building': 'warehouse'}
171740625,way,Unknown,,,,,47.2544739,37.4466384,{'building': 'warehouse'}
171815182,way,Unknown,,,,,48.5172532,35.2338583,"{'building': 'warehouse', 'building:levels': '1'}"
171856874,way,Unknown,,,,,50.2672364,24.6167842,{'building': 'warehouse'}
171856891,way,Unknown,,,,,50.2675072,24.6164501,{'building': 'warehouse'}
171906114,way,Unknown,,,,,50.2947027,24.6334907,{'building': 'warehouse'}
171906123,way,Unknown,,,,,50.295129,24.6343185,{'building': 'warehouse'}
172037042,way,Unknown,,,,,48.5175139,35.232069,"{'building': 'warehouse', 'building:levels': '1'}"
172037043,way,Unknown,,,,,48.5175943,35.2335377,"{'building': 'warehouse', 'building:levels': '1'}"
172226379,way,Unknown,,,,,48.5163609,35.2303049,{'building': 'warehouse'}
172226382,way,Unknown,,,,,48.5168403,35.2298423,"{'abandoned': 'yes', 'building': 'warehouse'}"
172226387,way,Unknown,,,,,48.5171084,35.229184,{'building': 'warehouse'}
172229464,way,Unknown,,,,,48.5129877,35.2348298,{'building': 'warehouse'}
172229465,way,Unknown,,,,,48.5128856,35.2349249,{'building': 'warehouse'}
172229467,way,Unknown,,,,,48.5131844,35.2346432,{'building': 'warehouse'}
172229468,way,Unknown,,,,,48.5130885,35.2347347,{'building': 'warehouse'}
172498121,way,Unknown,,,,,45.2194079,33.380466,{'building': 'warehouse'}
172683584,way,Unknown,,,,,49.7656582,24.0887075,"{'addr:housenumber': '25', 'addr:street': 'Кільцева вулиця', 'building': 'warehouse'}"
173560305,way,Unknown,,,,,49.0564778,24.2990592,{'building': 'warehouse'}
173561468,way,Unknown,,,,,49.0522354,24.3004221,{'building': 'warehouse'}
173561474,way,Unknown,,,,,49.0521275,24.3020582,{'building': 'warehouse'}
173736011,way,Unknown,,,,,46.1994782,30.3537612,{'building': 'warehouse'}
174680679,way,Unknown,,,,,50.44304,30.3619157,"{'building': 'warehouse', 'building:levels': '2'}"
174687767,way,Unknown,,,,,50.4431277,30.3657286,"{'building': 'warehouse', 'building:levels': '1.5'}"
175741202,way,Unknown,,,,,49.2215186,34.732284,"{'building': 'warehouse', 'building:levels': '1'}"
175968646,way,Unknown,,,,,48.0580845,37.7665234,"{'building': 'warehouse', 'building:levels': '1'}"
177154943,way,Unknown,,,,,49.9589013,36.2689064,"{'addr:housenumber': '29', 'building': 'warehouse', 'building:levels': '1', 'roof:shape': 'hipped'}"
179541166,way,Unknown,,,,,48.1502455,37.7317595,{'building': 'warehouse'}
181582204,way,Unknown,,,,,49.9935316,36.2428258,"{'addr:housenumber': '21', 'building': 'warehouse', 'building:levels': '1', 'roof:shape': 'gabled'}"
181587673,way,Unknown,,,,,50.0450591,36.2049641,"{'addr:housenumber': '38а', 'building': 'warehouse', 'building:entrances': '1', 'building:levels': '2'}"
182667934,way,Unknown,,,,,46.3947348,30.70856,"{'addr:housenumber': '101а', 'addr:postcode': '65104', 'building': 'warehouse'}"
183322885,way,Комора,,,,,48.7593376,32.0854308,"{'building': 'warehouse', 'name': 'Комора', 'name:uk': 'Комора'}"
183352808,way,"ДП ""ФМ ЛОЖІСТІК ДНІПРО""",,,,,50.428369,30.9365882,"{'addr:city': 'Дударков', 'addr:housenumber': '2/2', 'addr:postcode': '08330', 'addr:street': 'вулиця Незалежності', 'building': 'warehouse', 'height': '15', 'name': 'ДП ""ФМ ЛОЖІСТІК ДНІПРО""', 'name:ru': 'ФМ Логистик', 'name:uk': 'ДП ""ФМ ЛОЖІСТІК ДНІПРО""'}"
183418642,way,Unknown,,,,,49.9988941,36.2217283,"{'addr:housenumber': '6', 'building': 'warehouse', 'building:entrances': '1', 'building:levels': '2'}"
183604352,way,Unknown,,,,,51.9971878,31.1378401,{'building': 'warehouse'}
183604365,way,Unknown,,,,,51.9977162,31.1396322,{'building': 'warehouse'}
183604376,way,Unknown,,,,,51.9960958,31.1406343,{'building': 'warehouse'}
183604395,way,Unknown,,,,,51.9933519,31.1348763,{'building': 'warehouse'}
183604402,way,Unknown,,,,,51.9973963,31.1367497,{'building': 'warehouse'}
183604411,way,Unknown,,,,,51.9948279,31.1368857,{'building': 'warehouse'}
183604417,way,Unknown,,,,,51.9975728,31.1396949,{'building': 'warehouse'}
183604424,way,Unknown,,,,,51.9940607,31.1353074,{'building': 'warehouse'}
183604425,way,Unknown,,,,,51.9959993,31.1386397,{'building': 'warehouse'}
183604434,way,Unknown,,,,,51.9943215,31.1362137,{'building': 'warehouse'}
183604437,way,Unknown,,,,,51.9977921,31.1371056,{'building': 'warehouse'}
183608248,way,Unknown,,,,,51.9917894,31.1328372,{'building': 'warehouse'}
183608250,way,Unknown,,,,,51.9921131,31.1332508,{'building': 'warehouse'}
183608252,way,Unknown,,,,,51.9913128,31.1322966,{'building': 'warehouse'}
183608257,way,Unknown,,,,,51.9915687,31.1325188,{'building': 'warehouse'}
184322440,way,Unknown,,,,,51.9994937,31.2004073,{'building': 'warehouse'}
184322442,way,Unknown,,,,,52.0010245,31.1984947,{'building': 'warehouse'}
184322449,way,Unknown,,,,,51.9983484,31.203213,{'building': 'warehouse'}
184322452,way,Unknown,,,,,52.0024486,31.1965183,{'building': 'warehouse'}
184322460,way,Unknown,,,,,51.9999643,31.1995625,{'building': 'warehouse'}
184322470,way,Unknown,,,,,52.0029163,31.199596,{'building': 'warehouse'}
184322472,way,Unknown,,,,,52.0004493,31.2021669,{'building': 'warehouse'}
184322474,way,Unknown,,,,,52.0010616,31.2011946,{'building': 'warehouse'}
184322477,way,Unknown,,,,,52.0024486,31.1947747,{'building': 'warehouse'}
184322486,way,Unknown,,,,,51.9994176,31.1998119,{'building': 'warehouse'}
184322489,way,Unknown,,,,,52.0009348,31.2003105,{'building': 'warehouse'}
184322496,way,Unknown,,,,,52.0024387,31.1933907,{'building': 'warehouse'}
184322500,way,Unknown,,,,,51.9980858,31.2028441,{'building': 'warehouse'}
184322521,way,Unknown,,,,,52.0024932,31.1955264,{'building': 'warehouse'}
184329632,way,Unknown,,,,,51.9739656,31.1855705,{'building': 'warehouse'}
184329642,way,Unknown,,,,,51.9742126,31.1861836,{'building': 'warehouse'}
184493321,way,Unknown,,,,,52.0135378,31.1058541,{'building': 'warehouse'}
184493325,way,Unknown,,,,,52.0117368,31.1057464,{'building': 'warehouse'}
184493328,way,Unknown,,,,,52.0164647,31.1052883,{'building': 'warehouse'}
184493331,way,Unknown,,,,,52.0118564,31.106518,{'building': 'warehouse'}
184493339,way,Unknown,,,,,52.0161494,31.1046794,{'building': 'warehouse'}
184493346,way,Unknown,,,,,52.013186,31.1032868,{'building': 'warehouse'}
184493380,way,Unknown,,,,,52.0133298,31.1052574,{'building': 'warehouse'}
184493387,way,Unknown,,,,,52.0131941,31.1036846,{'building': 'warehouse'}
184493390,way,Unknown,,,,,52.0158069,31.1051581,{'building': 'warehouse'}
184493395,way,Unknown,,,,,52.0137273,31.1046525,{'building': 'warehouse'}
184493401,way,Unknown,,,,,52.0125052,31.1059146,{'building': 'warehouse'}
184493403,way,Unknown,,,,,52.0167909,31.1055846,{'building': 'warehouse'}
184493422,way,Unknown,,,,,52.0014439,31.1257059,{'building': 'warehouse'}
184493435,way,Unknown,,,,,52.0167408,31.1047076,{'building': 'warehouse'}
184493437,way,Unknown,,,,,52.0147538,31.1042907,{'building': 'warehouse'}
184493446,way,Unknown,,,,,52.0121981,31.1062672,{'building': 'warehouse'}
184493448,way,Unknown,,,,,52.0119026,31.1066899,{'building': 'warehouse'}
184493449,way,Unknown,,,,,52.0136402,31.1047169,{'building': 'warehouse'}
184497511,way,Unknown,,,,,52.0188471,31.1048546,{'building': 'warehouse'}
184497512,way,Unknown,,,,,52.0174163,31.1056838,{'building': 'warehouse'}
184497519,way,Unknown,,,,,52.019936,31.1053795,{'building': 'warehouse'}
184497526,way,Unknown,,,,,52.0193018,31.1049351,{'building': 'warehouse'}
184497529,way,Unknown,,,,,52.0196743,31.1054947,{'building': 'warehouse'}
184497536,way,Unknown,,,,,52.0196677,31.1048014,{'building': 'warehouse'}
184497541,way,Unknown,,,,,52.0209246,31.1045636,{'building': 'warehouse'}
184497550,way,Unknown,,,,,52.0173503,31.1047531,{'building': 'warehouse'}
184497553,way,Unknown,,,,,52.0191891,31.1047893,{'building': 'warehouse'}
184497555,way,Unknown,,,,,52.017609,31.1056794,{'building': 'warehouse'}
184497556,way,Unknown,,,,,52.0172545,31.1056946,{'building': 'warehouse'}
184497565,way,Unknown,,,,,52.0181855,31.1054988,{'building': 'warehouse'}
184497573,way,Unknown,,,,,52.0188904,31.1047231,{'building': 'warehouse'}
184497574,way,Unknown,,,,,52.0211046,31.1040982,{'building': 'warehouse'}
184497581,way,Unknown,,,,,52.0205252,31.1047129,{'building': 'warehouse'}
184540324,way,Unknown,,,,,50.9008995,34.8380612,"{'addr:housenumber': '15', 'addr:street': 'Лінійна вулиця', 'building': 'warehouse'}"
184592068,way,Unknown,,,,,51.9376624,31.0848612,{'building': 'warehouse'}
184592296,way,Unknown,,,,,51.937354,31.0851797,{'building': 'warehouse'}
184592300,way,Unknown,,,,,51.9376293,31.0858489,{'building': 'warehouse'}
184875174,way,Unknown,,,,,48.0608847,37.7716515,"{'addr:housenumber': '15', 'addr:street': 'Єрьоменка вулиця', 'building': 'warehouse', 'building:levels': '1'}"
185423329,way,Склад «Інтер-стиль»,,,,,48.8800233,30.7109888,"{'addr:street': 'Майданецька вулиця', 'building': 'warehouse', 'name': 'Склад «Інтер-стиль»', 'name:uk': 'Склад «Інтер-стиль»'}"
186139067,way,Склад плитки,,,,,49.8630773,24.0469814,"{'addr:housenumber': '60', 'addr:postcode': '79024', 'addr:street': 'Промислова вулиця', 'building': 'warehouse', 'building:levels': '3', 'name': 'Склад плитки'}"
186658643,way,Unknown,,,,,51.9168291,30.9643502,{'building': 'warehouse'}
186658649,way,Unknown,,,,,51.9146016,30.9577853,{'building': 'warehouse'}
186658651,way,Unknown,,,,,51.915439,30.96619,{'building': 'warehouse'}
186658652,way,Unknown,,,,,51.9169372,30.9649,{'building': 'warehouse'}
186658657,way,Unknown,,,,,51.9162014,30.9646794,{'building': 'warehouse'}
186658664,way,Unknown,,,,,51.9167152,30.9648582,{'building': 'warehouse'}
186658666,way,Unknown,,,,,51.9182249,30.9653041,{'building': 'warehouse'}
186658676,way,Unknown,,,,,51.917014,30.9688802,{'building': 'warehouse'}
186658685,way,Unknown,,,,,51.9183662,30.9671732,{'building': 'warehouse'}
186658687,way,Unknown,,,,,51.9178069,30.9682226,{'building': 'warehouse'}
186658704,way,Unknown,,,,,51.9196665,30.9651495,{'building': 'warehouse'}
186658707,way,Unknown,,,,,51.9188319,30.9707273,{'building': 'warehouse'}
186658708,way,Unknown,,,,,51.9164291,30.965222,{'building': 'warehouse'}
186658716,way,Unknown,,,,,51.9156914,30.9661412,{'building': 'warehouse'}
186658721,way,Unknown,,,,,51.9186122,30.9699171,{'building': 'warehouse'}
186658736,way,Unknown,,,,,51.9171584,30.9650253,{'building': 'warehouse'}
186658740,way,Unknown,,,,,51.9190881,30.9665244,{'building': 'warehouse'}
186925501,way,Unknown,,,,,48.650257,38.3638043,{'building': 'warehouse'}
186925505,way,Unknown,,,,,48.6500727,38.3645714,{'building': 'warehouse'}
186939681,way,Unknown,,,,,52.0317083,31.0848364,{'building': 'warehouse'}
186939683,way,Unknown,,,,,52.0326654,31.0831664,{'building': 'warehouse'}
186939688,way,Unknown,,,,,52.0364192,31.0791023,{'building': 'warehouse'}
186939720,way,Unknown,,,,,52.0364806,31.078524,{'building': 'warehouse'}
186939732,way,Unknown,,,,,52.0337849,31.0819705,{'building': 'warehouse'}
186939739,way,Unknown,,,,,52.032186,31.08546,{'building': 'warehouse'}
186939745,way,Unknown,,,,,52.0322231,31.0836053,{'building': 'warehouse'}
186939754,way,Unknown,,,,,52.031644,31.0857456,{'building': 'warehouse'}
186939756,way,Unknown,,,,,52.0326029,31.0833571,{'building': 'warehouse'}
186939757,way,Unknown,,,,,52.0360463,31.0795832,{'building': 'warehouse'}
186939759,way,Unknown,,,,,52.0321423,31.0846952,{'building': 'warehouse'}
186939762,way,Unknown,,,,,52.0317141,31.0846084,{'building': 'warehouse'}
186939764,way,Unknown,,,,,52.0354902,31.0806938,{'building': 'warehouse'}
186939767,way,Unknown,,,,,52.0344994,31.0813321,{'building': 'warehouse'}
186939797,way,Unknown,,,,,52.0320994,31.0845199,{'building': 'warehouse'}
186939801,way,Unknown,,,,,52.0359292,31.0799689,{'building': 'warehouse'}
186939809,way,Unknown,,,,,52.0310955,31.08739,{'building': 'warehouse'}
186939822,way,Unknown,,,,,52.0312859,31.0865096,{'building': 'warehouse'}
187251229,way,Unknown,,,,,52.0324345,31.0843158,{'building': 'warehouse'}
187251246,way,Unknown,,,,,52.033598,31.0830615,{'building': 'warehouse'}
187251267,way,Unknown,,,,,52.0360337,31.0802009,{'building': 'warehouse'}
187251279,way,Unknown,,,,,52.032321,31.0841934,{'building': 'warehouse'}
187426824,way,Unknown,,,,,49.8150475,23.923153,"{'building': 'warehouse', 'operator': 'ТОВ ""Кальві""'}"
188281228,way,Unknown,,,,,48.5373632,35.0660075,{'building': 'warehouse'}
188470990,way,Unknown,,,,,46.4116513,33.094613,"{'building': 'warehouse', 'source': 'Bing'}"
188472096,way,Unknown,,,,,44.9348255,34.0501269,"{'addr:housenumber': '12', 'addr:street': 'улица Героев Сталинграда', 'building': 'warehouse', 'height': '6', 'source': 'Bing', 'source:addr': 'ЕГРН'}"
188599417,way,Unknown,,,,,48.4343193,34.9525181,"{'addr:housenumber': '21', 'addr:street': 'Криворізьке шосе', 'building': 'warehouse'}"
190979830,way,Склад магазину Євродім,,,,,48.8897884,30.696299,"{'building': 'warehouse', 'name': 'Склад магазину Євродім', 'name:uk': 'Склад магазину Євродім'}"
192393911,way,Unknown,,,,,49.3658884,23.5131434,"{'building': 'warehouse', 'building:levels': '1'}"
192657584,way,Unknown,,,,,48.5123163,35.2461028,{'building': 'warehouse'}
192657594,way,Unknown,,,,,48.5121816,35.2462158,{'building': 'warehouse'}
192657604,way,Unknown,,,,,48.511965,35.245391,{'building': 'warehouse'}
193451550,way,Unknown,,,,,49.9008568,28.589923,{'building': 'warehouse'}
193714908,way,Unknown,,,,,51.48928,31.2742745,{'building': 'warehouse'}
194515934,way,Unknown,,,,,49.93043,34.772309,{'building': 'warehouse'}
196078236,way,Unknown,,,,,50.3654477,30.5016145,{'building': 'warehouse'}
196078245,way,Unknown,,,,,50.3657053,30.5017007,{'building': 'warehouse'}
196078247,way,Unknown,,,,,50.365976,30.5016244,{'building': 'warehouse'}
196275519,way,Unknown,,,,,50.595024,30.4345129,"{'addr:housenumber': '6', 'building': 'warehouse', 'building:levels': '2', 'description': 'промисловий майданчик'}"
196704400,way,Unknown,,,,,50.3861481,30.3847107,"{'building': 'warehouse', 'building:levels': '1'}"
196704402,way,Unknown,,,,,50.3868631,30.3797778,{'building': 'warehouse'}
197510481,way,Unknown,,,,,48.2870531,25.9490861,"{'addr:housenumber': '100-А', 'building': 'warehouse'}"
197525832,way,Unknown,,,,,49.8126939,24.0778732,"{'building': 'warehouse', 'building:levels': '1'}"
197568723,way,Unknown,,,,,48.8797603,30.7121169,{'building': 'warehouse'}
197845726,way,Unknown,,,,,48.5076706,35.0802943,"{'addr:housenumber': '6', 'addr:street': 'Яскрава вулиця', 'building': 'warehouse', 'building:levels': '1'}"
198295990,way,Склад макулатури картонного виробництва Київського КПК,,,,,50.1352653,30.6747229,"{'building': 'warehouse', 'name': 'Склад макулатури картонного виробництва Київського КПК', 'name:ru': 'Склад макулатуры картонного производства Киевского КБК', 'name:uk': 'Склад макулатури картонного виробництва Київського КПК'}"
199300539,way,Склад сірки,,,,,50.8762349,34.8979019,"{'building': 'warehouse', 'name': 'Склад сірки', 'name:uk': 'Склад сірки'}"
199301765,way,Unknown,,,,,50.5398056,30.2236525,{'building': 'warehouse'}
199301769,way,Unknown,,,,,50.5398419,30.2238154,{'building': 'warehouse'}
199355667,way,Unknown,,,,,48.0312703,37.9550048,{'building': 'warehouse'}
199403921,way,Unknown,,,,,49.0407352,23.5106548,{'building': 'warehouse'}
199612507,way,Unknown,,,,,44.6480592,33.5852206,"{'addr:housenumber': '15', 'addr:street': 'улица Энергетиков', 'building': 'warehouse', 'building:levels': '1', 'description': 'Фруктохранилище'}"
200081730,way,Unknown,,,,,46.39071,30.7099453,"{'addr:housenumber': '86', 'addr:postcode': '65104', 'building': 'warehouse'}"
200299299,way,Unknown,,,,,49.2393199,30.1085429,{'building': 'warehouse'}
200300327,way,Unknown,,,,,49.2428606,30.0988768,{'building': 'warehouse'}
200300331,way,Unknown,,,,,49.2427014,30.0995081,{'building': 'warehouse'}
200300333,way,Unknown,,,,,49.2421366,30.1016606,{'building': 'warehouse'}
200361040,way,Unknown,,,,,46.3893607,30.7090905,{'building': 'warehouse'}
200854507,way,Корпус 1,,,,,50.4365896,30.3092616,"{'building': 'warehouse', 'building:levels': '1', 'height': '13', 'landuse': 'industrial', 'name': 'Корпус 1', 'name:uk': 'Корпус 1'}"
200854509,way,Unknown,,,,,50.4403586,30.3036173,"{'addr:city': 'Чайки', 'addr:housenumber': '1', 'addr:street': 'вулиця Артура Яроша', 'building': 'warehouse'}"
200854545,way,Корпус 3,,,,,50.4328755,30.3124075,"{'addr:housenumber': '1-А', 'addr:street': 'вулиця Авіаконструктора Антонова', 'building': 'warehouse', 'building:levels': '3', 'height': '13', 'landuse': 'industrial', 'name': 'Корпус 3', 'name:uk': 'Корпус 3'}"
200854603,way,Корпус 2,,,,,50.4369655,30.3116253,"{'building': 'warehouse', 'building:levels': '1', 'height': '13', 'landuse': 'industrial', 'name': 'Корпус 2', 'name:uk': 'Корпус 2'}"
201114586,way,Unknown,,,,,50.4801578,34.9662067,{'building': 'warehouse'}
201547754,way,Unknown,,,,,50.404311,30.6691028,"{'building': 'warehouse', 'building:levels': '1'}"
201562383,way,Unknown,,,,,50.4699409,34.9778288,{'building': 'warehouse'}
201562385,way,Unknown,,,,,50.4689258,34.9790591,{'building': 'warehouse'}
201562390,way,Unknown,,,,,50.4700268,34.9785232,{'building': 'warehouse'}
201562392,way,Unknown,,,,,50.470452,34.9774848,{'building': 'warehouse'}
201562394,way,Unknown,,,,,50.4690374,34.9783148,{'building': 'warehouse'}
201562397,way,Unknown,,,,,50.4706191,34.9782486,{'building': 'warehouse'}
201562475,way,Unknown,,,,,50.4680563,34.9789259,{'building': 'warehouse'}
202517031,way,Unknown,,,,,48.3431013,39.6585233,{'building': 'warehouse'}
203407176,way,Unknown,,,,,48.4648546,34.0189195,"{'building': 'warehouse', 'product': 'grain'}"
203407178,way,Unknown,,,,,48.4640318,34.0209239,"{'building': 'warehouse', 'product': 'grain'}"
203407179,way,Unknown,,,,,48.4644922,34.02109,"{'building': 'warehouse', 'product': 'grain'}"
203407180,way,Unknown,,,,,48.4643404,34.0187736,"{'building': 'warehouse', 'product': 'grain'}"
203631122,way,Unknown,,,,,49.2135313,30.112284,{'building': 'warehouse'}
203642814,way,Unknown,,,,,49.2436061,30.0747796,{'building': 'warehouse'}
203936712,way,Unknown,,,,,49.2362002,30.1119838,{'building': 'warehouse'}
203943628,way,Unknown,,,,,49.2369078,30.1122249,{'building': 'warehouse'}
203943632,way,Unknown,,,,,49.2366168,30.1121976,{'building': 'warehouse'}
203983184,way,Unknown,,,,,49.246437,30.1126373,{'building': 'warehouse'}
204659326,way,Unknown,,,,,50.5624727,35.3754062,{'building': 'warehouse'}
204659332,way,Unknown,,,,,50.5628055,35.3743352,{'building': 'warehouse'}
204659333,way,Unknown,,,,,50.5618181,35.3752638,{'building': 'warehouse'}
204659335,way,Unknown,,,,,50.5620382,35.3745024,{'building': 'warehouse'}
205378648,way,Unknown,,,,,51.4829666,23.9210485,"{'addr:housenumber': '2', 'building': 'warehouse', 'building:levels': '1'}"
206065528,way,Unknown,,,,,45.3732955,28.8170066,"{'building': 'warehouse', 'roof:colour': 'darkgrey', 'roof:material': 'tar_paper'}"
206128122,way,Unknown,,,,,50.7492235,25.3533871,{'building': 'warehouse'}
207077233,way,Unknown,,,,,51.447659,33.209321,{'building': 'warehouse'}
207078105,way,Unknown,,,,,51.4529055,33.1896316,{'building': 'warehouse'}
207079564,way,Unknown,,,,,51.451512,33.1599025,{'building': 'warehouse'}
207283005,way,Васильович,,,,,45.3610167,28.8149106,"{'building': 'warehouse', 'check_date': '2024-09-24', 'height': '8', 'name': 'Васильович', 'name:uk': 'Васильович', 'roof:height': '1.5', 'roof:levels': '1', 'roof:shape': 'gabled', 'shop': 'doityourself'}"
207354185,way,Unknown,,,,,49.5559268,25.6053877,{'building': 'warehouse'}
207354189,way,Unknown,,,,,49.5560776,25.6057412,{'building': 'warehouse'}
207429814,way,ЦМС,,,,,46.1753763,30.3420823,"{'building': 'warehouse', 'name': 'ЦМС', 'name:uk': 'ЦМС'}"
207547023,way,Unknown,,,,,49.5563193,25.6058196,{'building': 'warehouse'}
207549707,way,Unknown,,,,,46.4782459,30.6399928,{'building': 'warehouse'}
207554916,way,Unknown,,,,,45.3834958,28.8518918,"{'building': 'warehouse', 'industrial': 'warehouse'}"
207577650,way,Unknown,,,,,50.5976782,34.9979282,{'building': 'warehouse'}
207577676,way,Unknown,,,,,50.5977077,34.9977245,{'building': 'warehouse'}
207616975,way,Unknown,,,,,50.0792508,29.9174219,"{'addr:postcode': '08500', 'addr:street': 'вулиця Івана Ступака', 'building': 'warehouse', 'building:levels': '1'}"
207770637,way,Unknown,,,,,45.3216862,28.8655847,{'building': 'warehouse'}
207973990,way,Unknown,,,,,50.4206986,35.0700863,{'building': 'warehouse'}
208059943,way,Unknown,,,,,51.452561,33.2193305,{'building': 'warehouse'}
208102029,way,Unknown,,,,,51.4545565,33.1879749,{'building': 'warehouse'}
208102031,way,Unknown,,,,,51.4543144,33.187873,{'building': 'warehouse'}
208102032,way,Unknown,,,,,51.4464313,33.1826235,{'building': 'warehouse'}
208103254,way,Unknown,,,,,51.4513408,33.2168622,"{'addr:housenumber': '49', 'building': 'warehouse'}"
208341927,way,Unknown,,,,,50.4671311,34.9590769,{'building': 'warehouse'}
208531416,way,Unknown,,,,,46.1764829,30.3424602,{'building': 'warehouse'}
208975548,way,Unknown,,,,,50.4382039,30.6220469,{'building': 'warehouse'}
209243510,way,Unknown,,,,,48.5337294,39.2784029,{'building': 'warehouse'}
209997223,way,Unknown,,,,,48.5265202,39.2799778,{'building': 'warehouse'}
209999090,way,Unknown,,,,,48.5325436,39.2783252,{'building': 'warehouse'}
210197842,way,Unknown,,,,,50.60611,34.9889371,{'building': 'warehouse'}
210197856,way,Unknown,,,,,50.6069358,34.9892942,{'building': 'warehouse'}
210197860,way,Unknown,,,,,50.6077217,34.9907573,{'building': 'warehouse'}
210197870,way,Unknown,,,,,50.6069006,34.9885401,{'building': 'warehouse'}
210197876,way,Unknown,,,,,50.607502,34.9894792,{'building': 'warehouse'}
210197898,way,Unknown,,,,,50.6060976,34.98836,{'building': 'warehouse'}
210197900,way,Unknown,,,,,50.6067398,34.9898259,{'building': 'warehouse'}
210197901,way,Unknown,,,,,50.6070044,34.9901916,{'building': 'warehouse'}
210197907,way,Unknown,,,,,50.606887,34.990831,{'building': 'warehouse'}
210197908,way,Unknown,,,,,50.6066287,34.990743,{'building': 'warehouse'}
210197913,way,Unknown,,,,,50.6067297,34.988055,{'building': 'warehouse'}
210197914,way,Unknown,,,,,50.6064272,34.9898955,{'building': 'warehouse'}
210197916,way,Unknown,,,,,50.6066246,34.9888328,{'building': 'warehouse'}
210203322,way,Unknown,,,,,46.9375868,32.0237577,"{'building': 'warehouse', 'height': '15', 'ref': '32', 'roof:shape': 'round'}"
210203326,way,Unknown,,,,,46.9383735,32.0234595,"{'building': 'warehouse', 'height': '15', 'ref': '31', 'roof:shape': 'round'}"
210640696,way,Unknown,,,,,50.3304921,26.5159419,"{'building': 'warehouse', 'building:levels': '1', 'roof:shape': 'gabled'}"
210737025,way,Unknown,,,,,50.3240107,26.5250157,{'building': 'warehouse'}
210737965,way,Unknown,,,,,46.7847061,31.9387457,{'building': 'warehouse'}
210976355,way,Unknown,,,,,50.5232594,30.635583,"{'building': 'warehouse', 'building:levels': '3'}"
210976371,way,Unknown,,,,,50.5236899,30.6366704,"{'building': 'warehouse', 'building:levels': '3'}"
210976401,way,Unknown,,,,,50.5241059,30.6356521,"{'addr:housenumber': '47', 'addr:street': 'вулиця Героїв Енергетиків', 'building': 'warehouse', 'building:levels': '3'}"
211243942,way,Unknown,,,,,46.5276128,30.5982975,{'building': 'warehouse'}
211859757,way,Unknown,,,,,46.9107267,32.0313709,{'building': 'warehouse'}
211859761,way,Unknown,,,,,46.91142,32.032175,{'building': 'warehouse'}
211859768,way,Unknown,,,,,46.9106508,32.0320631,{'building': 'warehouse'}
211859775,way,Unknown,,,,,46.9114489,32.0316547,{'building': 'warehouse'}
211859783,way,Unknown,,,,,46.9109682,32.0312059,{'building': 'warehouse'}
211859787,way,Unknown,,,,,46.9104816,32.0314989,{'building': 'warehouse'}
211859793,way,Unknown,,,,,46.9104603,32.0308351,{'building': 'warehouse'}
211889408,way,Unknown,,,,,50.7583874,25.3482682,"{'addr:housenumber': '10', 'building': 'warehouse', 'building:levels': '1', 'roof:shape': 'pitched'}"
212022100,way,Unknown,,,,,50.4886622,30.4493959,{'building': 'warehouse'}
212022131,way,"Склоприлад-склад, ангар №4",,,,,50.4879284,30.4490051,"{'addr:housenumber': '31-4', 'addr:street': 'Сирецька вулиця', 'building': 'warehouse', 'building:levels': '2', 'name': 'Склоприлад-склад, ангар №4', 'name:uk': 'Склоприлад-склад, ангар №4'}"
212380516,way,Unknown,,,,,48.409446,30.6477271,{'building': 'warehouse'}
212380858,way,Unknown,,,,,48.4094027,30.6676104,{'building': 'warehouse'}
212426795,way,Unknown,,,,,45.3678635,28.8185677,"{'building': 'warehouse', 'building:levels': '1', 'roof:colour': 'grey', 'roof:levels': '0.5', 'roof:material': 'eternit', 'roof:shape': 'gabled'}"
212426851,way,Unknown,,,,,48.9526324,38.4708703,"{'addr:housenumber': '5', 'addr:street': 'Механізаторів вулиця', 'building': 'warehouse', 'building:levels': '1'}"
212430822,way,Unknown,,,,,45.3736924,28.8079762,{'building': 'warehouse'}
212724392,way,Unknown,,,,,48.4092383,30.6430316,{'building': 'warehouse'}
213860566,way,Unknown,,,,,50.4802062,34.9659,{'building': 'warehouse'}
214138242,way,Unknown,,,,,47.7422881,33.651136,{'building': 'warehouse'}
214138251,way,Unknown,,,,,47.7380305,33.6497552,{'building': 'warehouse'}
214445244,way,Unknown,,,,,49.9720936,36.1615174,{'building': 'warehouse'}
214445291,way,Unknown,,,,,49.9717769,36.1612644,{'building': 'warehouse'}
214580169,way,Лазня орендне підприємство,,,,,49.7849385,23.640956,"{'building': 'warehouse', 'name': 'Лазня орендне підприємство', 'name:uk': 'Лазня орендне підприємство'}"
215199685,way,Unknown,,,,,46.4791375,30.6413853,{'building': 'warehouse'}
215299210,way,Unknown,,,,,49.7947134,23.7131223,{'building': 'warehouse'}
215299215,way,Unknown,,,,,49.7933432,23.7135069,{'building': 'warehouse'}
215366644,way,Unknown,,,,,48.1610029,32.3734572,{'building': 'warehouse'}
215366651,way,Unknown,,,,,48.1606464,32.3830768,{'building': 'warehouse'}
215834322,way,Unknown,,,,,48.1542333,32.3772998,{'building': 'warehouse'}
216486454,way,Unknown,,,,,46.4822972,30.7023561,"{'building': 'warehouse', 'roof:shape': 'gabled'}"
217770691,way,Unknown,,,,,49.9935918,36.2540363,"{'addr:housenumber': '14', 'building': 'warehouse'}"
217811844,way,Unknown,,,,,49.9513721,36.4005727,{'building': 'warehouse'}
217811847,way,Unknown,,,,,49.9513339,36.4018467,{'building': 'warehouse'}
218725131,way,Unknown,,,,,49.8847803,34.8281912,{'building': 'warehouse'}
218725135,way,Unknown,,,,,49.8848049,34.8261265,{'building': 'warehouse'}
218725140,way,Unknown,,,,,49.8852837,34.8270521,{'building': 'warehouse'}
218725148,way,Unknown,,,,,49.8849624,34.826754,{'building': 'warehouse'}
218725154,way,Unknown,,,,,49.8844893,34.8277867,{'building': 'warehouse'}
218975688,way,Unknown,,,,,49.771192,35.0731715,{'building': 'warehouse'}
219030294,way,Склади,,,,,49.5510143,25.5618153,"{'building': 'warehouse', 'name': 'Склади', 'name:uk': 'Склади'}"
219040603,way,Unknown,,,,,48.4337201,34.9509089,{'building': 'warehouse'}
219040690,way,Unknown,,,,,48.4346082,34.9518274,{'building': 'warehouse'}
219040879,way,Unknown,,,,,48.4331078,34.9520952,{'building': 'warehouse'}
219073293,way,Unknown,,,,,46.1862965,30.33319,{'building': 'warehouse'}
219143376,way,Unknown,,,,,46.1777306,30.2821193,"{'building': 'warehouse', 'description': 'Склад сельхозяйственный'}"
219186580,way,Unknown,,,,,50.8403524,32.4022116,{'building': 'warehouse'}
219187635,way,Unknown,,,,,50.8380199,32.4002213,{'building': 'warehouse'}
219187637,way,Unknown,,,,,50.8395738,32.4036088,{'building': 'warehouse'}
219187640,way,Unknown,,,,,50.8387972,32.4017006,{'building': 'warehouse'}
219187643,way,Unknown,,,,,50.8392475,32.4012395,{'building': 'warehouse'}
219187645,way,Unknown,,,,,50.839146,32.4029219,{'building': 'warehouse'}
219187647,way,Unknown,,,,,50.8368236,32.399812,"{'addr:housenumber': '177', 'building': 'warehouse'}"
219188157,way,Unknown,,,,,50.8551604,32.4033916,{'building': 'warehouse'}
219188741,way,Unknown,,,,,50.8468393,32.405625,{'building': 'warehouse'}
219188744,way,Unknown,,,,,50.8470404,32.4055734,{'building': 'warehouse'}
219188750,way,Unknown,,,,,50.847102,32.4051183,"{'addr:housenumber': '95', 'addr:street': 'Вокзальна вулиця', 'building': 'warehouse'}"
219200053,way,Unknown,,,,,50.8368185,32.395763,"{'addr:housenumber': '166', 'addr:street': 'вулиця Дрофаня', 'building': 'warehouse'}"
219200054,way,Unknown,,,,,50.836124,32.3907368,{'building': 'warehouse'}
219200056,way,Unknown,,,,,50.8363423,32.3949727,{'building': 'warehouse'}
219200365,way,Unknown,,,,,50.8436162,32.4144596,{'building': 'warehouse'}
219200373,way,Unknown,,,,,50.8365662,32.3890427,{'building': 'warehouse'}
219200376,way,Unknown,,,,,50.8429808,32.412689,{'building': 'warehouse'}
219226162,way,Unknown,,,,,50.8381606,32.3888927,{'building': 'warehouse'}
219226826,way,Unknown,,,,,50.836455,32.3919791,{'building': 'warehouse'}
219443105,way,Unknown,,,,,50.47643,34.9749731,{'building': 'warehouse'}
219443106,way,Unknown,,,,,50.4767803,34.9746332,{'building': 'warehouse'}
220667657,way,"ДЦ ""Клуб сімейного дозвілля""",,,,,49.9749226,36.0601039,"{'building': 'warehouse', 'name': 'ДЦ ""Клуб сімейного дозвілля""', 'name:ru': 'ДЦ ""Клуб семейного досуга""', 'name:uk': 'ДЦ ""Клуб сімейного дозвілля""'}"
220783925,way,Іловайська нафтобаза,,,,,47.9168235,38.1866081,"{'building': 'warehouse', 'man_made': 'storage_tank', 'name': 'Іловайська нафтобаза', 'name:ru': 'Иловайская нефтебаза', 'name:uk': 'Іловайська нафтобаза'}"
221432849,way,Unknown,,,,,45.4391809,28.2880697,{'building': 'warehouse'}
221432934,way,Unknown,,,,,45.4410352,28.2963105,{'building': 'warehouse'}
221583853,way,Unknown,,,,,45.4238015,28.2944901,{'building': 'warehouse'}
221583857,way,Unknown,,,,,45.4402794,28.2875599,{'building': 'warehouse'}
221583874,way,Unknown,,,,,45.4403977,28.2877763,{'building': 'warehouse'}
223232530,way,Unknown,,,,,48.5914899,38.004696,"{'building': 'warehouse', 'building:levels': '1'}"
223324872,way,Unknown,,,,,48.4718247,35.1205832,"{'addr:housenumber': '122', 'building': 'warehouse'}"
223406845,way,Unknown,,,,,49.8151019,30.1318809,"{'addr:housenumber': '31', 'addr:street': 'Київська вулиця', 'building': 'warehouse'}"
224709185,way,Unknown,,,,,50.7614356,25.3342862,"{'addr:housenumber': '25', 'building': 'warehouse', 'building:levels': '1', 'roof:shape': 'pitched'}"
225140763,way,Unknown,,,,,48.4865809,35.0743576,"{'addr:housenumber': '10', 'addr:street': 'Артільна вулиця', 'building': 'warehouse', 'building:levels': '3'}"
225183648,way,Unknown,,,,,48.480818,35.0839452,{'building': 'warehouse'}
225268788,way,Unknown,,,,,46.4798385,30.7025009,{'building': 'warehouse'}
225922523,way,Склад графіту,,,,,51.390849,30.1104141,"{'building': 'warehouse', 'name': 'Склад графіту', 'name:ar': 'تخزين الجرافيت', 'name:cs': 'Sklad grafitu', 'name:de': 'Graphit Lager', 'name:en': 'Graphite Storage', 'name:hu': 'Grafit tároló', 'name:it': 'Magazzino grafite', 'name:ja': '黒鉛貯蔵棟', 'name:pl': 'Skład grafitu', 'name:ru': 'Склад графита', 'name:uk': 'Склад графіту', 'roof:colour': 'grey'}"
225922538,way,Unknown,,,,,51.3787536,30.1248497,"{'abandoned': 'yes', 'building': 'warehouse', 'description': 'Склад свіжого палива', 'disused': 'yes'}"
225922555,way,Unknown,,,,,51.3775142,30.1274517,{'building': 'warehouse'}
226235377,way,Unknown,,,,,50.3515694,30.5462128,"{'building': 'warehouse', 'roof:shape': 'gabled'}"
226235379,way,Unknown,,,,,50.3513794,30.5468768,"{'building': 'warehouse', 'roof:shape': 'round'}"
226445455,way,Unknown,,,,,48.5026206,35.0698057,"{'building': 'warehouse', 'building:levels': '1'}"
226861237,way,Unknown,,,,,48.5031216,35.0779506,{'building': 'warehouse'}
227758019,way,Unknown,,,,,48.5169506,35.0446498,{'building': 'warehouse'}
227762558,way,Unknown,,,,,48.5180158,35.0445662,"{'building': 'warehouse', 'building:levels': '1', 'roof:shape': 'skillion'}"
227762569,way,Unknown,,,,,48.517626,35.0447267,"{'building': 'warehouse', 'building:levels': '1', 'roof:shape': 'hipped'}"
227762578,way,Unknown,,,,,48.5189946,35.0445878,{'building': 'warehouse'}
227762581,way,Unknown,,,,,48.5190351,35.0442671,{'building': 'warehouse'}
228194302,way,Unknown,,,,,48.0520652,37.7729729,"{'addr:housenumber': '48в', 'addr:street': 'Київський проспект', 'building': 'warehouse'}"
229218906,way,Unknown,,,,,48.5118619,35.058105,{'building': 'warehouse'}
229819525,way,Unknown,,,,,50.4428467,30.65809,"{'addr:housenumber': '35-А', 'addr:street': 'Алматинська вулиця', 'building': 'warehouse'}"
229930040,way,Unknown,,,,,49.522309,25.6038369,{'building': 'warehouse'}
229933639,way,СіткаЗахід,,,,,49.5235184,25.6038713,"{'addr:housenumber': '64', 'addr:postcode': '46005', 'addr:street': 'Микулинецька вулиця', 'building': 'warehouse', 'building:levels': '1', 'name': 'СіткаЗахід', 'name:uk': 'СіткаЗахід', 'phone': '+380 67 373 7115'}"
230602058,way,Unknown,,,,,51.3914458,30.0927274,{'building': 'warehouse'}
230602064,way,Unknown,,,,,51.39183,30.0927045,{'building': 'warehouse'}
230602068,way,Unknown,,,,,51.3914501,30.091225,{'building': 'warehouse'}
230834397,way,Unknown,,,,,44.5140879,33.5826933,"{'building': 'warehouse', 'description': 'Склад'}"
230834398,way,Unknown,,,,,44.5139164,33.5832391,"{'building': 'warehouse', 'description': 'Склад'}"
230908616,way,Unknown,,,,,48.4644047,35.049877,"{'building': 'warehouse', 'building:levels': '1'}"
231090639,way,Unknown,,,,,50.7602461,25.3342005,"{'addr:housenumber': '73а', 'building': 'warehouse', 'building:levels': '1', 'roof:shape': 'pitched'}"
231090640,way,Unknown,,,,,50.7592829,25.3333213,"{'addr:housenumber': '71а', 'building': 'warehouse', 'building:levels': '1', 'roof:shape': 'pitched'}"
231090641,way,Unknown,,,,,50.759689,25.3337169,"{'building': 'warehouse', 'building:levels': '1', 'roof:shape': 'pitched'}"
231681589,way,Unknown,,,,,51.3925659,30.0844017,"{'abandoned': 'yes', 'building': 'warehouse'}"
232017217,way,Unknown,,,,,49.5810443,25.583591,"{'addr:housenumber': '62', 'addr:street': 'Бродівська вулиця', 'building': 'warehouse'}"
232205943,way,Сарай якута,,,,,50.4522941,30.3597182,"{'building': 'warehouse', 'name': 'Сарай якута', 'name:uk': 'Сарай якута'}"
233470650,way,Unknown,,,,,49.8421056,23.8690919,{'building': 'warehouse'}
234516179,way,Unknown,,,,,49.8351332,23.8804096,{'building': 'warehouse'}
235015357,way,Unknown,,,,,50.440296,26.4864744,"{'building': 'warehouse', 'building:levels': '1'}"
235015364,way,Unknown,,,,,50.4413326,26.491797,"{'building': 'warehouse', 'building:levels': '1'}"
235015389,way,Unknown,,,,,50.4389499,26.4928199,"{'building': 'warehouse', 'building:levels': '1'}"
235015393,way,Unknown,,,,,50.439954,26.4862794,"{'building': 'warehouse', 'building:levels': '1'}"
235015397,way,Unknown,,,,,50.4395234,26.4914941,{'building': 'warehouse'}
235653343,way,Unknown,,,,,48.0516064,37.7666564,"{'building': 'warehouse', 'building:levels': '3'}"
235653346,way,Unknown,,,,,48.0517113,37.7694592,"{'building': 'warehouse', 'building:levels': '1'}"
235653348,way,Unknown,,,,,48.0515988,37.7678201,"{'building': 'warehouse', 'building:levels': '1'}"
235653350,way,Unknown,,,,,48.0520849,37.7678813,"{'building': 'warehouse', 'building:levels': '1'}"
235867198,way,Unknown,,,,,50.7579619,25.3310658,"{'addr:housenumber': '10а', 'building': 'warehouse', 'building:levels': '1', 'roof:shape': 'pitched'}"
236009378,way,Unknown,,,,,46.927993,37.179522,{'building': 'warehouse'}
236715616,way,Ангар,,,,,46.1840654,30.3292122,"{'addr:housenumber': '42', 'addr:street': 'Портова вулиця', 'building': 'warehouse', 'building:levels': '1', 'building:material': 'metal', 'name': 'Ангар', 'name:uk': 'Ангар', 'roof:material': 'metal', 'roof:shape': 'round'}"
237978365,way,Unknown,,,,,48.4160327,35.0005706,"{'addr:housenumber': '40', 'building': 'warehouse'}"
238707797,way,Unknown,,,,,48.3933121,34.9971161,"{'addr:housenumber': '152', 'addr:street': 'проспект Богдана Хмельницького', 'building': 'warehouse'}"
238837668,way,Unknown,,,,,49.4910649,29.2962902,{'building': 'warehouse'}
238848380,way,Unknown,,,,,49.5006353,29.2647896,{'building': 'warehouse'}
242204404,way,Unknown,,,,,50.8893666,34.8412197,{'building': 'warehouse'}
242933172,way,Unknown,,,,,51.43803,33.1884432,{'building': 'warehouse'}
243871821,way,Unknown,,,,,44.6841078,34.4067588,{'building': 'warehouse'}
243911364,way,Unknown,,,,,48.1622235,37.7195646,{'building': 'warehouse'}
246018508,way,Unknown,,,,,50.7367001,25.3658363,"{'building': 'warehouse', 'building:levels': '2', 'roof:shape': 'hipped'}"
247160965,way,Unknown,,,,,48.1538295,37.7284761,{'building': 'warehouse'}
247160975,way,Unknown,,,,,48.1501263,37.7304877,"{'building': 'warehouse', 'building:levels': '1'}"
247384401,way,Unknown,,,,,48.1347727,37.7451825,"{'building': 'warehouse', 'building:levels': '1'}"
247532052,way,Unknown,,,,,49.3524911,23.5027632,{'building': 'warehouse'}
250666740,way,Unknown,,,,,48.9504917,25.7377886,{'building': 'warehouse'}
251181271,way,Unknown,,,,,48.973632,32.2512949,{'building': 'warehouse'}
251181318,way,Unknown,,,,,48.9550711,32.2573825,{'building': 'warehouse'}
251211525,way,Unknown,,,,,50.7535604,25.3490066,"{'building': 'warehouse', 'building:levels': '1', 'roof:shape': 'pitched'}"
251211530,way,Unknown,,,,,50.7547147,25.3515648,"{'building': 'warehouse', 'building:levels': '1', 'building:roof': 'flat'}"
251211534,way,Unknown,,,,,50.7536061,25.348233,"{'building': 'warehouse', 'building:levels': '1', 'roof:shape': 'pitched'}"
251211535,way,Unknown,,,,,50.7536248,25.3485539,"{'building': 'warehouse', 'building:levels': '1', 'roof:shape': 'pitched'}"
251673475,way,Склад,,,,,49.5197186,28.1042584,"{'building': 'warehouse', 'name': 'Склад', 'name:uk': 'Склад'}"
251805454,way,Unknown,,,,,50.1191992,32.4453848,{'building': 'warehouse'}
251806513,way,Unknown,,,,,50.11949,32.4455598,{'building': 'warehouse'}
252103234,way,Unknown,,,,,44.5041911,34.1446112,"{'addr:housenumber': '8', 'addr:street': 'Дарсановская улица', 'building': 'warehouse'}"
252370634,way,Unknown,,,,,50.4420851,30.6582615,{'building': 'warehouse'}
253080748,way,Unknown,,,,,49.4245315,26.9889753,{'building': 'warehouse'}
253080753,way,Unknown,,,,,49.4243562,26.9889713,{'building': 'warehouse'}
253300088,way,Unknown,,,,,50.5163082,32.5920687,{'building': 'warehouse'}
253391400,way,Unknown,,,,,50.3828409,30.3371998,{'building': 'warehouse'}
253391411,way,Unknown,,,,,50.3840465,30.3349962,"{'addr:housenumber': '8-Г', 'addr:street': 'Київська вулиця', 'building': 'warehouse'}"
253391415,way,Unknown,,,,,50.3855509,30.3335599,"{'addr:housenumber': '8-Д', 'addr:street': 'Київська вулиця', 'building': 'warehouse'}"
253460613,way,Unknown,,,,,49.9558629,23.1177675,"{'building': 'warehouse', 'source': 'geoportal.gov.pl:ortofoto'}"
253693909,way,Unknown,,,,,50.7529484,25.3908495,"{'addr:housenumber': '12а', 'building': 'warehouse', 'building:levels': '1'}"
253693910,way,Unknown,,,,,50.7532808,25.3909444,"{'building': 'warehouse', 'building:levels': '1'}"
253698395,way,Unknown,,,,,49.3589203,35.4574387,{'building': 'warehouse'}
254311362,way,Unknown,,,,,47.0131955,32.6436195,"{'building': 'warehouse', 'building:levels': '1'}"
254496126,way,Склади,,,,,50.9532838,34.7794112,"{'building': 'warehouse', 'name': 'Склади', 'name:ru': 'Склады', 'name:uk': 'Склади'}"
254502602,way,Unknown,,,,,50.951216,34.7810314,{'building': 'warehouse'}
255624723,way,Склад продуктовий,,,,,48.1418291,38.901408,"{'addr:street': 'Хрустальское шоссе', 'building': 'warehouse', 'name': 'Склад продуктовий', 'name:uk': 'Склад продуктовий'}"
256065730,way,Unknown,,,,,50.767279,25.2328931,"{'building': 'warehouse', 'building:levels': '1', 'roof:shape': 'pitched'}"
256065731,way,Unknown,,,,,50.7672604,25.2323126,"{'building': 'warehouse', 'building:levels': '1', 'roof:shape': 'pitched'}"
256065732,way,Unknown,,,,,50.7682414,25.2317399,"{'building': 'warehouse', 'building:levels': '1', 'roof:shape': 'pitched'}"
256065733,way,Unknown,,,,,50.7676092,25.2319382,"{'building': 'warehouse', 'building:levels': '1', 'roof:shape': 'pitched'}"
257909315,way,Unknown,,,,,45.4284147,28.4119972,"{'building': 'warehouse', 'height': '5'}"
258220572,way,Unknown,,,,,48.0502123,37.7696872,"{'building': 'warehouse', 'building:levels': '2'}"
258220591,way,Unknown,,,,,48.0505302,37.7698178,"{'building': 'warehouse', 'building:levels': '1'}"
258629872,way,Unknown,,,,,48.0294246,37.7823142,"{'building': 'warehouse', 'building:levels': '1'}"
259177406,way,Unknown,,,,,48.5214941,35.0191123,{'building': 'warehouse'}
259503510,way,Unknown,,,,,50.7633935,25.3531804,"{'building': 'warehouse', 'building:levels': '1', 'roof:shape': 'pitched'}"
260237473,way,Unknown,,,,,50.074469,25.1362186,{'building': 'warehouse'}
260757296,way,Unknown,,,,,50.7488129,25.3900991,"{'building': 'warehouse', 'building:levels': '1', 'roof:shape': 'pitched'}"
260757301,way,Unknown,,,,,50.7484139,25.3901467,"{'building': 'warehouse', 'building:levels': '1', 'roof:shape': 'pitched'}"
260961983,way,Unknown,,,,,48.4908214,39.504692,{'building': 'warehouse'}
262565329,way,Unknown,,,,,44.6601819,33.5542665,"{'building': 'warehouse', 'description': 'Склад материалов'}"
262565341,way,Unknown,,,,,44.660235,33.554778,"{'building': 'warehouse', 'description': 'Склад готовой продукции'}"
262898616,way,Unknown,,,,,48.5392021,35.0753673,{'building': 'warehouse'}
262898624,way,Unknown,,,,,48.5386079,35.0751824,{'building': 'warehouse'}
262898626,way,Unknown,,,,,48.5387885,35.0755881,{'building': 'warehouse'}
264077675,way,Unknown,,,,,50.7638415,25.3504196,"{'building': 'warehouse', 'building:levels': '1', 'roof:shape': 'pitched'}"
264077676,way,Unknown,,,,,50.7641133,25.3502664,"{'building': 'warehouse', 'building:levels': '1', 'building:roof': 'flat'}"
264393352,way,Unknown,,,,,48.1675939,22.7535157,{'building': 'warehouse'}
264453662,way,Unknown,,,,,44.600841,33.4373639,{'building': 'warehouse'}
264453665,way,Unknown,,,,,44.6004921,33.4372308,{'building': 'warehouse'}
264453674,way,Unknown,,,,,44.6002876,33.4368985,{'building': 'warehouse'}
264599925,way,Unknown,,,,,47.0261597,33.379473,{'building': 'warehouse'}
265497279,way,Unknown,,,,,46.0302469,34.5467539,{'building': 'warehouse'}
266088864,way,Unknown,,,,,44.4330509,34.0765528,"{'building': 'warehouse', 'description': 'Аптечный склад'}"
266231916,way,Unknown,,,,,50.4923838,30.3766509,"{'addr:housenumber': '36', 'addr:street': '22-га Садова вулиця', 'building': 'warehouse', 'building:levels': '1', 'roof:levels': '0', 'roof:shape': 'gabled'}"
267288964,way,Unknown,,,,,48.5651503,32.2272456,"{'building': 'warehouse', 'building:levels': '1'}"
268056430,way,Unknown,,,,,50.751126,25.3566846,"{'building': 'warehouse', 'building:levels': '1'}"
268391274,way,Unknown,,,,,45.3482303,32.497248,{'building': 'warehouse'}
268834779,way,Unknown,,,,,45.0938008,34.3054115,"{'addr:city': 'Литвиненково', 'addr:housenumber': '131А', 'addr:street': 'Комарова улица', 'building': 'warehouse', 'source': 'Bing'}"
268852595,way,Сейт Неби Склад,,,,,45.0571917,34.3327651,"{'addr:city': 'Зуя', 'addr:housenumber': '7', 'addr:street': 'Сейт-Неби улица', 'building': 'warehouse', 'name': 'Сейт Неби Склад', 'name:uk': 'Сейт Небі Склад', 'source': 'Bing'}"
269208219,way,Unknown,,,,,45.4386173,34.7428127,{'building': 'warehouse'}
269208265,way,Unknown,,,,,45.4525533,34.7311767,"{'addr:postcode': '297100', 'addr:street': 'улица Победы', 'building': 'warehouse', 'building:levels': '1'}"
269208335,way,Unknown,,,,,45.445548,34.7360001,{'building': 'warehouse'}
269208433,way,Unknown,,,,,45.4404615,34.7414304,{'building': 'warehouse'}
269587015,way,БВС,,,,,48.9803103,38.3044255,"{'building': 'warehouse', 'building:levels': '1', 'name': 'БВС', 'name:uk': 'БВС'}"
269826785,way,Unknown,,,,,50.7537692,25.3477661,"{'building': 'warehouse', 'building:levels': '1', 'roof:shape': 'pitched'}"
270043912,way,Unknown,,,,,45.6313434,33.0763532,{'building': 'warehouse'}
270043913,way,Unknown,,,,,45.6305699,33.0762654,{'building': 'warehouse'}
270172197,way,Зерносклад АВМ,,,,,48.1629186,37.6497719,"{'addr:housenumber': '38', 'addr:street': 'Миру вулиця', 'building': 'warehouse', 'building:levels': '1', 'name': 'Зерносклад АВМ', 'name:uk': 'Зерносклад АВМ'}"
270172200,way,Матеріально-технічний склад,,,,,48.1660895,37.6473667,"{'addr:housenumber': '34', 'addr:street': 'Миру вулиця', 'building': 'warehouse', 'building:levels': '1', 'name': 'Матеріально-технічний склад', 'name:uk': 'Матеріально-технічний склад'}"
270172210,way,Зернохранилище,,,,,48.1638842,37.6512949,"{'addr:housenumber': '40', 'addr:street': 'Миру', 'building': 'warehouse', 'building:levels': '1', 'name': 'Зернохранилище', 'name:uk': 'Зернохранилище'}"
270172211,way,Бурякосховище,,,,,48.1661713,37.6540083,"{'addr:housenumber': '46', 'addr:street': 'Миру', 'building': 'warehouse', 'building:levels': '1', 'name': 'Бурякосховище', 'name:uk': 'Бурякосховище'}"
270695957,way,Unknown,,,,,48.5209146,34.9511221,{'building': 'warehouse'}
270695998,way,Unknown,,,,,48.5210102,34.950682,{'building': 'warehouse'}
271504903,way,Unknown,,,,,50.7629719,25.3373204,"{'addr:housenumber': '1', 'building': 'warehouse', 'building:levels': '1', 'roof:shape': 'gabled'}"
271504904,way,Unknown,,,,,50.7635753,25.3382221,"{'addr:housenumber': '1а', 'building': 'warehouse', 'building:levels': '1', 'roof:shape': 'gabled'}"
271504920,way,Unknown,,,,,50.7638611,25.3385732,"{'building': 'warehouse', 'building:levels': '1', 'roof:shape': 'pitched'}"
271505223,way,Unknown,,,,,48.0237533,37.8944571,"{'addr:housenumber': '1', 'building': 'warehouse'}"
271700882,way,Unknown,,,,,50.7686024,25.3485542,"{'building': 'warehouse', 'building:levels': '1', 'roof:shape': 'pitched'}"
273112174,way,Складські приміщення,,,,,51.3069566,30.0732025,"{'building': 'warehouse', 'name': 'Складські приміщення', 'name:cs': 'Skladové prostory', 'name:ru': 'Складские помещения', 'name:uk': 'Складські приміщення', 'roof:colour': 'darkgrey'}"
273112185,way,Unknown,,,,,51.3039999,30.0664044,"{'abandoned': 'yes', 'building': 'warehouse', 'roof:colour': 'darkgrey'}"
273557585,way,Unknown,,,,,48.6176885,22.2934981,{'building': 'warehouse'}
273789785,way,Unknown,,,,,50.7719668,29.2545524,"{'building': 'warehouse', 'building:levels': '1'}"
273789810,way,Unknown,,,,,50.7718696,29.2548209,"{'building': 'warehouse', 'building:levels': '1'}"
274130856,way,Unknown,,,,,50.3527944,30.4867638,"{'building': 'warehouse', 'building:levels': '1'}"
274130861,way,Unknown,,,,,50.3526635,30.4867368,"{'building': 'warehouse', 'building:levels': '1'}"
274217784,way,Unknown,,,,,50.7827019,25.3635599,"{'addr:housenumber': '1', 'building': 'warehouse', 'building:levels': '4', 'building:roof': 'flat'}"
274217798,way,Нова пошта Луцьк відділення №1,,,,,50.7832239,25.3639912,"{'addr:housenumber': '1', 'addr:street': 'вулиця Карбишева', 'building': 'warehouse', 'building:levels': '2', 'building:roof': 'flat', 'name': 'Нова пошта Луцьк відділення №1'}"
274217799,way,BM Parts Луцький хаб,,,,,50.7820485,25.36359,"{'addr:housenumber': '1', 'addr:postcode': '43000', 'addr:street': 'вулиця Карбишева', 'building': 'warehouse', 'building:levels': '2', 'building:roof': 'flat', 'name': 'BM Parts Луцький хаб', 'phone': '+38 096 6477711'}"
274826128,way,Склад реагентів,,,,,51.3909817,30.1160134,"{'building': 'warehouse', 'name': 'Склад реагентів', 'name:en': 'Reagent Warehouse', 'name:ru': 'Склад реагентов', 'name:uk': 'Склад реагентів'}"
274826149,way,Склад мастильних матеріалів,,,,,51.3838104,30.1146396,"{'abandoned': 'yes', 'building': 'warehouse', 'name': 'Склад мастильних матеріалів', 'name:cs': 'Skladiště maziva', 'name:en': 'Lubricants Warehouse', 'name:it': 'Magazzino lubrificanti', 'name:ru': 'Склад смазочных материалов', 'name:uk': 'Склад мастильних матеріалів'}"
274908450,way,Unknown,,,,,46.6758155,32.5793963,"{'addr:housenumber': '5-й километр', 'addr:street': 'Миколаївське шосе', 'building': 'warehouse'}"
274908451,way,Unknown,,,,,46.6754375,32.5786524,{'building': 'warehouse'}
274908452,way,Unknown,,,,,46.6765705,32.5777554,{'building': 'warehouse'}
275162075,way,Unknown,,,,,50.779142,25.363548,"{'building': 'warehouse', 'building:levels': '2', 'roof:shape': 'pitched'}"
275294009,way,Unknown,,,,,50.779485,25.3641196,"{'building': 'warehouse', 'building:levels': '1', 'roof:shape': 'pitched'}"
275929239,way,Unknown,,,,,48.4367745,35.1257133,"{'building': 'warehouse', 'building:levels': '1', 'roof:shape': 'gabled'}"
275929740,way,Unknown,,,,,48.4348465,35.1233418,"{'addr:housenumber': '1', 'addr:street': 'Виробнича вулиця', 'building': 'warehouse'}"
276238116,way,Unknown,,,,,49.4593859,26.9577453,{'building': 'warehouse'}
276365197,way,Морозильні склади,,,,,48.4337381,35.1281917,"{'addr:housenumber': '7', 'building': 'warehouse', 'building:levels': '5', 'name': 'Морозильні склади', 'name:uk': 'Морозильні склади'}"
276365207,way,Unknown,,,,,48.4329362,35.1276021,{'building': 'warehouse'}
276366011,way,Unknown,,,,,48.4327956,35.1280849,{'building': 'warehouse'}
276366013,way,Unknown,,,,,48.4326633,35.1285764,{'building': 'warehouse'}
278640898,way,Unknown,,,,,51.4059201,30.1227183,"{'abandoned': 'yes', 'building': 'warehouse', 'building:levels': '1'}"
278742910,way,Unknown,,,,,51.3891088,30.0709759,"{'abandoned': 'yes', 'building': 'warehouse'}"
279161155,way,Склад мазуту,,,,,51.3894124,30.1156635,"{'building': 'warehouse', 'name': 'Склад мазуту', 'name:ru': 'Склад мазута', 'name:uk': 'Склад мазуту'}"
279598933,way,Unknown,,,,,49.2131862,31.8670935,{'building': 'warehouse'}
279598934,way,Unknown,,,,,49.2130602,31.8686792,{'building': 'warehouse'}
280031444,way,Unknown,,,,,49.2070653,31.8661905,{'building': 'warehouse'}
280307294,way,Unknown,,,,,49.2021267,31.892143,{'building': 'warehouse'}
281224782,way,Unknown,,,,,48.4355348,22.1726979,"{'building': 'warehouse', 'source': 'Bing'}"
281278401,way,Unknown,,,,,49.2660192,27.4281077,"{'addr:housenumber': '22', 'addr:postcode': '32200', 'addr:street': 'вулиця Олійника', 'building': 'warehouse'}"
281278408,way,Unknown,,,,,49.2655441,27.4280919,"{'addr:housenumber': '22', 'addr:postcode': '32200', 'addr:street': 'вулиця Олійника', 'building': 'warehouse'}"
281278409,way,Unknown,,,,,49.2652755,27.4275352,"{'addr:housenumber': '22', 'addr:postcode': '32200', 'addr:street': 'вулиця Олійника', 'building': 'warehouse'}"
281561160,way,Unknown,,,,,49.2128136,31.8665995,{'building': 'warehouse'}
281697720,way,Unknown,,,,,49.380784,27.6134234,"{'building': 'warehouse', 'building:levels': '1'}"
281832783,way,Unknown,,,,,49.3853592,27.5919167,"{'building': 'warehouse', 'building:levels': '1'}"
282688563,way,Unknown,,,,,48.4292226,35.1210089,"{'addr:housenumber': '2', 'building': 'warehouse'}"
282688589,way,Unknown,,,,,48.4308061,35.1270004,"{'addr:housenumber': '5', 'building': 'warehouse'}"
282688592,way,Unknown,,,,,48.429081,35.1207184,"{'addr:housenumber': '2', 'building': 'warehouse'}"
283091611,way,Unknown,,,,,48.8725088,24.7079727,{'building': 'warehouse'}
283760544,way,Unknown,,,,,49.7117962,36.191542,{'building': 'warehouse'}
283760610,way,Unknown,,,,,49.7115784,36.1919496,{'building': 'warehouse'}
283859533,way,Unknown,,,,,48.5011315,35.0778001,{'building': 'warehouse'}
283859537,way,Unknown,,,,,48.5014152,35.0776003,{'building': 'warehouse'}
283859540,way,Unknown,,,,,48.501203,35.0780524,{'building': 'warehouse'}
283859550,way,Unknown,,,,,48.5018436,35.077444,{'building': 'warehouse'}
283859991,way,Unknown,,,,,48.5019035,35.0772678,{'building': 'warehouse'}
283859992,way,Unknown,,,,,48.5018204,35.0769953,{'building': 'warehouse'}
283934768,way,Unknown,,,,,48.4971718,35.1134823,{'building': 'warehouse'}
283934786,way,Unknown,,,,,48.503536,35.106956,{'building': 'warehouse'}
284232735,way,Unknown,,,,,49.7197221,36.1859699,"{'building': 'warehouse', 'source': 'Bing Sep/2011'}"
284232736,way,Unknown,,,,,49.7194408,36.1866937,"{'building': 'warehouse', 'source': 'Bing Sep/2011'}"
284303746,way,Unknown,,,,,49.7959948,30.1037774,"{'addr:housenumber': '111', 'addr:street': 'Водопійна вулиця', 'building': 'warehouse'}"
285299193,way,Unknown,,,,,48.5083152,35.0794349,"{'building': 'warehouse', 'building:levels': '1'}"
285317101,way,Unknown,,,,,50.7821087,25.3803992,"{'building': 'warehouse', 'building:levels': '1', 'roof:shape': 'pitched'}"
285317117,way,Unknown,,,,,50.7826393,25.3803899,"{'building': 'warehouse', 'building:levels': '1', 'building:roof': 'flat'}"
287429560,way,Unknown,,,,,49.2303768,31.8804504,"{'building': 'warehouse', 'building:levels': '1'}"
287429561,way,Unknown,,,,,49.2303969,31.8808231,"{'building': 'warehouse', 'building:levels': '1'}"
287495093,way,Unknown,,,,,50.7011645,25.3105055,"{'building': 'warehouse', 'man_made': 'storage_tank', 'roof:shape': 'flat'}"
287495094,way,Unknown,,,,,50.7037586,25.3100373,"{'building': 'warehouse', 'building:levels': '1', 'roof:shape': 'gabled'}"
287495100,way,Unknown,,,,,50.7014875,25.3105325,"{'building': 'warehouse', 'man_made': 'storage_tank', 'roof:shape': 'flat'}"
287825731,way,Unknown,,,,,49.8357293,36.7263052,{'building': 'warehouse'}
288121151,way,Unknown,,,,,48.4412884,35.014359,"{'building': 'warehouse', 'description': 'Склад мебельного магазина'}"
288511189,way,Unknown,,,,,49.2018603,31.8981012,"{'building': 'warehouse', 'building:levels': '1'}"
289975815,way,Unknown,,,,,44.8265173,34.9114554,{'building': 'warehouse'}
290109048,way,Unknown,,,,,49.5022088,30.7679601,{'building': 'warehouse'}
290109126,way,Unknown,,,,,49.5016776,30.7688397,{'building': 'warehouse'}
290109128,way,Unknown,,,,,49.5018003,30.7680436,{'building': 'warehouse'}
290109129,way,Unknown,,,,,49.5021179,30.7684249,{'building': 'warehouse'}
291061307,way,Unknown,,,,,49.0432664,33.2503786,"{'addr:street': 'Покровська вулиця', 'building': 'warehouse'}"
291330616,way,Unknown,,,,,49.8206652,24.0611853,"{'building': 'warehouse', 'building:levels': '2'}"
292282734,way,Unknown,,,,,49.2377704,28.4008975,"{'building': 'warehouse', 'building:levels': '1', 'height': '4'}"
292309612,way,Склад хімії,,,,,49.4280941,26.9428779,"{'addr:housenumber': '3/1', 'addr:street': 'вулиця Степанкова', 'building': 'warehouse', 'name': 'Склад хімії', 'name:uk': 'Склад хімії'}"
292460896,way,Unknown,,,,,49.7729631,35.0757102,{'building': 'warehouse'}
292763489,way,Unknown,,,,,49.8352017,35.6263676,"{'building': 'warehouse', 'building:levels': '1', 'height': '6'}"
292763493,way,Unknown,,,,,49.83476,35.6262155,"{'building': 'warehouse', 'building:levels': '1', 'height': '6'}"
292763501,way,Unknown,,,,,49.8346228,35.6273026,"{'building': 'warehouse', 'building:levels': '1', 'height': '6'}"
293231080,way,Unknown,,,,,49.8247777,30.0676007,{'building': 'warehouse'}
293231081,way,Unknown,,,,,49.8257345,30.064954,{'building': 'warehouse'}
293231082,way,Unknown,,,,,49.8245993,30.0670762,{'building': 'warehouse'}
293270148,way,Unknown,,,,,49.8336774,30.0639217,{'building': 'warehouse'}
293270149,way,Unknown,,,,,49.8339346,30.064471,{'building': 'warehouse'}
293270150,way,Unknown,,,,,49.8342038,30.065029,{'building': 'warehouse'}
293270151,way,Unknown,,,,,49.8342564,30.0632534,{'building': 'warehouse'}
293270152,way,Unknown,,,,,49.8345077,30.0637989,{'building': 'warehouse'}
293270153,way,Unknown,,,,,49.8347788,30.06435,{'building': 'warehouse'}
293270154,way,Unknown,,,,,49.8350255,30.0649361,{'building': 'warehouse'}
293270155,way,Unknown,,,,,49.8351615,30.0630208,{'building': 'warehouse'}
293270157,way,Unknown,,,,,49.8364584,30.0631044,{'building': 'warehouse'}
293270158,way,Unknown,,,,,49.8360409,30.0629349,{'building': 'warehouse'}
293270163,way,Unknown,,,,,49.8354231,30.0655912,{'building': 'warehouse'}
293270193,way,Unknown,,,,,49.8309677,30.0619144,{'building': 'warehouse'}
293270196,way,Unknown,,,,,49.8301685,30.0626551,{'building': 'warehouse'}
293270197,way,Unknown,,,,,49.8288074,30.0632202,{'building': 'warehouse'}
293270204,way,Unknown,,,,,49.8283182,30.0652391,{'building': 'warehouse'}
293270205,way,Unknown,,,,,49.8278852,30.0657559,{'building': 'warehouse'}
293270206,way,Unknown,,,,,49.8274605,30.0663176,{'building': 'warehouse'}
293279360,way,Unknown,,,,,49.8244473,30.071646,{'building': 'warehouse'}
293279361,way,Unknown,,,,,49.8244896,30.0701882,{'building': 'warehouse'}
293279362,way,Unknown,,,,,49.824523,30.070593,{'building': 'warehouse'}
293406909,way,Unknown,,,,,49.8231158,30.0986763,{'building': 'warehouse'}
293527316,way,Unknown,,,,,50.7755156,25.3787958,"{'addr:housenumber': '2д', 'building': 'warehouse', 'building:levels': '1', 'roof:shape': 'pitched'}"
293527317,way,Unknown,,,,,50.7748744,25.3777206,"{'addr:housenumber': '4', 'building': 'warehouse', 'building:levels': '1', 'roof:shape': 'pitched'}"
293527321,way,Unknown,,,,,50.7752881,25.3799537,"{'addr:housenumber': '7а', 'addr:street': 'вулиця Назарія Яремчука', 'building': 'warehouse', 'building:levels': '1', 'roof:shape': 'pitched'}"
293527328,way,Unknown,,,,,50.7747476,25.3779508,"{'building': 'warehouse', 'building:levels': '1'}"
293527329,way,Unknown,,,,,50.7744681,25.3780036,"{'building': 'warehouse', 'building:levels': '1'}"
293527331,way,Unknown,,,,,50.7751108,25.3791006,"{'building': 'warehouse', 'building:levels': '1', 'roof:shape': 'pitched'}"
293532229,way,Unknown,,,,,47.8850618,37.6795164,{'building': 'warehouse'}
293588244,way,Аптечний склад Оптіма-Фарм,,,,,47.8400797,35.2143445,"{'addr:housenumber': '9-А', 'addr:street': 'Цитрусова вулиця', 'building': 'warehouse', 'building:levels': '1', 'name': 'Аптечний склад Оптіма-Фарм'}"
293602382,way,Unknown,,,,,47.8865385,37.6758735,{'building': 'warehouse'}
293602383,way,Unknown,,,,,47.8860544,37.6726158,{'building': 'warehouse'}
293602389,way,Unknown,,,,,47.8856509,37.6725941,{'building': 'warehouse'}
293602393,way,Unknown,,,,,47.8856319,37.67378,{'building': 'warehouse'}
293602401,way,Unknown,,,,,47.8869591,37.6738796,{'building': 'warehouse'}
293602404,way,Unknown,,,,,47.8864918,37.6741995,"{'building': 'warehouse', 'building:levels': '2', 'building:material': 'stone', 'roof:orientation': 'along'}"
293602411,way,Unknown,,,,,47.8852705,37.6729267,{'building': 'warehouse'}
293602412,way,Unknown,,,,,47.8865121,37.6734044,{'building': 'warehouse'}
294361470,way,Unknown,,,,,47.0152738,31.9974327,"{'building': 'warehouse', 'height': '8'}"
295365032,way,Unknown,,,,,44.7354516,34.4020162,{'building': 'warehouse'}
295662354,way,Unknown,,,,,49.8148142,24.1708378,{'building': 'warehouse'}
297097939,way,Unknown,,,,,50.3865442,30.343744,"{'addr:city': 'Вишневе', 'addr:street': 'Промислова вулиця', 'building': 'warehouse', 'building:levels': '1'}"
297097940,way,Unknown,,,,,50.3860071,30.3442255,"{'addr:housenumber': '5', 'addr:street': 'Промислова вулиця', 'building': 'warehouse', 'building:levels': '1'}"
297097941,way,Unknown,,,,,50.3860282,30.3412143,"{'addr:city': 'Вишневе', 'addr:street': 'Промислова вулиця', 'building': 'warehouse', 'building:levels': '1'}"
297258268,way,Unknown,,,,,49.8087689,30.1337329,"{'addr:housenumber': '15з', 'addr:street': 'Глиняна вулиця', 'building': 'warehouse'}"
298875717,way,Unknown,,,,,49.4010701,24.6120809,"{'addr:housenumber': '18-Г', 'addr:street': 'Галицька вулиця', 'building': 'warehouse'}"
298875725,way,Unknown,,,,,49.4093934,24.6114165,{'building': 'warehouse'}
298875727,way,Unknown,,,,,49.4092299,24.6124859,{'building': 'warehouse'}
298875733,way,Unknown,,,,,49.409303,24.6119389,{'building': 'warehouse'}
299300010,way,Unknown,,,,,48.4354328,35.0531555,{'building': 'warehouse'}
299461717,way,"Комунальне оптово-роздрібне підприємство ""Дрібнооптовий""",,,,,50.8825181,34.7802587,"{'addr:housenumber': '160', 'addr:postcode': '40021', 'addr:street': 'вулиця Герасима Кондратьєва', 'alt_name': 'Склад продовольчих товарів', 'building': 'warehouse', 'building:levels': '1', 'height': '3', 'name': 'Комунальне оптово-роздрібне підприємство ""Дрібнооптовий""', 'name:uk': 'Комунальне оптово-роздрібне підприємство ""Дрібнооптовий""', 'opening_hours': 'Mo-Fr 08:00-13:00,14:00-17:00', 'operator': 'Сумська міська рада', 'roof:shape': 'flat'}"
299657053,way,Unknown,,,,,48.8942353,30.6972616,{'building': 'warehouse'}
299708308,way,Unknown,,,,,49.0622492,33.4227233,"{'addr:housenumber': '5', 'building': 'warehouse'}"
299708318,way,Unknown,,,,,49.0601161,33.4214638,{'building': 'warehouse'}
299708333,way,Unknown,,,,,49.0601058,33.4219674,"{'addr:housenumber': '8', 'building': 'warehouse'}"
299708363,way,Unknown,,,,,49.0633419,33.4228272,"{'addr:housenumber': '2', 'building': 'warehouse'}"
299708471,way,Unknown,,,,,49.060514,33.4224131,"{'addr:housenumber': '4а', 'building': 'warehouse'}"
299708506,way,Unknown,,,,,49.0598184,33.4215769,{'building': 'warehouse'}
299708572,way,Unknown,,,,,49.0597215,33.4218016,{'building': 'warehouse'}
299708600,way,Unknown,,,,,49.0622077,33.42242,{'building': 'warehouse'}
299708602,way,Unknown,,,,,49.0623719,33.4219369,{'building': 'warehouse'}
299708604,way,Unknown,,,,,49.0619729,33.422763,"{'addr:housenumber': '1', 'building': 'warehouse'}"
299708605,way,Unknown,,,,,49.0605743,33.4222012,"{'addr:housenumber': '4', 'building': 'warehouse'}"
299708640,way,Unknown,,,,,49.0633203,33.4171421,"{'building': 'warehouse', 'building:levels': '1'}"
299708664,way,Unknown,,,,,49.0601438,33.4209781,{'building': 'warehouse'}
299708684,way,Unknown,,,,,49.0598918,33.4221551,{'building': 'warehouse'}
299708699,way,Unknown,,,,,49.0602886,33.4212294,{'building': 'warehouse'}
299708766,way,Unknown,,,,,49.0625886,33.4220383,"{'addr:housenumber': '7', 'building': 'warehouse'}"
301013891,way,Unknown,,,,,49.0752703,33.4058394,{'building': 'warehouse'}
301013912,way,Unknown,,,,,49.0754221,33.4061868,{'building': 'warehouse'}
301014039,way,Unknown,,,,,49.0751355,33.4063923,{'building': 'warehouse'}
301014360,way,Unknown,,,,,49.0749005,33.4059398,{'building': 'warehouse'}
302983042,way,Unknown,,,,,49.1146308,33.4399708,"{'building': 'warehouse', 'building:levels': '2'}"
303907063,way,Unknown,,,,,50.4527574,30.4092428,"{'building': 'warehouse', 'building:levels': '1', 'building:material': 'metal'}"
304023373,way,Unknown,,,,,50.4504075,30.4006079,"{'building': 'warehouse', 'building:levels': '1', 'building:material': 'metal'}"
304023377,way,Unknown,,,,,50.4505599,30.4004458,"{'building': 'warehouse', 'building:levels': '1', 'building:material': 'metal'}"
304025647,way,Unknown,,,,,50.4483135,30.3969425,"{'building': 'warehouse', 'building:levels': '1', 'building:material': 'metal'}"
304850734,way,Unknown,,,,,44.5145386,33.6143589,{'building': 'warehouse'}
304925434,way,Unknown,,,,,50.4344092,30.409363,"{'building': 'warehouse', 'building:levels': '1'}"
305176108,way,Unknown,,,,,44.5133974,33.6127697,{'building': 'warehouse'}
305176109,way,Unknown,,,,,44.5136825,33.6127618,{'building': 'warehouse'}
305936548,way,Складський комплекс,,,,,50.5190139,30.8320439,"{'building': 'warehouse', 'name': 'Складський комплекс', 'name:ru': 'Складской комплекс', 'name:uk': 'Складський комплекс'}"
306071395,way,Unknown,,,,,50.4912607,30.8287531,"{'addr:city': 'Бровари', 'addr:housenumber': '62', 'addr:postcode': '07400', 'addr:street': 'Обʼїзна дорога', 'building': 'warehouse', 'height': '10'}"
306071396,way,СК Омега-2 Логістик,,,,,50.4852502,30.8261419,"{'addr:housenumber': '68', 'addr:postcode': '07400', 'addr:street': 'Обʼїзна дорога', 'building': 'warehouse', 'description:ru': 'Фоззи бывшие склады', 'height': '15', 'name': 'СК Омега-2 Логістик', 'name:uk': 'СК Омега-2 Логістик'}"
306089966,way,Unknown,,,,,46.343171,30.6989151,{'building': 'warehouse'}
307006422,way,"ТзОВ ""Тексім-Україна""",,,,,49.2485492,23.8289885,"{'addr:city': 'Стрий', 'addr:housenumber': '6', 'addr:postcode': '82400', 'addr:street': 'Матійціва вулиця', 'building': 'warehouse', 'name': 'ТзОВ ""Тексім-Україна""', 'name:en': 'Texim-Ukraine LLC', 'name:uk': 'ТзОВ ""Тексім-Україна""', 'phone': '+380 3245 44 077', 'website': 'http://www.texim.com.ua'}"
308394622,way,Unknown,,,,,48.0951505,29.1159589,{'building': 'warehouse'}
308394662,way,Unknown,,,,,48.0936993,29.1176698,{'building': 'warehouse'}
308492249,way,Unknown,,,,,49.0746494,33.4063558,{'building': 'warehouse'}
308492250,way,Unknown,,,,,49.0748182,33.4063929,{'building': 'warehouse'}
308492251,way,Unknown,,,,,49.075334,33.4066569,{'building': 'warehouse'}
308492252,way,Unknown,,,,,49.074596,33.4061856,{'building': 'warehouse'}
308492253,way,Unknown,,,,,49.075127,33.4056884,{'building': 'warehouse'}
308492255,way,Unknown,,,,,49.0749869,33.4068234,{'building': 'warehouse'}
308576599,way,Unknown,,,,,50.7829724,25.3847052,"{'building': 'warehouse', 'content': 'fuel', 'height': '7', 'man_made': 'storage_tank'}"
308576600,way,Unknown,,,,,50.7832527,25.3829971,"{'building': 'warehouse', 'content': 'fuel', 'height': '7', 'man_made': 'storage_tank'}"
308576601,way,Unknown,,,,,50.78273,25.3845514,"{'building': 'warehouse', 'content': 'fuel', 'height': '7', 'man_made': 'storage_tank'}"
308576602,way,Unknown,,,,,50.783073,25.3844001,"{'building': 'warehouse', 'content': 'fuel', 'height': '7', 'man_made': 'storage_tank'}"
308576603,way,Unknown,,,,,50.7834951,25.3831431,"{'building': 'warehouse', 'content': 'fuel', 'height': '7', 'man_made': 'storage_tank'}"
308576604,way,Unknown,,,,,50.7838892,25.3833987,"{'building': 'warehouse', 'content': 'fuel', 'height': '7', 'man_made': 'storage_tank'}"
308576605,way,Unknown,,,,,50.7833912,25.3834613,"{'building': 'warehouse', 'content': 'fuel', 'height': '7', 'man_made': 'storage_tank'}"
308576606,way,Unknown,,,,,50.7829394,25.3839203,"{'building': 'warehouse', 'content': 'fuel', 'height': '7', 'man_made': 'storage_tank'}"
308576607,way,Unknown,,,,,50.7826195,25.3848617,"{'building': 'warehouse', 'content': 'fuel', 'height': '7', 'man_made': 'storage_tank'}"
308576608,way,Unknown,,,,,50.7828652,25.3850156,"{'building': 'warehouse', 'content': 'fuel', 'height': '7', 'man_made': 'storage_tank'}"
308576609,way,Unknown,,,,,50.7831835,25.3840872,"{'building': 'warehouse', 'content': 'fuel', 'height': '7', 'man_made': 'storage_tank'}"
308576610,way,Unknown,,,,,50.7831538,25.3833074,"{'building': 'warehouse', 'content': 'fuel', 'height': '7', 'man_made': 'storage_tank'}"
308576611,way,Unknown,,,,,50.7840999,25.3836457,"{'building': 'warehouse', 'content': 'fuel', 'height': '7', 'man_made': 'storage_tank'}"
308576612,way,Unknown,,,,,50.7828339,25.384241,"{'building': 'warehouse', 'content': 'fuel', 'height': '7', 'man_made': 'storage_tank'}"
308577400,way,Unknown,,,,,49.8104748,30.112735,"{'building': 'warehouse', 'shop': 'trade'}"
308577402,way,Unknown,,,,,49.8107421,30.1116783,"{'addr:housenumber': '8б', 'addr:street': 'Привокзальна вулиця', 'building': 'warehouse', 'shop': 'trade'}"
308577406,way,Unknown,,,,,49.810941,30.1120849,"{'building': 'warehouse', 'shop': 'trade'}"
308577407,way,Unknown,,,,,49.8109424,30.1127387,"{'building': 'warehouse', 'shop': 'trade'}"
308577413,way,Unknown,,,,,49.8075573,30.122475,"{'building': 'warehouse', 'shop': 'trade'}"
308577414,way,Unknown,,,,,49.8072727,30.1222955,"{'building': 'warehouse', 'shop': 'trade'}"
308577415,way,Unknown,,,,,49.806456,30.1237018,"{'building': 'warehouse', 'shop': 'trade'}"
308673787,way,Unknown,,,,,51.4207699,30.1658516,"{'building': 'warehouse', 'building:levels': '2'}"
309260899,way,Unknown,,,,,47.7889383,35.2195573,{'building': 'warehouse'}
309913951,way,Unknown,,,,,50.430278,30.323164,"{'building': 'warehouse', 'roof:shape': 'gabled'}"
310535943,way,Unknown,,,,,47.2268629,35.6856954,"{'building': 'warehouse', 'building:levels': '1'}"
310535966,way,Unknown,,,,,47.2275128,35.6875428,"{'building': 'warehouse', 'building:levels': '1', 'man_made': 'works'}"
310535985,way,Unknown,,,,,47.230561,35.6931194,"{'building': 'warehouse', 'building:levels': '1'}"
310536074,way,Unknown,,,,,47.23039,35.6919433,"{'building': 'warehouse', 'building:levels': '1'}"
310536082,way,Unknown,,,,,47.2271645,35.6866553,"{'building': 'warehouse', 'building:levels': '1'}"
310536086,way,Unknown,,,,,47.2309702,35.6929647,"{'building': 'warehouse', 'building:levels': '1'}"
310536087,way,Unknown,,,,,47.2303381,35.6909387,"{'building': 'warehouse', 'height': '8'}"
310729769,way,Unknown,,,,,48.944814,38.4777206,{'building': 'warehouse'}
310729783,way,Unknown,,,,,48.9445439,38.4775434,{'building': 'warehouse'}
310793124,way,Unknown,,,,,48.9461291,38.478455,"{'addr:housenumber': '12', 'building': 'warehouse'}"
311174863,way,Unknown,,,,,48.5935384,25.8772928,{'building': 'warehouse'}
311311089,way,Unknown,,,,,48.7592789,26.9664352,{'building': 'warehouse'}
311319640,way,Unknown,,,,,50.4282753,30.3502122,{'building': 'warehouse'}
311319650,way,Unknown,,,,,50.4284008,30.3508519,{'building': 'warehouse'}
311323282,way,Unknown,,,,,50.6612622,29.8278378,{'building': 'warehouse'}
311461976,way,Unknown,,,,,48.6648634,25.4986307,{'building': 'warehouse'}
311478178,way,Unknown,,,,,48.9400597,38.4446121,"{'addr:housenumber': '34', 'addr:street': 'Промислова вулиця', 'building': 'warehouse', 'building:levels': '2'}"
311530503,way,Unknown,,,,,48.5221966,32.2840929,{'building': 'warehouse'}
311530504,way,Unknown,,,,,48.5224487,32.2850646,"{'addr:street': 'вулиця Євгена Маланюка', 'building': 'warehouse'}"
311530506,way,Unknown,,,,,48.5221135,32.2850453,{'building': 'warehouse'}
311530510,way,Unknown,,,,,48.5218759,32.284162,{'building': 'warehouse'}
311530520,way,Unknown,,,,,48.522125,32.2885716,"{'addr:street': 'вулиця Євгена Маланюка', 'building': 'warehouse'}"
312120096,way,Unknown,,,,,48.3645157,29.5370156,{'building': 'warehouse'}
312120103,way,Unknown,,,,,48.3644422,29.5365664,{'building': 'warehouse'}
312120187,way,Unknown,,,,,48.3648376,29.5368782,{'building': 'warehouse'}
312120347,way,Unknown,,,,,48.3640745,29.5359792,{'building': 'warehouse'}
312120358,way,Unknown,,,,,48.3641357,29.5363481,{'building': 'warehouse'}
312271681,way,Unknown,,,,,48.361798,29.5309509,{'building': 'warehouse'}
312271750,way,Unknown,,,,,48.3619777,29.5311459,{'building': 'warehouse'}
312273632,way,Unknown,,,,,48.5287637,29.9278909,{'building': 'warehouse'}
312440972,way,Unknown,,,,,48.5229894,29.9237685,"{'building': 'warehouse', 'building:levels': '1'}"
312442922,way,Unknown,,,,,48.5407652,29.9150916,{'building': 'warehouse'}
312443424,way,Unknown,,,,,48.5316318,29.9167391,"{'building': 'warehouse', 'building:levels': '3'}"
312443901,way,Unknown,,,,,48.533139,29.9147262,{'building': 'warehouse'}
312443907,way,Unknown,,,,,48.5333183,29.9152402,{'building': 'warehouse'}
312444174,way,Unknown,,,,,48.533367,29.9141147,{'building': 'warehouse'}
312445531,way,Unknown,,,,,48.5308483,29.9177112,"{'building': 'warehouse', 'description': 'Покинутий склад', 'disused': 'yes'}"
312449143,way,Unknown,,,,,48.5414885,29.907102,{'building': 'warehouse'}
312449424,way,Unknown,,,,,48.5425432,29.9060897,{'building': 'warehouse'}
312449819,way,Unknown,,,,,48.5414514,29.9087779,{'building': 'warehouse'}
312449882,way,Unknown,,,,,48.5413111,29.9090012,{'building': 'warehouse'}
312525361,way,Unknown,,,,,48.5341997,29.9133648,{'building': 'warehouse'}
312525411,way,Unknown,,,,,48.534142,29.9116642,{'building': 'warehouse'}
312651747,way,Unknown,,,,,48.3677401,29.531092,{'building': 'warehouse'}
313214291,way,Unknown,,,,,49.2953186,33.4488791,{'building': 'warehouse'}
313409168,way,Unknown,,,,,48.3610428,29.5260082,{'building': 'warehouse'}
313409194,way,Unknown,,,,,48.3610357,29.5261468,{'building': 'warehouse'}
313409284,way,Unknown,,,,,48.3608151,29.5266357,{'building': 'warehouse'}
313409982,way,Unknown,,,,,48.3597291,29.5318538,{'building': 'warehouse'}
313411870,way,Unknown,,,,,48.3661271,29.5331862,{'building': 'warehouse'}
313413746,way,Unknown,,,,,48.363662,29.527868,{'building': 'warehouse'}
313414906,way,Колеса,,,,,48.3609697,29.5288866,"{'building': 'warehouse', 'name': 'Колеса', 'name:uk': 'Колеса'}"
313415312,way,Сілько,,,,,48.3618255,29.5237804,"{'building': 'warehouse', 'name': 'Сілько', 'name:uk': 'Сілько'}"
313416019,way,Unknown,,,,,48.3618654,29.5240131,{'building': 'warehouse'}
313868000,way,Unknown,,,,,49.7949934,24.8782251,{'building': 'warehouse'}
313886421,way,Unknown,,,,,49.9166158,24.6105323,{'building': 'warehouse'}
313886423,way,Unknown,,,,,49.9165747,24.6106758,{'building': 'warehouse'}
314082100,way,Склад ОКС,,,,,48.471598,34.95965,"{'building': 'warehouse', 'name': 'Склад ОКС', 'name:uk': 'Склад ОКС'}"
314277200,way,Unknown,,,,,50.1875789,27.0799179,"{'building': 'warehouse', 'building:colour': 'yellow', 'building:levels': '2', 'roof:colour': 'blue', 'roof:levels': '1', 'roof:shape': 'gabled'}"
314888270,way,Unknown,,,,,48.3563116,32.6512361,{'building': 'warehouse'}
315282307,way,Unknown,,,,,48.360477,25.0281106,{'building': 'warehouse'}
315616754,way,Хімічний склад,,,,,49.8865786,29.9894793,"{'building': 'warehouse', 'name': 'Хімічний склад', 'name:ru': 'Химический состав', 'name:uk': 'Хімічний склад'}"
316247617,way,Unknown,,,,,50.5629684,30.2777506,"{'building': 'warehouse', 'building:levels': '4'}"
316247685,way,Unknown,,,,,50.5629137,30.2765489,"{'building': 'warehouse', 'building:levels': '2'}"
316374317,way,Unknown,,,,,51.3263226,28.7948288,{'building': 'warehouse'}
316379126,way,Unknown,,,,,49.8864289,29.974367,{'building': 'warehouse'}
316611103,way,Unknown,,,,,48.5510746,29.9259226,{'building': 'warehouse'}
316667264,way,Unknown,,,,,49.8871597,29.9736648,"{'addr:street': 'Молодіжна вулиця', 'building': 'warehouse'}"
316729702,way,Unknown,,,,,48.560519,29.931104,{'building': 'warehouse'}
316838420,way,Unknown,,,,,48.5575554,29.9268501,{'building': 'warehouse'}
316838467,way,Unknown,,,,,48.5574326,29.9274597,"{'building': 'warehouse', 'description': 'Склад техніки'}"
316838470,way,Unknown,,,,,48.5573277,29.9280757,"{'building': 'warehouse', 'description': 'Склад техніки'}"
316838480,way,Unknown,,,,,48.5571242,29.9272512,{'building': 'warehouse'}
316994024,way,Unknown,,,,,50.1668958,27.0719426,{'building': 'warehouse'}
317769106,way,Unknown,,,,,50.4787015,30.5350775,"{'building': 'warehouse', 'building:levels': '1', 'height': '3 m', 'roof:shape': 'round'}"
318011390,way,Unknown,,,,,48.5225929,32.2746635,"{'addr:housenumber': '75а', 'building': 'warehouse'}"
318011392,way,Unknown,,,,,48.5229549,32.2747442,{'building': 'warehouse'}
318011395,way,Unknown,,,,,48.5212125,32.2732444,{'building': 'warehouse'}
318011397,way,Unknown,,,,,48.52146,32.273726,{'building': 'warehouse'}
318301555,way,Unknown,,,,,48.2837847,37.1958609,{'building': 'warehouse'}
318377820,way,Delivery,,,,,50.4906193,30.3394649,"{'addr:housenumber': '2', 'addr:street': 'вулиця Пономарьова', 'building': 'warehouse', 'name': 'Delivery', 'name:uk': 'Delivery'}"
318932931,way,Оптова продуктова база,,,,,48.2783268,37.1748026,"{'building': 'warehouse', 'building:levels': '1', 'name': 'Оптова продуктова база', 'name:uk': 'Оптова продуктова база'}"
319423720,way,Unknown,,,,,48.5176181,39.2887204,"{'addr:housenumber': '5а', 'addr:street': '11-й Лутугінський проїзд', 'building': 'warehouse'}"
319428834,way,Unknown,,,,,48.5194972,39.2922938,"{'addr:housenumber': '133', 'addr:street': 'Лутугінська вулиця', 'building': 'warehouse', 'building:levels': '3'}"
320797281,way,Unknown,,,,,50.4495314,30.3658693,{'building': 'warehouse'}
320797282,way,Unknown,,,,,50.4497035,30.3660878,{'building': 'warehouse'}
320798000,way,Unknown,,,,,50.4493937,30.3658879,{'building': 'warehouse'}
321492414,way,Unknown,,,,,48.576801,32.3795028,{'building': 'warehouse'}
321492415,way,Unknown,,,,,48.5763092,32.3789747,{'building': 'warehouse'}
321750038,way,Склад,,,,,49.0184878,38.3532864,"{'building': 'warehouse', 'name': 'Склад', 'name:uk': 'Склад'}"
322860064,way,Unknown,,,,,50.4419782,30.3856531,{'building': 'warehouse'}
322860065,way,Unknown,,,,,50.4418956,30.3866416,{'building': 'warehouse'}
322873724,way,Unknown,,,,,50.4217277,30.4027016,"{'addr:housenumber': '14', 'addr:street': 'Пшенична вулиця', 'building': 'warehouse', 'building:levels': '1.5', 'roof:shape': 'round'}"
323035593,way,Unknown,,,,,49.1117954,28.6815754,"{'building': 'warehouse', 'building:levels': '1'}"
323118860,way,Unknown,,,,,49.384334,27.6011498,"{'building': 'warehouse', 'building:levels': '2'}"
323121525,way,Unknown,,,,,49.3857447,27.5934577,"{'building': 'warehouse', 'building:levels': '1'}"
323160516,way,Unknown,,,,,49.3750122,27.6222907,"{'building': 'warehouse', 'building:levels': '1'}"
323160531,way,Unknown,,,,,49.3751885,27.6224391,"{'building': 'warehouse', 'building:levels': '1'}"
323160544,way,Unknown,,,,,49.3751126,27.6217961,{'building': 'warehouse'}
323161027,way,Unknown,,,,,49.3759118,27.6195784,{'building': 'warehouse'}
323161287,way,Unknown,,,,,49.375776,27.6206747,"{'addr:housenumber': '18', 'addr:postcode': '31500', 'addr:street': 'вулиця Комарова', 'building': 'warehouse', 'building:levels': '1'}"
323161488,way,Unknown,,,,,49.3758313,27.6209524,"{'addr:housenumber': '20', 'addr:postcode': '31500', 'addr:street': 'вулиця Комарова', 'building': 'warehouse', 'building:levels': '1'}"
323424348,way,Unknown,,,,,49.3826979,27.6186661,"{'addr:postcode': '31500', 'building': 'warehouse', 'building:levels': '1'}"
323425108,way,Unknown,,,,,49.3823978,27.6174879,"{'building': 'warehouse', 'building:levels': '1'}"
323425312,way,Unknown,,,,,49.3824924,27.6176166,{'building': 'warehouse'}
323425696,way,Unknown,,,,,49.3827237,27.6188991,{'building': 'warehouse'}
323426067,way,Unknown,,,,,49.3826259,27.6192111,"{'addr:postcode': '31500', 'building': 'warehouse', 'building:levels': '1'}"
323429106,way,Unknown,,,,,49.3827013,27.6184186,{'building': 'warehouse'}
323430114,way,Unknown,,,,,49.3823584,27.6171978,"{'addr:postcode': '31500', 'addr:street': 'вулиця Івана Франка', 'building': 'warehouse', 'building:levels': '1'}"
323431847,way,Unknown,,,,,49.3850132,27.6258575,"{'building': 'warehouse', 'building:levels': '1'}"
323431852,way,Unknown,,,,,49.384142,27.6250713,{'building': 'warehouse'}
323440308,way,Unknown,,,,,49.3815913,27.6231433,"{'addr:postcode': '31500', 'building': 'warehouse', 'building:levels': '1'}"
323440422,way,Unknown,,,,,49.381579,27.6227819,"{'building': 'warehouse', 'building:levels': '1'}"
323453026,way,Unknown,,,,,49.3800887,27.6163591,"{'building': 'warehouse', 'building:levels': '1'}"
323454814,way,Unknown,,,,,49.3799078,27.6164306,"{'addr:postcode': '31500', 'building': 'warehouse', 'building:levels': '1'}"
323454830,way,Unknown,,,,,49.3798566,27.6165717,"{'addr:postcode': '31500', 'building': 'warehouse', 'building:levels': '1'}"
323461675,way,Unknown,,,,,49.3869671,27.639379,"{'addr:postcode': '31500', 'building': 'warehouse'}"
323461823,way,Unknown,,,,,49.3870381,27.6397896,"{'addr:postcode': '31500', 'building': 'warehouse', 'building:levels': '1'}"
323462107,way,Unknown,,,,,49.3876666,27.6397578,{'building': 'warehouse'}
323462173,way,Unknown,,,,,49.3870697,27.6402159,{'building': 'warehouse'}
323464958,way,Unknown,,,,,49.3888018,27.640437,"{'addr:postcode': '31500', 'building': 'warehouse', 'building:levels': '3'}"
323465225,way,Unknown,,,,,49.3888254,27.6413959,"{'building': 'warehouse', 'building:levels': '1'}"
323468382,way,Unknown,,,,,49.3885255,27.6443287,"{'building': 'warehouse', 'building:levels': '2'}"
323468746,way,Unknown,,,,,49.3875043,27.6427692,{'building': 'warehouse'}
323486739,way,Unknown,,,,,49.3840484,27.6445128,"{'addr:postcode': '31500', 'addr:street': 'вулиця Юрія Савіцького', 'building': 'warehouse', 'building:levels': '2'}"
323487370,way,Unknown,,,,,49.3872034,27.6220943,"{'addr:housenumber': '33/1', 'addr:postcode': '31500', 'addr:street': 'вулиця Івана Франка', 'building': 'warehouse', 'building:levels': '2'}"
323487945,way,Unknown,,,,,49.3899559,27.6305005,"{'addr:postcode': '31500', 'addr:street': 'вулиця Кармалюка', 'building': 'warehouse'}"
323612073,way,Unknown,,,,,49.3798692,27.6147211,"{'addr:housenumber': '9/4', 'addr:postcode': '31500', 'addr:street': 'вулиця Шевченка', 'building': 'warehouse', 'building:levels': '1'}"
324209140,way,Unknown,,,,,48.9197268,32.3692869,{'building': 'warehouse'}
324210458,way,Unknown,,,,,48.9166592,32.3615207,{'building': 'warehouse'}
324212693,way,Unknown,,,,,48.9161382,32.3636618,{'building': 'warehouse'}
325333166,way,Unknown,,,,,49.0247434,38.1836713,"{'building': 'warehouse', 'building:levels': '1', 'description': 'Госпбудівлі школи-інтерната'}"
325692800,way,Unknown,,,,,49.561697,34.5353085,{'building': 'warehouse'}
326313727,way,Unknown,,,,,49.3824884,27.6310038,"{'addr:postcode': '31500', 'building': 'warehouse', 'building:levels': '1'}"
326313737,way,Unknown,,,,,49.3825283,27.6300073,"{'addr:postcode': '31500', 'building': 'warehouse', 'building:levels': '1'}"
326313740,way,Unknown,,,,,49.3823225,27.6299009,{'building': 'warehouse'}
326313742,way,Unknown,,,,,49.3823308,27.6301598,{'building': 'warehouse'}
326404859,way,Unknown,,,,,49.3793273,27.6367722,"{'addr:postcode': '31500', 'building': 'warehouse', 'building:levels': '1'}"
326542359,way,Unknown,,,,,49.392754,27.6375301,"{'addr:postcode': '31500', 'building': 'warehouse', 'building:levels': '1'}"
326542372,way,Unknown,,,,,49.3930138,27.6383419,"{'addr:postcode': '31500', 'building': 'warehouse', 'building:levels': '1'}"
326542517,way,Unknown,,,,,49.3934706,27.6390338,"{'addr:postcode': '31500', 'building': 'warehouse', 'building:levels': '1'}"
326548169,way,Unknown,,,,,49.3848502,27.6381642,"{'addr:housenumber': '54/1', 'addr:postcode': '31500', 'building': 'warehouse', 'building:levels': '1'}"
326593603,way,Автошкола,,,,,49.3882024,27.6255412,"{'addr:postcode': '31500', 'building': 'warehouse', 'name': 'Автошкола', 'name:uk': 'Автошкола'}"
326602241,way,Unknown,,,,,49.3894543,27.6422594,"{'addr:postcode': '31500', 'addr:street': 'вулиця Затонського', 'building': 'warehouse', 'building:levels': '1'}"
326640511,way,Unknown,,,,,49.4304392,27.6012723,"{'addr:city': 'Летичів', 'addr:postcode': '31500', 'building': 'warehouse', 'building:levels': '2'}"
326640524,way,Unknown,,,,,49.4305429,27.6016078,"{'addr:city': 'Летичів', 'addr:postcode': '31500', 'building': 'warehouse', 'building:levels': '2', 'note': 'Кадастровий номер - 6823055100:10:001:0001 Власник - Заболотний Володимир Аполлінарович, Ковальчук Іван Олексійович'}"
326640525,way,Unknown,,,,,49.4307805,27.6018136,"{'addr:city': 'Летичів', 'addr:postcode': '31500', 'building': 'warehouse', 'building:levels': '2'}"
326649295,way,Unknown,,,,,49.3853932,27.5985114,"{'addr:postcode': '31500', 'addr:street': 'вулиця Богдана Хмельницького', 'building': 'warehouse', 'building:levels': '1'}"
326649857,way,Unknown,,,,,49.382397,27.5992537,"{'addr:postcode': '31500', 'addr:street': 'вулиця Маринюка', 'building': 'warehouse', 'building:levels': '1'}"
326822554,way,Unknown,,,,,49.384669,27.5989843,"{'addr:postcode': '31500', 'addr:street': 'вулиця Богдана Хмельницького', 'building': 'warehouse', 'building:levels': '1'}"
326822995,way,Unknown,,,,,49.3845027,27.6008745,"{'addr:postcode': '31500', 'building': 'warehouse'}"
326924961,way,Unknown,,,,,49.387052,27.6223424,{'building': 'warehouse'}
327026327,way,Unknown,,,,,49.2489702,25.9325152,{'building': 'warehouse'}
327027293,way,Unknown,,,,,49.250595,25.9315723,"{'addr:city': 'перемилів', 'building': 'warehouse'}"
327088862,way,Unknown,,,,,49.2496804,25.9312192,{'building': 'warehouse'}
327247187,way,Unknown,,,,,49.3844261,27.6371553,"{'addr:housenumber': '54/3', 'addr:postcode': '31500', 'building': 'warehouse', 'building:levels': '1'}"
327756790,way,Unknown,,,,,49.262959,25.9206943,{'building': 'warehouse'}
327756799,way,Unknown,,,,,49.2633498,25.9219424,{'building': 'warehouse'}
327756801,way,Unknown,,,,,49.2640159,25.920089,{'building': 'warehouse'}
328712160,way,Unknown,,,,,48.6697611,25.501022,{'building': 'warehouse'}
328721053,way,Unknown,,,,,48.4269836,35.1247477,"{'addr:housenumber': '1-Г', 'building': 'warehouse', 'building:levels': '1'}"
329323882,way,Unknown,,,,,49.9465283,36.4094069,{'building': 'warehouse'}
329446608,way,Unknown,,,,,48.4569112,35.1103512,"{'building': 'warehouse', 'building:levels': '1'}"
330103146,way,Unknown,,,,,48.335185,31.5108676,{'building': 'warehouse'}
330103148,way,Unknown,,,,,48.3354032,31.5086845,{'building': 'warehouse'}
330103149,way,Unknown,,,,,48.3352809,31.5099402,{'building': 'warehouse'}
330340740,way,Unknown,,,,,50.4619243,30.4432365,"{'building': 'warehouse', 'building:colour': 'grey', 'building:levels': '1', 'building:material': 'metal', 'height': '4', 'roof:colour': 'black', 'roof:shape': 'flat'}"
330485784,way,Nemiroff,,,,,48.9873799,28.8742831,"{'addr:housenumber': '224', 'addr:postcode': '22800', 'addr:street': 'Соборна вулиця', 'building': 'warehouse', 'name': 'Nemiroff', 'name:uk': 'Nemiroff'}"
330548434,way,Unknown,,,,,48.5126681,32.1826023,"{'addr:housenumber': '37-Е', 'building': 'warehouse'}"
330966937,way,Unknown,,,,,49.3853853,27.6252657,"{'addr:postcode': '31500', 'building': 'warehouse', 'building:levels': '1'}"
330967445,way,Unknown,,,,,49.3856847,27.6243667,"{'addr:postcode': '31500', 'building': 'warehouse', 'building:levels': '1'}"
330967451,way,Unknown,,,,,49.3856569,27.6253962,"{'addr:postcode': '31500', 'building': 'warehouse', 'building:levels': '1'}"
330967469,way,Unknown,,,,,49.3859823,27.6246104,"{'addr:postcode': '31500', 'building': 'warehouse', 'building:levels': '1'}"
330967473,way,Unknown,,,,,49.3862352,27.6249554,"{'addr:postcode': '31500', 'building': 'warehouse', 'building:levels': '1'}"
330999449,way,Unknown,,,,,49.38713,27.6260567,{'building': 'warehouse'}
331001177,way,Unknown,,,,,49.3844214,27.6248117,{'building': 'warehouse'}
331914164,way,Строительные товары,,,,,44.633433,33.5739204,"{'building': 'warehouse', 'name': 'Строительные товары', 'name:uk': 'Будівельні товари', 'shop': 'hardware'}"
332585300,way,Unknown,,,,,48.2762178,37.1730926,{'building': 'warehouse'}
332585306,way,Unknown,,,,,48.2762979,37.1713215,{'building': 'warehouse'}
332585316,way,Unknown,,,,,48.2767216,37.1726627,{'building': 'warehouse'}
332585323,way,Unknown,,,,,48.2767471,37.1720251,{'building': 'warehouse'}
334382460,way,Unknown,,,,,45.4454791,34.7357609,{'building': 'warehouse'}
334382671,way,Unknown,,,,,45.4446826,34.7355503,{'building': 'warehouse'}
334382672,way,Unknown,,,,,45.4448265,34.7359846,{'building': 'warehouse'}
334461973,way,Unknown,,,,,45.4523576,34.7309105,{'building': 'warehouse'}
334461974,way,Unknown,,,,,45.4521906,34.7310332,{'building': 'warehouse'}
334810627,way,Unknown,,,,,48.2900757,37.2032721,{'building': 'warehouse'}
334810628,way,Unknown,,,,,48.2899685,37.203484,{'building': 'warehouse'}
334810629,way,Unknown,,,,,48.2901193,37.2034553,{'building': 'warehouse'}
334810630,way,Unknown,,,,,48.2900351,37.2036153,{'building': 'warehouse'}
334810651,way,Unknown,,,,,48.282716,37.2002523,{'building': 'warehouse'}
334810652,way,Unknown,,,,,48.2826217,37.1998199,{'building': 'warehouse'}
334810653,way,Unknown,,,,,48.2824076,37.199884,{'building': 'warehouse'}
334810654,way,Unknown,,,,,48.2823652,37.2007117,{'building': 'warehouse'}
335200211,way,Unknown,,,,,45.6541369,33.0759879,{'building': 'warehouse'}
335294721,way,Unknown,,,,,49.7197635,28.8181531,{'building': 'warehouse'}
335347062,way,Unknown,,,,,49.708286,28.8284015,{'building': 'warehouse'}
335563400,way,Unknown,,,,,49.4056713,26.238045,{'building': 'warehouse'}
335609730,way,Unknown,,,,,48.4902902,32.2499964,{'building': 'warehouse'}
335768797,way,Unknown,,,,,50.2813998,24.6446658,{'building': 'warehouse'}
335995048,way,Інтайм,,,,,50.5066334,30.8197462,"{'addr:housenumber': '8б', 'addr:street': 'вулиця Олега Оникієнка', 'building': 'warehouse', 'name': 'Інтайм', 'name:ru': 'Интайм', 'name:uk': 'Інтайм'}"
336115198,way,Unknown,,,,,48.944218,39.0212947,"{'building': 'warehouse', 'building:levels': '1'}"
336116773,way,Unknown,,,,,48.9452743,39.021383,{'building': 'warehouse'}
336116860,way,Unknown,,,,,48.9453108,39.0220065,{'building': 'warehouse'}
336122116,way,Unknown,,,,,49.2624041,25.9150851,{'building': 'warehouse'}
337331811,way,Регіон-2001,,,,,50.5972066,30.8946353,"{'addr:housenumber': '19', 'addr:postcode': '07442', 'addr:street': 'Промислова вулиця', 'building': 'warehouse', 'name': 'Регіон-2001', 'name:uk': 'Регіон-2001'}"
337339438,way,Unknown,,,,,48.7724415,29.9906822,"{'building': 'warehouse', 'building:levels': '1'}"
337361949,way,Unknown,,,,,49.3825299,27.6148342,{'building': 'warehouse'}
337361970,way,Unknown,,,,,49.3826736,27.6148945,{'building': 'warehouse'}
337362171,way,Unknown,,,,,49.3826418,27.6150163,{'building': 'warehouse'}
337362288,way,Unknown,,,,,49.3828019,27.6152656,{'building': 'warehouse'}
338043989,way,Unknown,,,,,50.7671753,25.3480008,"{'building': 'warehouse', 'building:levels': '1', 'roof:shape': 'gabled'}"
338118739,way,Unknown,,,,,48.2764707,37.1750845,"{'building': 'warehouse', 'building:levels': '1'}"
338118740,way,Unknown,,,,,48.2768047,37.1740806,"{'building': 'warehouse', 'building:levels': '1'}"
338157065,way,Критий склад ОКСу,,,,,48.5200778,34.6593563,"{'building': 'warehouse', 'name': 'Критий склад ОКСу'}"
338157067,way,Unknown,,,,,48.5190506,34.6599005,{'building': 'warehouse'}
338372990,way,Unknown,,,,,50.6258601,31.0288671,{'building': 'warehouse'}
338372992,way,Unknown,,,,,50.6261796,31.027757,{'building': 'warehouse'}
338510436,way,"Склад магазина ""Хозяин""",,,,,48.2827285,37.1738354,"{'building': 'warehouse', 'building:levels': '1', 'name': 'Склад магазина ""Хозяин""', 'name:uk': 'Склад магазина ""Хозяин""'}"
338510438,way,"Склад магазина ""Хозяин""",,,,,48.28319,37.1738038,"{'building': 'warehouse', 'building:levels': '1', 'name': 'Склад магазина ""Хозяин""', 'name:uk': 'Склад магазина ""Хозяин""'}"
338982856,way,Unknown,,,,,49.3799961,27.6146709,{'building': 'warehouse'}
338983402,way,Unknown,,,,,49.3794829,27.6153232,{'building': 'warehouse'}
338983405,way,Unknown,,,,,49.3792486,27.615312,{'building': 'warehouse'}
338983406,way,Unknown,,,,,49.3793771,27.6153181,{'building': 'warehouse'}
338983486,way,Unknown,,,,,49.3793613,27.615687,{'building': 'warehouse'}
338983487,way,Unknown,,,,,49.3793011,27.6157305,{'building': 'warehouse'}
338983488,way,Unknown,,,,,49.3792204,27.6157043,{'building': 'warehouse'}
338983489,way,Unknown,,,,,49.379587,27.6156599,{'building': 'warehouse'}
339896102,way,Unknown,,,,,46.1753631,34.8128849,{'building': 'warehouse'}
339896103,way,Unknown,,,,,46.1757129,34.8130821,{'building': 'warehouse'}
339896104,way,Unknown,,,,,46.1755642,34.8131636,{'building': 'warehouse'}
341134511,way,Unknown,,,,,50.5592588,30.8459071,{'building': 'warehouse'}
341136427,way,Unknown,,,,,50.5570773,30.8521714,{'building': 'warehouse'}
341136429,way,Unknown,,,,,50.5560831,30.8548621,{'building': 'warehouse'}
341192068,way,Unknown,,,,,48.7339016,29.9672507,{'building': 'warehouse'}
341192069,way,Unknown,,,,,48.7346761,29.966204,{'building': 'warehouse'}
341192070,way,Unknown,,,,,48.7339963,29.9661569,{'building': 'warehouse'}
341777242,way,Unknown,,,,,46.4364465,30.6488778,{'building': 'warehouse'}
341838638,way,Unknown,,,,,50.4931284,30.469339,"{'building': 'warehouse', 'building:levels': '2'}"
343456174,way,Unknown,,,,,49.1754462,30.7776242,"{'addr:street': 'Поштова вулиця', 'building': 'warehouse', 'building:levels': '1'}"
344209758,way,Unknown,,,,,49.9373622,36.2947597,{'building': 'warehouse'}
344680524,way,Unknown,,,,,49.6957477,37.1591891,{'building': 'warehouse'}
345626661,way,Unknown,,,,,48.6117593,22.272169,{'building': 'warehouse'}
345626662,way,Unknown,,,,,48.6131179,22.2717131,{'building': 'warehouse'}
345626686,way,Unknown,,,,,48.6122638,22.2718677,{'building': 'warehouse'}
345626696,way,Unknown,,,,,48.6124459,22.2718343,{'building': 'warehouse'}
345626704,way,Unknown,,,,,48.6128929,22.2717415,{'building': 'warehouse'}
345626711,way,Unknown,,,,,48.6132074,22.2721279,{'building': 'warehouse'}
345626715,way,Unknown,,,,,48.6126235,22.2722857,{'building': 'warehouse'}
345626769,way,Unknown,,,,,48.6120916,22.2721375,{'building': 'warehouse'}
345626771,way,Unknown,,,,,48.6120205,22.271956,{'building': 'warehouse'}
346379837,way,Unknown,,,,,48.443873,35.0270277,{'building': 'warehouse'}
346379839,way,Unknown,,,,,48.4435428,35.0267219,{'building': 'warehouse'}
346379840,way,Unknown,,,,,48.4441403,35.0272748,{'building': 'warehouse'}
346379841,way,Unknown,,,,,48.4443712,35.0274876,{'building': 'warehouse'}
346379842,way,Unknown,,,,,48.4445293,35.0276326,{'building': 'warehouse'}
346649600,way,Unknown,,,,,50.443042,30.5356477,"{'building': 'warehouse', 'building:levels': '1'}"
347004930,way,Unknown,,,,,48.5334634,32.2504951,{'building': 'warehouse'}
347006403,way,Unknown,,,,,48.5328478,32.2493416,{'building': 'warehouse'}
347006692,way,Unknown,,,,,48.5325677,32.2501199,{'building': 'warehouse'}
347950712,way,Unknown,,,,,50.3599291,33.7342115,{'building': 'warehouse'}
348350615,way,Unknown,,,,,49.8448994,36.6688163,{'building': 'warehouse'}
348350719,way,Unknown,,,,,49.8445721,36.6695031,{'building': 'warehouse'}
348597752,way,Unknown,,,,,48.5209775,32.2006072,{'building': 'warehouse'}
348676405,way,Unknown,,,,,48.5290002,32.2170799,"{'addr:housenumber': '174а', 'building': 'warehouse'}"
348676406,way,Unknown,,,,,48.5292182,32.217434,{'building': 'warehouse'}
349335270,way,Unknown,,,,,48.529297,32.2626585,{'building': 'warehouse'}
349670963,way,Unknown,,,,,50.4305755,30.3830249,"{'building': 'warehouse', 'building:levels': '3'}"
350994112,way,Unknown,,,,,48.3931435,34.9979697,{'building': 'warehouse'}
351019620,way,Unknown,,,,,50.4531133,30.4233197,"{'building': 'warehouse', 'building:levels': '1'}"
351019632,way,Unknown,,,,,50.453806,30.4189051,{'building': 'warehouse'}
351219849,way,Unknown,,,,,48.4226004,35.0220034,{'building': 'warehouse'}
352302660,way,Unknown,,,,,50.4248295,30.4040087,"{'building': 'warehouse', 'building:levels': '2'}"
352302672,way,Unknown,,,,,50.427616,30.401157,"{'building': 'warehouse', 'building:levels': '2', 'roof:shape': 'gabled'}"
352302698,way,Unknown,,,,,50.4274732,30.4012771,{'building': 'warehouse'}
352325150,way,Unknown,,,,,48.9655961,32.066398,{'building': 'warehouse'}
352325153,way,Unknown,,,,,48.9647837,32.0661897,{'building': 'warehouse'}
352325155,way,Unknown,,,,,48.9644338,32.0659371,{'building': 'warehouse'}
352325158,way,Unknown,,,,,48.963825,32.0656445,{'building': 'warehouse'}
352325160,way,Unknown,,,,,48.9634386,32.0653856,{'building': 'warehouse'}
352325161,way,Unknown,,,,,48.9628722,32.065133,{'building': 'warehouse'}
352325162,way,Unknown,,,,,48.9625202,32.0649944,{'building': 'warehouse'}
352325163,way,Unknown,,,,,48.9621015,32.0647725,{'building': 'warehouse'}
352325165,way,Unknown,,,,,48.9635239,32.0632923,{'building': 'warehouse'}
352358774,way,Unknown,,,,,48.965811,32.0669655,{'building': 'warehouse'}
352358775,way,Unknown,,,,,48.9646373,32.0644374,{'building': 'warehouse'}
352358776,way,Unknown,,,,,48.9640308,32.0661682,{'building': 'warehouse'}
352622276,way,Unknown,,,,,48.4893013,35.0685191,"{'aeroway': 'hangar', 'building': 'warehouse'}"
352645931,way,Unknown,,,,,50.4144644,30.4135614,"{'addr:housenumber': '49', 'addr:street': 'вулиця 9 Травня', 'building': 'warehouse', 'building:levels': '3'}"
352886957,way,Unknown,,,,,50.4037113,30.4280676,{'building': 'warehouse'}
352886971,way,Unknown,,,,,50.403518,30.4278536,{'building': 'warehouse'}
353499651,way,Unknown,,,,,50.4556951,30.3882785,"{'addr:housenumber': '1-Б', 'addr:street': 'Святошинська вулиця', 'building': 'warehouse', 'building:levels': '1'}"
353499669,way,Unknown,,,,,50.4508295,30.3896717,"{'building': 'warehouse', 'building:levels': '1'}"
353499733,way,Unknown,,,,,50.4515428,30.3877774,{'building': 'warehouse'}
354136416,way,Unknown,,,,,49.8354759,23.9893243,{'building': 'warehouse'}
354136417,way,Unknown,,,,,49.8354406,23.9901482,"{'addr:housenumber': '128а', 'addr:postcode': '79015', 'addr:street': 'Городоцька вулиця', 'building': 'warehouse'}"
354491117,way,Unknown,,,,,48.086593,38.0777086,{'building': 'warehouse'}
355180564,way,Unknown,,,,,48.7564271,32.0798324,{'building': 'warehouse'}
355300813,way,Медсклад,,,,,48.0790456,38.1404764,"{'building': 'warehouse', 'name': 'Медсклад', 'name:uk': 'Медсклад'}"
355300814,way,Unknown,,,,,48.0788251,38.1408818,{'building': 'warehouse'}
355336691,way,Unknown,,,,,51.4803974,23.8724421,"{'addr:housenumber': '27б', 'building': 'warehouse', 'building:levels': '1'}"
355337792,way,Unknown,,,,,51.4812025,23.8731953,"{'addr:housenumber': '13', 'building': 'warehouse', 'building:levels': '1'}"
356304307,way,Склад,,,,,48.0698991,38.0706492,"{'building': 'warehouse', 'name': 'Склад', 'name:uk': 'Склад'}"
357271767,way,Unknown,,,,,50.4618898,30.4509624,"{'addr:housenumber': '31', 'addr:street': 'Дегтярівська вулиця', 'building': 'warehouse', 'building:levels': '1', 'roof:shape': 'skillion'}"
357522423,way,Склад палива,,,,,48.5246117,34.6331768,"{'building': 'warehouse', 'name': 'Склад палива', 'name:uk': 'Склад палива'}"
357544490,way,Unknown,,,,,47.2356942,35.705119,"{'building': 'warehouse', 'building:levels': '2'}"
357544493,way,Unknown,,,,,47.235574,35.704911,"{'building': 'warehouse', 'building:levels': '1'}"
358682923,way,Unknown,,,,,51.1929595,33.9481521,{'building': 'warehouse'}
359187177,way,Unknown,,,,,48.409338,35.03537,{'building': 'warehouse'}
359187192,way,Unknown,,,,,48.4086903,35.0333131,{'building': 'warehouse'}
359187201,way,Unknown,,,,,48.410803,35.0325876,{'building': 'warehouse'}
359187205,way,Unknown,,,,,48.4108279,35.0331951,{'building': 'warehouse'}
359187219,way,Unknown,,,,,48.4108514,35.0338692,{'building': 'warehouse'}
359187233,way,Unknown,,,,,48.411276,35.0314647,{'building': 'warehouse'}
359187238,way,Unknown,,,,,48.4079198,35.0330313,{'building': 'warehouse'}
359187243,way,Unknown,,,,,48.411632,35.031013,{'building': 'warehouse'}
359187258,way,Unknown,,,,,48.4113447,35.0330831,{'building': 'warehouse'}
359187260,way,Unknown,,,,,48.4081597,35.0337084,{'building': 'warehouse'}
359187261,way,Unknown,,,,,48.4112889,35.0312036,{'building': 'warehouse'}
359187265,way,Unknown,,,,,48.4116044,35.0313343,{'building': 'warehouse'}
359187269,way,Unknown,,,,,48.4108173,35.0316615,{'building': 'warehouse'}
359187271,way,Unknown,,,,,48.4119141,35.0312258,{'building': 'warehouse'}
359187277,way,Unknown,,,,,48.4083995,35.0328626,{'building': 'warehouse'}
359187278,way,Unknown,,,,,48.4116391,35.0323762,{'building': 'warehouse'}
359187284,way,Unknown,,,,,48.4088791,35.0374337,{'building': 'warehouse'}
359887569,way,Unknown,,,,,50.419301,30.4272882,"{'building': 'warehouse', 'building:levels': '1', 'roof:shape': 'round'}"
359887578,way,Unknown,,,,,50.4190076,30.4269236,"{'building': 'warehouse', 'building:levels': '1'}"
359904991,way,Unknown,,,,,48.5799557,32.2392289,{'building': 'warehouse'}
359904993,way,Unknown,,,,,48.5444315,32.3187232,{'building': 'warehouse'}
359905020,way,Unknown,,,,,48.5968815,32.2612738,{'building': 'warehouse'}
359905025,way,Unknown,,,,,48.5808579,32.2371957,{'building': 'warehouse'}
359905042,way,Unknown,,,,,48.5795053,32.2389395,"{'building': 'warehouse', 'layer': '1'}"
359905051,way,Unknown,,,,,48.5810592,32.2372375,{'building': 'warehouse'}
360031880,way,Unknown,,,,,50.4211225,30.428205,{'building': 'warehouse'}
360031882,way,Unknown,,,,,50.4191721,30.4289687,{'building': 'warehouse'}
360031884,way,Unknown,,,,,50.4190722,30.4289403,{'building': 'warehouse'}
360290511,way,Unknown,,,,,50.4649086,30.3695544,"{'building': 'warehouse', 'building:levels': '1'}"
360290516,way,Unknown,,,,,50.4660622,30.3709664,{'building': 'warehouse'}
360290518,way,Unknown,,,,,50.4663731,30.371217,{'building': 'warehouse'}
360579349,way,Unknown,,,,,44.6506597,33.5888562,"{'addr:housenumber': '7', 'addr:street': 'улица Энергетиков', 'building': 'warehouse', 'building:levels': '1', 'description': 'Холодильник'}"
361383864,way,Unknown,,,,,51.6366101,31.5501837,{'building': 'warehouse'}
361415188,way,Unknown,,,,,51.6441348,31.5656855,"{'building': 'warehouse', 'building:levels': '-1', 'note': 'Старі іржаві цистерні закопані в землю'}"
361639372,way,Unknown,,,,,48.3884522,35.0457822,"{'building': 'warehouse', 'building:levels': '2'}"
361639376,way,Unknown,,,,,48.3882001,35.0451863,"{'addr:housenumber': '5', 'addr:street': 'Старокодацька вулиця', 'building': 'warehouse', 'building:levels': '2'}"
362047177,way,Unknown,,,,,47.8064239,35.3599284,"{'addr:postcode': '70431', 'addr:street': 'Центральна вулиця', 'building': 'warehouse', 'building:levels': '1'}"
362588945,way,Unknown,,,,,48.2715988,25.9538173,"{'addr:housenumber': '9-А', 'addr:street': 'вулиця Володимира Винниченка', 'building': 'warehouse'}"
362727561,way,Unknown,,,,,49.6571155,23.4954355,{'building': 'warehouse'}
362804153,way,Unknown,,,,,45.6395684,29.3704697,"{'addr:postcode': '68330', 'addr:street': 'вулиця Василя Полякова', 'building': 'warehouse'}"
363178482,way,Unknown,,,,,50.7571923,25.3305024,"{'building': 'warehouse', 'building:levels': '1', 'roof:shape': 'pitched'}"
363326318,way,Unknown,,,,,50.4419531,30.6676484,{'building': 'warehouse'}
364408206,way,Unknown,,,,,49.2641185,23.8694122,{'building': 'warehouse'}
364408212,way,Unknown,,,,,49.2642221,23.8695659,{'building': 'warehouse'}
364552391,way,Unknown,,,,,50.2676843,24.6161904,{'building': 'warehouse'}
365047726,way,Unknown,,,,,50.7636554,25.3359369,"{'addr:housenumber': '11', 'building': 'warehouse', 'building:levels': '1', 'roof:shape': 'gabled'}"
365047728,way,Unknown,,,,,50.764659,25.3362559,"{'building': 'warehouse', 'building:levels': '1', 'roof:shape': 'flat'}"
365047729,way,Unknown,,,,,50.7635283,25.3358866,"{'building': 'warehouse', 'building:levels': '5', 'roof:shape': 'hipped'}"
365047730,way,Unknown,,,,,50.7634659,25.3374847,"{'building': 'warehouse', 'building:levels': '1', 'roof:shape': 'gabled'}"
365047731,way,Unknown,,,,,50.7633911,25.3370093,"{'building': 'warehouse', 'building:levels': '1', 'roof:shape': 'round'}"
365047732,way,Unknown,,,,,50.7650461,25.3362213,"{'building': 'warehouse', 'building:levels': '1', 'roof:shape': 'gabled'}"
365177346,way,Овочесховище,,,,,48.7786893,32.2431373,"{'building': 'warehouse', 'name': 'Овочесховище', 'name:uk': 'Овочесховище'}"
365776622,way,Unknown,,,,,48.7995668,32.2467793,{'building': 'warehouse'}
366023247,way,Майстерня,,,,,51.0422583,31.8782708,"{'building': 'warehouse', 'name': 'Майстерня', 'name:ru': 'Мастерская', 'name:uk': 'Майстерня'}"
366071141,way,Unknown,,,,,50.0456188,36.1774118,{'building': 'warehouse'}
366116587,way,Unknown,,,,,51.4908659,31.273926,{'building': 'warehouse'}
366213791,way,Unknown,,,,,50.4130888,30.4370579,{'building': 'warehouse'}
366676775,way,Unknown,,,,,51.0303339,31.9109025,{'building': 'warehouse'}
366676787,way,Unknown,,,,,51.0283548,31.9133206,{'building': 'warehouse'}
366786370,way,Unknown,,,,,44.683386,34.4075961,{'building': 'warehouse'}
366831990,way,Unknown,,,,,51.5208381,30.7396764,{'building': 'warehouse'}
367617683,way,Unknown,,,,,50.7826893,25.7548037,{'building': 'warehouse'}
369888944,way,Unknown,,,,,50.5112842,30.4588636,"{'building': 'warehouse', 'building:levels': '2'}"
369914532,way,Unknown,,,,,50.5294674,30.4401239,"{'building': 'warehouse', 'roof:shape': 'round'}"
369966302,way,Unknown,,,,,46.7333258,31.7498554,{'building': 'warehouse'}
369966308,way,Unknown,,,,,46.7329316,31.7497142,{'building': 'warehouse'}
370233090,way,Unknown,,,,,50.4440048,29.8096658,{'building': 'warehouse'}
370765019,way,Unknown,,,,,49.2065891,25.0413451,{'building': 'warehouse'}
370991739,way,Unknown,,,,,50.4624525,30.413472,"{'building': 'warehouse', 'building:levels': '1'}"
372161364,way,Unknown,,,,,51.2396753,24.6936513,{'building': 'warehouse'}
372453220,way,Unknown,,,,,49.7591352,24.0138258,{'building': 'warehouse'}
372500958,way,Unknown,,,,,48.2738721,37.1633165,"{'building': 'warehouse', 'building:levels': '1', 'height': '5'}"
372791745,way,Unknown,,,,,50.4194766,30.4620902,{'building': 'warehouse'}
373193882,way,Unknown,,,,,45.4382347,28.2898129,{'building': 'warehouse'}
374045713,way,Unknown,,,,,50.5374383,30.6434145,{'building': 'warehouse'}
374045717,way,Unknown,,,,,50.5378169,30.6439058,{'building': 'warehouse'}
374045814,way,Unknown,,,,,50.5385886,30.6430415,{'building': 'warehouse'}
374045895,way,Unknown,,,,,50.5380191,30.6454589,"{'addr:housenumber': '88', 'addr:street': 'Столична вулиця', 'building': 'warehouse'}"
374629479,way,Unknown,,,,,51.3485522,25.7570868,{'building': 'warehouse'}
374667591,way,Unknown,,,,,48.2172846,28.8766507,{'building': 'warehouse'}
374779157,way,Unknown,,,,,49.0227379,24.3736125,{'building': 'warehouse'}
374991829,way,Unknown,,,,,49.0744568,24.3149293,{'building': 'warehouse'}
374991923,way,Склад солі,,,,,49.0747933,24.3135758,"{'building': 'warehouse', 'name': 'Склад солі', 'name:uk': 'Склад солі'}"
375136702,way,Unknown,,,,,48.2086725,26.1781521,{'building': 'warehouse'}
375657134,way,Склад,,,,,46.6743797,33.5155045,"{'building': 'warehouse', 'name': 'Склад', 'name:uk': 'Склад'}"
375839197,way,Unknown,,,,,48.6943334,32.0647677,{'building': 'warehouse'}
375861706,way,Unknown,,,,,50.2457632,23.6152517,{'building': 'warehouse'}
375861708,way,Unknown,,,,,50.2456121,23.6132135,{'building': 'warehouse'}
377239074,way,Unknown,,,,,50.4853375,30.4335447,"{'building': 'warehouse', 'building:levels': '2'}"
378569241,way,Unknown,,,,,49.8473753,23.9993714,"{'building': 'warehouse', 'building:levels': '2'}"
378570151,way,Unknown,,,,,49.8465886,23.9987278,"{'building': 'warehouse', 'building:levels': '1', 'lit': 'no'}"
379527096,way,Unknown,,,,,48.4417327,27.4122034,{'building': 'warehouse'}
379854865,way,Unknown,,,,,48.5962808,32.3846912,{'building': 'warehouse'}
380487168,way,Unknown,,,,,48.596625,32.2722566,{'building': 'warehouse'}
380489632,way,Unknown,,,,,50.6993899,30.7403472,{'building': 'warehouse'}
380559727,way,Unknown,,,,,48.4400757,27.4093981,{'building': 'warehouse'}
380559750,way,Unknown,,,,,48.4399551,27.4109981,{'building': 'warehouse'}
380560080,way,Unknown,,,,,48.440792,27.4088431,{'building': 'warehouse'}
380697531,way,Unknown,,,,,50.3863796,30.3781028,"{'addr:housenumber': '7', 'addr:street': 'вулиця Вʼячеслава Чорновола', 'building': 'warehouse'}"
380895974,way,Unknown,,,,,48.4779493,35.0786417,"{'addr:housenumber': '64-А', 'building': 'warehouse', 'building:levels': '1'}"
380931374,way,Unknown,,,,,48.4457999,27.4119136,{'building': 'warehouse'}
380931386,way,Unknown,,,,,48.4437272,27.4066472,{'building': 'warehouse'}
380952748,way,Unknown,,,,,48.4454942,27.4062943,{'building': 'warehouse'}
381315678,way,Unknown,,,,,48.4445423,27.4050608,{'building': 'warehouse'}
381319605,way,Unknown,,,,,48.4439294,27.4032957,{'building': 'warehouse'}
381319610,way,Unknown,,,,,48.443307,27.4035051,{'building': 'warehouse'}
381324181,way,Unknown,,,,,48.442443,27.4025728,"{'addr:housenumber': '7-А', 'addr:street': 'вулиця Княгині Ольги', 'building': 'warehouse'}"
381434537,way,Unknown,,,,,48.4444965,27.4012899,{'building': 'warehouse'}
381436507,way,Unknown,,,,,48.4425651,27.400619,{'building': 'warehouse'}
381436523,way,Unknown,,,,,48.4419274,27.4007196,{'building': 'warehouse'}
381438530,way,Unknown,,,,,48.4414477,27.4013179,{'building': 'warehouse'}
381438568,way,Unknown,,,,,48.4446911,27.3987951,{'building': 'warehouse'}
381593932,way,Unknown,,,,,49.4082879,24.610875,"{'addr:housenumber': '50', 'addr:street': 'Галицька вулиця', 'building': 'warehouse', 'building:levels': '1'}"
381958046,way,Unknown,,,,,48.4432817,27.3994564,{'building': 'warehouse'}
381959644,way,Unknown,,,,,48.4418345,27.3985855,{'building': 'warehouse'}
381963219,way,Unknown,,,,,48.4450664,27.3969283,{'building': 'warehouse'}
381963234,way,Unknown,,,,,48.4443275,27.3974728,{'building': 'warehouse'}
381963246,way,Unknown,,,,,48.4446214,27.3969733,{'building': 'warehouse'}
381963261,way,Unknown,,,,,48.4435592,27.396935,{'building': 'warehouse'}
381966998,way,Unknown,,,,,48.4437301,27.3963916,"{'addr:housenumber': '46', 'addr:street': 'Садова вулиця', 'building': 'warehouse'}"
381978273,way,Unknown,,,,,48.4403598,27.4016698,{'building': 'warehouse'}
382196707,way,Unknown,,,,,48.4466454,27.3974542,{'building': 'warehouse'}
382196768,way,Unknown,,,,,48.4453272,27.3963008,{'building': 'warehouse'}
382217940,way,Unknown,,,,,48.4466421,27.3954815,{'building': 'warehouse'}
382217954,way,Unknown,,,,,48.4460909,27.395275,{'building': 'warehouse'}
382222484,way,Unknown,,,,,48.4473671,27.3944291,{'building': 'warehouse'}
382229641,way,Unknown,,,,,48.4471758,27.3903399,{'building': 'warehouse'}
382229651,way,Unknown,,,,,48.4457181,27.3909642,{'building': 'warehouse'}
382229681,way,Unknown,,,,,48.4438544,27.3899582,{'building': 'warehouse'}
382229682,way,Unknown,,,,,48.443888,27.3902225,{'building': 'warehouse'}
382301489,way,Unknown,,,,,48.4409893,27.3969833,{'building': 'warehouse'}
382301509,way,Unknown,,,,,48.4398064,27.4007847,{'building': 'warehouse'}
382301510,way,Unknown,,,,,48.4397496,27.4009768,{'building': 'warehouse'}
382301530,way,Unknown,,,,,48.437801,27.4111629,{'building': 'warehouse'}
382301531,way,Unknown,,,,,48.4379532,27.4107133,{'building': 'warehouse'}
382301533,way,Unknown,,,,,48.4396498,27.4060078,{'building': 'warehouse'}
382301543,way,Unknown,,,,,48.4393879,27.4040835,{'building': 'warehouse'}
382301547,way,Unknown,,,,,48.4380655,27.4031636,{'building': 'warehouse'}
382301551,way,Unknown,,,,,48.4370964,27.4047841,{'building': 'warehouse'}
382349468,way,Unknown,,,,,45.4298275,28.4114833,{'building': 'warehouse'}
382439563,way,Unknown,,,,,48.4444443,27.408205,{'building': 'warehouse'}
382439577,way,Unknown,,,,,48.4460098,27.4084546,{'building': 'warehouse'}
382439578,way,Unknown,,,,,48.4461749,27.4087705,{'building': 'warehouse'}
382445226,way,Unknown,,,,,48.4449981,27.4130478,{'building': 'warehouse'}
382540866,way,Unknown,,,,,50.4303987,30.6600029,{'building': 'warehouse'}
382648572,way,Unknown,,,,,48.4550364,27.4135039,{'building': 'warehouse'}
382648605,way,Unknown,,,,,48.4531111,27.4096889,{'building': 'warehouse'}
382707057,way,Unknown,,,,,48.2074809,26.1777387,{'building': 'warehouse'}
382707058,way,Unknown,,,,,48.2098235,26.1759165,"{'building': 'warehouse', 'building:levels': '1'}"
382707060,way,Unknown,,,,,48.2096821,26.1763744,"{'building': 'warehouse', 'building:levels': '1'}"
382738636,way,Unknown,,,,,48.2100768,26.1678764,{'building': 'warehouse'}
382971383,way,Unknown,,,,,46.1760387,34.7895654,{'building': 'warehouse'}
382971385,way,Unknown,,,,,46.1758461,34.7884005,{'building': 'warehouse'}
383044689,way,Unknown,,,,,48.4589523,27.4119517,{'building': 'warehouse'}
383044712,way,Unknown,,,,,48.4589629,27.4106623,{'building': 'warehouse'}
383044758,way,Unknown,,,,,48.45951,27.410849,{'building': 'warehouse'}
383049480,way,Unknown,,,,,48.4592544,27.4135924,{'building': 'warehouse'}
383049494,way,Unknown,,,,,48.4604754,27.4127783,{'building': 'warehouse'}
383049515,way,Unknown,,,,,48.4605299,27.4109527,{'building': 'warehouse'}
383052260,way,Unknown,,,,,48.4479819,27.406058,{'building': 'warehouse'}
383052262,way,Unknown,,,,,48.4482773,27.4056525,{'building': 'warehouse'}
383054039,way,Unknown,,,,,48.4479137,27.3963794,{'building': 'warehouse'}
383054045,way,Unknown,,,,,48.4479889,27.3982989,{'building': 'warehouse'}
383054049,way,Unknown,,,,,48.4479438,27.3972177,{'building': 'warehouse'}
383054050,way,Unknown,,,,,48.4477418,27.3975662,"{'addr:housenumber': '40-Г', 'addr:street': 'вулиця Княгині Ольги', 'building': 'warehouse'}"
383326638,way,Unknown,,,,,48.4469331,27.4007613,{'building': 'warehouse'}
383326640,way,Unknown,,,,,48.4469372,27.4016504,{'building': 'warehouse'}
383326652,way,Unknown,,,,,48.4486318,27.4000962,{'building': 'warehouse'}
383326655,way,Unknown,,,,,48.4494966,27.4004275,{'building': 'warehouse'}
383328358,way,Unknown,,,,,48.4507058,27.4021415,{'building': 'warehouse'}
383328361,way,Unknown,,,,,48.4515893,27.4020943,{'building': 'warehouse'}
383328363,way,Unknown,,,,,48.4514443,27.4028995,{'building': 'warehouse'}
383328403,way,Unknown,,,,,48.4528737,27.4065345,{'building': 'warehouse'}
383436480,way,Unknown,,,,,48.4545492,27.4042095,{'building': 'warehouse'}
383436483,way,Unknown,,,,,48.4548834,27.4030936,{'building': 'warehouse'}
383440056,way,Unknown,,,,,48.4598465,27.4054577,{'building': 'warehouse'}
383440082,way,Unknown,,,,,48.4553399,27.4067749,{'building': 'warehouse'}
383442520,way,Unknown,,,,,48.4385701,27.4193341,{'building': 'warehouse'}
383442522,way,Unknown,,,,,48.4384869,27.4196165,{'building': 'warehouse'}
383442543,way,Unknown,,,,,48.4380012,27.4227249,{'building': 'warehouse'}
383442545,way,Unknown,,,,,48.4382847,27.4229264,{'building': 'warehouse'}
383442552,way,Unknown,,,,,48.4384244,27.4233725,{'building': 'warehouse'}
383442558,way,Unknown,,,,,48.4386181,27.4248999,{'building': 'warehouse'}
383466561,way,Unknown,,,,,50.3046814,34.7110998,{'building': 'warehouse'}
383573998,way,Unknown,,,,,48.4402044,27.4167002,{'building': 'warehouse'}
383578465,way,Unknown,,,,,48.4393987,27.4246952,{'building': 'warehouse'}
383579275,way,Unknown,,,,,48.4401864,27.4243297,{'building': 'warehouse'}
383579286,way,Unknown,,,,,48.4407856,27.4234046,{'building': 'warehouse'}
383579287,way,Unknown,,,,,48.4408734,27.4238368,{'building': 'warehouse'}
383579320,way,Unknown,,,,,48.4414542,27.4212348,{'building': 'warehouse'}
383801202,way,Unknown,,,,,48.4439603,27.4179959,{'building': 'warehouse'}
383953375,way,Unknown,,,,,48.4444975,27.419118,{'building': 'warehouse'}
383954783,way,Unknown,,,,,48.4446843,27.4181627,{'building': 'warehouse'}
383954789,way,Unknown,,,,,48.4454612,27.4173977,{'building': 'warehouse'}
384150602,way,Unknown,,,,,48.4482989,27.4176962,{'building': 'warehouse'}
384316776,way,Unknown,,,,,48.9140242,38.4158978,"{'building': 'warehouse', 'building:levels': '1', 'height': '5'}"
384321648,way,Unknown,,,,,48.703349,27.5406038,{'building': 'warehouse'}
386165131,way,Unknown,,,,,48.4411626,27.4302798,{'building': 'warehouse'}
386193123,way,Unknown,,,,,50.0853364,33.6166951,"{'building': 'warehouse', 'building:levels': '1'}"
386561787,way,Unknown,,,,,48.5538472,24.7549669,"{'addr:housenumber': '91', 'addr:street': 'вулиця Незалежності', 'building': 'warehouse'}"
386561790,way,Unknown,,,,,48.5540431,24.7561636,{'building': 'warehouse'}
386561791,way,Unknown,,,,,48.5538373,24.7560066,{'building': 'warehouse'}
386561805,way,Unknown,,,,,48.5545896,24.7574992,{'building': 'warehouse'}
386649786,way,Unknown,,,,,48.555983,24.7601997,"{'building': 'warehouse', 'shop': 'doityourself'}"
386676892,way,Unknown,,,,,48.481551,26.5312192,{'building': 'warehouse'}
386692937,way,Unknown,,,,,48.70979,27.6077159,{'building': 'warehouse'}
386910468,way,Unknown,,,,,48.0068998,24.9705996,{'building': 'warehouse'}
387162453,way,Unknown,,,,,50.4265102,30.6975004,"{'building': 'warehouse', 'building:levels': '1'}"
388685777,way,Unknown,,,,,48.064926,25.141433,{'building': 'warehouse'}
388851846,way,Арка,,,,,49.7865333,36.528567,"{'abandoned': 'yes', 'building': 'warehouse', 'layer': '1', 'name': 'Арка', 'name:uk': 'Арка'}"
388851847,way,Склад ракетних боєголовок,,,,,49.7863405,36.5324751,"{'abandoned': 'yes', 'building': 'warehouse', 'name': 'Склад ракетних боєголовок', 'name:uk': 'Склад ракетних боєголовок'}"
389290455,way,Unknown,,,,,47.2111729,35.5937835,{'building': 'warehouse'}
389722557,way,Unknown,,,,,50.4191688,30.4499069,"{'building': 'warehouse', 'building:levels': '1'}"
389872960,way,Unknown,,,,,50.767569,31.3892763,{'building': 'warehouse'}
390786060,way,Unknown,,,,,50.3969355,30.6177559,"{'building': 'warehouse', 'building:levels': '1'}"
391192737,way,Unknown,,,,,50.4667463,33.3309591,"{'building': 'warehouse', 'building:levels': '1'}"
391192746,way,Unknown,,,,,50.4674651,33.3307284,"{'building': 'warehouse', 'building:levels': '1'}"
391192775,way,Unknown,,,,,50.4662316,33.3310707,"{'building': 'warehouse', 'building:levels': '1'}"
393728175,way,Unknown,,,,,49.5940329,34.5012024,"{'addr:housenumber': '64', 'building': 'warehouse'}"
396783821,way,Unknown,,,,,51.4331331,24.4352681,"{'building': 'warehouse', 'building:levels': '1'}"
396926522,way,Unknown,,,,,51.4338416,24.4363616,"{'addr:housenumber': '4', 'building': 'warehouse', 'building:levels': '1'}"
396926523,way,Unknown,,,,,51.4327824,24.4363185,"{'building': 'warehouse', 'building:levels': '1'}"
396926524,way,Unknown,,,,,51.4329108,24.4357424,"{'building': 'warehouse', 'building:levels': '1'}"
397084313,way,Unknown,,,,,51.4374828,24.4372248,"{'building': 'warehouse', 'building:levels': '1'}"
397149275,way,Unknown,,,,,51.4504945,24.4276629,"{'building': 'warehouse', 'building:levels': '1'}"
397162023,way,Unknown,,,,,51.4466096,24.4282774,"{'addr:housenumber': '6а', 'building': 'warehouse', 'building:levels': '1'}"
397162031,way,Unknown,,,,,51.4475863,24.4307657,"{'building': 'warehouse', 'building:levels': '1'}"
397174913,way,Unknown,,,,,50.5598872,30.3065795,"{'addr:street': 'вулиця Приозерна', 'building': 'warehouse'}"
397174994,way,Сектор X,,,,,50.5595908,30.2924061,"{'building': 'warehouse', 'name': 'Сектор X', 'name:uk': 'Сектор X', 'source': 'працював'}"
397448413,way,Unknown,,,,,49.6940309,37.1800847,{'building': 'warehouse'}
397530451,way,Unknown,,,,,51.4494811,24.4333893,"{'building': 'warehouse', 'building:levels': '1'}"
397941208,way,Unknown,,,,,48.8237003,28.893237,{'building': 'warehouse'}
397941209,way,Unknown,,,,,48.823652,28.893645,{'building': 'warehouse'}
397973054,way,Unknown,,,,,48.8235033,29.2754726,{'building': 'warehouse'}
398914048,way,Unknown,,,,,48.7963826,29.3849819,"{'building': 'warehouse', 'building:levels': '1', 'roof:shape': 'hipped', 'source': 'Bing'}"
399307679,way,Unknown,,,,,51.4358602,24.4300251,"{'building': 'warehouse', 'building:levels': '1'}"
399307680,way,Unknown,,,,,51.4347506,24.4303553,"{'building': 'warehouse', 'building:levels': '1'}"
399307681,way,Unknown,,,,,51.4357865,24.4315769,"{'building': 'warehouse', 'building:levels': '1'}"
399307682,way,Unknown,,,,,51.4356687,24.4307459,"{'building': 'warehouse', 'building:levels': '1'}"
399307683,way,Unknown,,,,,51.4353271,24.4299777,"{'building': 'warehouse', 'building:levels': '1'}"
399412833,way,Unknown,,,,,49.3973232,37.0663375,{'building': 'warehouse'}
399412846,way,Unknown,,,,,49.397463,37.0668693,{'building': 'warehouse'}
399446217,way,Unknown,,,,,47.3718019,37.0519759,"{'building': 'warehouse', 'building:levels': '1'}"
399446218,way,Unknown,,,,,47.371623,37.0514722,"{'building': 'warehouse', 'building:levels': '1'}"
399446219,way,Unknown,,,,,47.3714923,37.0509948,"{'building': 'warehouse', 'building:levels': '1'}"
400285875,way,Unknown,,,,,49.9926875,34.7161968,{'building': 'warehouse'}
400285876,way,Unknown,,,,,49.9931307,34.715821,{'building': 'warehouse'}
400285877,way,Unknown,,,,,49.9925754,34.7151993,{'building': 'warehouse'}
400285878,way,Unknown,,,,,49.992151,34.7163252,{'building': 'warehouse'}
400387891,way,Unknown,,,,,50.5006242,31.8048643,{'building': 'warehouse'}
400387893,way,Unknown,,,,,50.50037,31.8041855,{'building': 'warehouse'}
400387895,way,Unknown,,,,,50.501039,31.8040727,{'building': 'warehouse'}
400390183,way,Unknown,,,,,50.5004622,31.802528,"{'addr:housenumber': '2-В', 'building': 'warehouse'}"
400390188,way,Unknown,,,,,50.5017336,31.8010678,{'building': 'warehouse'}
400390193,way,Unknown,,,,,50.501374,31.8018214,{'building': 'warehouse'}
400390197,way,Unknown,,,,,50.5018849,31.8023078,{'building': 'warehouse'}
400390199,way,Unknown,,,,,50.4998585,31.8026662,"{'addr:housenumber': '2-Д', 'building': 'warehouse'}"
400812798,way,Unknown,,,,,49.6488121,30.9769063,"{'addr:city': 'Миронівка', 'addr:postcode': '08800', 'addr:street': 'вулиця Перемоги', 'building': 'warehouse', 'building:levels': '1'}"
400816922,way,Unknown,,,,,49.643706,30.9688486,"{'addr:city': 'Миронівка', 'addr:postcode': '08800', 'addr:street': 'Корсунська вулиця', 'building': 'warehouse', 'building:levels': '1'}"
400818135,way,Unknown,,,,,49.6439778,30.9681846,"{'addr:city': 'Миронівка', 'addr:postcode': '08800', 'addr:street': 'Корсунська вулиця', 'building': 'warehouse', 'building:levels': '1'}"
400818459,way,Unknown,,,,,49.6442432,30.96881,"{'addr:city': 'Миронівка', 'addr:postcode': '08800', 'addr:street': 'Корсунська вулиця', 'building': 'warehouse', 'building:levels': '1'}"
400818626,way,Unknown,,,,,49.6443974,30.9680123,"{'addr:city': 'Миронівка', 'addr:postcode': '08800', 'addr:street': 'Набережна вулиця', 'building': 'warehouse', 'building:levels': '1'}"
400983213,way,Unknown,,,,,49.8234177,24.015403,{'building': 'warehouse'}
401007839,way,Памятники в Чистеньком,,,,,44.8857834,34.04199,"{'building': 'warehouse', 'name': 'Памятники в Чистеньком'}"
401007854,way,Unknown,,,,,44.8866188,34.0430788,{'building': 'warehouse'}
401026388,way,Unknown,,,,,49.6492851,30.973961,"{'addr:city': 'Миронівка', 'addr:postcode': '08800', 'addr:street': 'вулиця Перемоги', 'building': 'warehouse', 'building:levels': '1'}"
401187507,way,Unknown,,,,,44.912712,34.0678174,{'building': 'warehouse'}
401190579,way,Unknown,,,,,51.4372702,24.4473597,"{'building': 'warehouse', 'building:levels': '1'}"
401190630,way,Старовижівський газобалонний склад,,,,,51.437397,24.4527892,"{'building': 'warehouse', 'building:levels': '1', 'name': 'Старовижівський газобалонний склад', 'name:uk': 'Старовижівський газобалонний склад', 'opening_hours': 'Mo-Fr 08:00-17:00', 'shop': 'gas'}"
401280958,way,Unknown,,,,,51.445776,24.4357416,"{'addr:housenumber': '2г', 'building': 'warehouse', 'building:levels': '1'}"
401315088,way,"Деловые линии, склад",,,,,44.9305725,34.0455056,"{'addr:city': 'Симферополь', 'addr:housenumber': '6', 'addr:street': 'Базовая улица', 'building': 'warehouse', 'name': 'Деловые линии, склад', 'name:uk': 'Ділові лінії, склад'}"
401442705,way,Unknown,,,,,48.9684064,28.8245658,"{'building': 'warehouse', 'building:levels': '2', 'source': 'Bing'}"
401442706,way,Unknown,,,,,48.9681334,28.8245749,"{'building': 'warehouse', 'building:levels': '2', 'source': 'Bing'}"
401763439,way,Unknown,,,,,48.3914451,34.9989036,{'building': 'warehouse'}
401763440,way,Unknown,,,,,48.3914772,34.9979828,{'building': 'warehouse'}
402178901,way,Unknown,,,,,44.9765819,34.0998285,"{'building': 'warehouse', 'building:levels': '1'}"
402178973,way,Unknown,,,,,44.9763071,34.1005833,"{'building': 'warehouse', 'building:levels': '1'}"
402178976,way,Unknown,,,,,44.97615,34.0999661,"{'addr:housenumber': '1', 'addr:street': 'Шалфейная улица', 'building': 'warehouse', 'building:levels': '1'}"
402583929,way,Unknown,,,,,44.9599341,34.0714706,"{'addr:city': 'Симферополь', 'addr:housenumber': '4', 'addr:postcode': '295014', 'addr:street': 'Широкая улица', 'building': 'warehouse'}"
402584045,way,Unknown,,,,,44.9588974,34.0707141,"{'addr:housenumber': '3Б', 'addr:street': 'Западная улица', 'building': 'warehouse', 'source:addr': 'ЕГРН'}"
402584077,way,Unknown,,,,,44.9590604,34.0703653,"{'addr:housenumber': '3', 'addr:street': 'Западная улица', 'building': 'warehouse', 'source:addr': 'ЕГРН'}"
402584104,way,Unknown,,,,,44.9586983,34.0711273,"{'addr:housenumber': '3А', 'addr:street': 'Западная улица', 'building': 'warehouse'}"
402584156,way,Unknown,,,,,44.9597565,34.0715081,"{'addr:housenumber': '4Б', 'addr:street': 'Широкая улица', 'building': 'warehouse', 'source:addr': 'ЕГРН'}"
402584157,way,Unknown,,,,,44.9592262,34.0714546,{'building': 'warehouse'}
402584159,way,Unknown,,,,,44.9594271,34.0717585,{'building': 'warehouse'}
402648899,way,Unknown,,,,,44.9251157,34.0910773,"{'addr:housenumber': '1', 'addr:street': 'Очаковская улица', 'building': 'warehouse', 'building:levels': '1', 'source:addr': 'ЕГРН', 'start_date': '1976'}"
403270636,way,Unknown,,,,,49.3733914,29.6760285,"{'building': 'warehouse', 'source': 'Bing'}"
404170116,way,Unknown,,,,,48.5218698,32.2741584,{'building': 'warehouse'}
404170117,way,Unknown,,,,,48.5219813,32.2889756,{'building': 'warehouse'}
404170118,way,Unknown,,,,,48.5221163,32.274069,{'building': 'warehouse'}
404170120,way,Unknown,,,,,48.5221105,32.2739371,{'building': 'warehouse'}
404170121,way,Unknown,,,,,48.5219174,32.288754,{'building': 'warehouse'}
404170123,way,Unknown,,,,,48.5217549,32.2742127,{'building': 'warehouse'}
404170126,way,Unknown,,,,,48.5222029,32.2858225,{'building': 'warehouse'}
404348105,way,Unknown,,,,,50.5421817,26.0326694,"{'addr:city': 'Грушвиця Перша', 'addr:housenumber': '14г', 'addr:postcode': '35364', 'addr:street': 'Центральна вулиця', 'building': 'warehouse'}"
405429379,way,Unknown,,,,,51.3083585,28.5493716,{'building': 'warehouse'}
405979227,way,Unknown,,,,,48.4906034,34.963691,{'building': 'warehouse'}
406145811,way,Unknown,,,,,49.3148725,31.9411158,{'building': 'warehouse'}
406145812,way,Unknown,,,,,49.3145413,31.9427808,{'building': 'warehouse'}
406145813,way,Unknown,,,,,49.314153,31.9446926,{'building': 'warehouse'}
406145814,way,Unknown,,,,,49.3136502,31.9470912,{'building': 'warehouse'}
406145815,way,Unknown,,,,,49.3133558,31.9460603,{'building': 'warehouse'}
406145816,way,Unknown,,,,,49.3136025,31.9448283,{'building': 'warehouse'}
406145817,way,Unknown,,,,,49.3138099,31.9438748,{'building': 'warehouse'}
406145818,way,Unknown,,,,,49.3141929,31.9419508,{'building': 'warehouse'}
406145819,way,Unknown,,,,,49.3139859,31.9406773,{'building': 'warehouse'}
406145820,way,Unknown,,,,,49.3136806,31.9421724,{'building': 'warehouse'}
406276890,way,Unknown,,,,,46.4388246,30.6483395,{'building': 'warehouse'}
406276894,way,Unknown,,,,,46.4386129,30.6476713,{'building': 'warehouse'}
406277002,way,Unknown,,,,,46.4383833,30.6481534,{'building': 'warehouse'}
406277040,way,Unknown,,,,,46.4390802,30.6482752,{'building': 'warehouse'}
406277044,way,Unknown,,,,,46.4389096,30.647851,{'building': 'warehouse'}
411457642,way,Unknown,,,,,49.4487327,27.4315109,{'building': 'warehouse'}
411457643,way,Unknown,,,,,49.4478469,27.432219,"{'building': 'warehouse', 'description': 'Склад зерна'}"
411457644,way,Unknown,,,,,49.4473586,27.4320178,{'building': 'warehouse'}
411471286,way,Unknown,,,,,49.4501766,27.4261557,"{'building': 'warehouse', 'description': 'Склад зерна'}"
414054338,way,Unknown,,,,,45.0330506,35.3646052,"{'addr:housenumber': '10Д', 'addr:street': 'улица Челнокова', 'building': 'warehouse'}"
416152155,way,Unknown,,,,,50.5454238,30.1507073,{'building': 'warehouse'}
416152948,way,Unknown,,,,,50.5455076,30.1503751,{'building': 'warehouse'}
416407301,way,Unknown,,,,,48.2804522,39.2024436,{'building': 'warehouse'}
416407310,way,Unknown,,,,,48.2804629,39.2021195,"{'building': 'warehouse', 'ruins': 'yes'}"
418354216,way,Unknown,,,,,49.0727383,31.0141681,{'building': 'warehouse'}
418368926,way,Unknown,,,,,48.6009584,36.8140214,{'building': 'warehouse'}
418368927,way,Unknown,,,,,48.6014837,36.8151746,"{'building': 'warehouse', 'building:levels': '1'}"
418544285,way,Unknown,,,,,49.0188469,32.193124,{'building': 'warehouse'}
419222959,way,Unknown,,,,,49.3771284,32.1527598,{'building': 'warehouse'}
419690233,way,Unknown,,,,,49.3796921,32.1582524,{'building': 'warehouse'}
420217783,way,Unknown,,,,,49.8103742,23.971699,{'building': 'warehouse'}
420291637,way,Unknown,,,,,50.665643,26.1628855,{'building': 'warehouse'}
420354427,way,Unknown,,,,,49.235507,35.7618193,{'building': 'warehouse'}
420354428,way,Unknown,,,,,49.235493,35.7619816,{'building': 'warehouse'}
420591372,way,Unknown,,,,,48.4699156,35.1783164,{'building': 'warehouse'}
420591383,way,Unknown,,,,,48.470075,35.1779341,"{'addr:housenumber': '12-А', 'building': 'warehouse'}"
421086156,way,Unknown,,,,,49.6519618,32.0895062,{'building': 'warehouse'}
421091191,way,Unknown,,,,,49.6320171,32.0820195,{'building': 'warehouse'}
421091192,way,Unknown,,,,,49.6316732,32.0822277,{'building': 'warehouse'}
421094753,way,Unknown,,,,,49.6687122,32.044475,{'building': 'warehouse'}
421301613,way,Хімічний склад,,,,,49.3199523,31.9681456,"{'building': 'warehouse', 'name': 'Хімічний склад', 'name:uk': 'Хімічний склад'}"
421301623,way,Unknown,,,,,49.3126932,31.964757,{'building': 'warehouse'}
421301624,way,Unknown,,,,,49.3124461,31.96512,{'building': 'warehouse'}
421301625,way,Unknown,,,,,49.3126534,31.9643319,{'building': 'warehouse'}
421301626,way,Unknown,,,,,49.3129417,31.9644462,{'building': 'warehouse'}
421301629,way,Unknown,,,,,49.3143455,31.9647901,{'building': 'warehouse'}
421301643,way,Unknown,,,,,49.3159462,31.9653426,{'building': 'warehouse'}
421357570,way,Unknown,,,,,48.4739478,35.1884891,"{'addr:housenumber': '114', 'addr:street': 'Гайова вулиця', 'building': 'warehouse'}"
421603760,way,Unknown,,,,,48.5629556,27.2965363,{'building': 'warehouse'}
421603889,way,Unknown,,,,,48.5612193,27.2963114,{'building': 'warehouse'}
421605545,way,Unknown,,,,,48.5602207,27.2998898,{'building': 'warehouse'}
421612476,way,Unknown,,,,,50.6399961,29.9164522,"{'addr:housenumber': '4', 'addr:street': 'Київська вулиця', 'building': 'warehouse', 'old_name': 'ІнТайм', 'phone:UA': '0 800 300 911', 'website': 'https://intime.ua/representations/3828/'}"
421766096,way,Unknown,,,,,49.3241944,31.990596,{'building': 'warehouse'}
421789694,way,Unknown,,,,,48.8451854,31.7122245,{'building': 'warehouse'}
421789699,way,Unknown,,,,,48.8451803,31.7108484,{'building': 'warehouse'}
421789700,way,Unknown,,,,,48.8457045,31.7111006,{'building': 'warehouse'}
421789703,way,Unknown,,,,,48.8459539,31.7090647,{'building': 'warehouse'}
421964163,way,Unknown,,,,,49.3076287,31.9609007,{'building': 'warehouse'}
422044896,way,Unknown,,,,,51.430865,24.4364183,{'building': 'warehouse'}
422846469,way,Unknown,,,,,48.8916439,37.0526952,{'building': 'warehouse'}
425190740,way,Unknown,,,,,48.3667666,32.6716084,{'building': 'warehouse'}
425279076,way,Unknown,,,,,49.8369508,31.793773,{'building': 'warehouse'}
425279079,way,Unknown,,,,,49.8378224,31.7933045,{'building': 'warehouse'}
425279080,way,Unknown,,,,,49.8382111,31.7936366,{'building': 'warehouse'}
425283282,way,Unknown,,,,,49.7949947,23.71471,"{'addr:unit': '7', 'building': 'warehouse'}"
426046828,way,Unknown,,,,,48.4931099,32.4510779,{'building': 'warehouse'}
426954772,way,Unknown,,,,,49.055142,32.0515841,{'building': 'warehouse'}
426954773,way,Unknown,,,,,49.0555514,32.0499181,{'building': 'warehouse'}
427155473,way,Unknown,,,,,48.2788983,37.177814,"{'building': 'warehouse', 'building:levels': '1'}"
427346051,way,Unknown,,,,,49.9191463,24.6159969,"{'building': 'warehouse', 'roof:shape': 'gabled'}"
428017529,way,Unknown,,,,,48.1835767,23.29358,"{'addr:city': 'Хуст', 'addr:street': 'Словʼянська вулиця', 'building': 'warehouse'}"
428017672,way,Unknown,,,,,48.1851157,23.2956405,"{'addr:city': 'Хуст', 'addr:street': 'вулиця Степана Бандери', 'building': 'warehouse', 'building:levels': '1'}"
428017675,way,Unknown,,,,,48.1856399,23.2966739,"{'addr:city': 'Хуст', 'addr:street': 'вулиця Степана Бандери', 'building': 'warehouse', 'building:levels': '1'}"
428045480,way,Склад школи,,,,,48.3626522,26.7351873,"{'building': 'warehouse', 'name': 'Склад школи', 'name:ru': 'Склад школы', 'name:uk': 'Склад школи'}"
428112192,way,Unknown,,,,,50.4535898,30.3607559,{'building': 'warehouse'}
428112193,way,Unknown,,,,,50.4532224,30.360926,{'building': 'warehouse'}
428216771,way,Unknown,,,,,50.183025,27.0704421,"{'addr:housenumber': '57а', 'addr:street': 'вулиця Героїв Небесної Сотні', 'building': 'warehouse', 'building:levels': '1', 'roof:levels': '1', 'roof:shape': 'gabled'}"
428408591,way,Unknown,,,,,51.3014895,28.5809687,{'building': 'warehouse'}
428408592,way,Unknown,,,,,51.3017157,28.5807978,{'building': 'warehouse'}
428452653,way,Деливери ЗАПОРІЖЖЯ-1,,,,,47.8351382,35.2367414,"{'addr:housenumber': '47', 'addr:street': 'вулиця Карпенка-Карого', 'building': 'warehouse', 'building:levels': '1', 'name': 'Деливери ЗАПОРІЖЖЯ-1', 'name:uk': 'Деливери ЗАПОРІЖЖЯ-1'}"
428452655,way,Оліс,,,,,47.8334825,35.2380005,"{'building': 'warehouse', 'name': 'Оліс', 'name:uk': 'Оліс'}"
428712640,way,Unknown,,,,,51.727541,31.3959074,{'building': 'warehouse'}
428713147,way,Unknown,,,,,51.7341827,31.4004634,{'building': 'warehouse'}
428713837,way,Unknown,,,,,48.1612585,23.2986713,"{'addr:city': 'Хуст', 'addr:street': 'вулиця Івана Франка', 'building': 'warehouse', 'building:levels': '1'}"
428823249,way,Unknown,,,,,48.4936323,32.3098121,{'building': 'warehouse'}
428823250,way,Unknown,,,,,48.4935059,32.3115628,{'building': 'warehouse'}
428823255,way,Unknown,,,,,48.4927176,32.3089906,{'building': 'warehouse'}
428823278,way,Unknown,,,,,48.492598,32.3086927,{'building': 'warehouse'}
428870446,way,Unknown,,,,,51.6152949,31.5262202,{'building': 'warehouse'}
428870449,way,Unknown,,,,,51.615312,31.5245035,{'building': 'warehouse'}
428870451,way,Unknown,,,,,51.6146184,31.5240714,{'building': 'warehouse'}
428870456,way,Unknown,,,,,51.6176551,31.5247742,{'building': 'warehouse'}
429054997,way,Unknown,,,,,50.4862057,31.7838845,{'building': 'warehouse'}
429055002,way,Unknown,,,,,50.4876902,31.7825012,{'building': 'warehouse'}
429055006,way,Unknown,,,,,50.4878988,31.7829883,{'building': 'warehouse'}
429055007,way,Unknown,,,,,50.4865224,31.7831441,{'building': 'warehouse'}
429055011,way,Unknown,,,,,50.4871059,31.782883,{'building': 'warehouse'}
429055012,way,Unknown,,,,,50.4861309,31.7830806,{'building': 'warehouse'}
429055017,way,Unknown,,,,,50.4872416,31.783324,{'building': 'warehouse'}
429068241,way,Unknown,,,,,51.2986031,28.579479,{'building': 'warehouse'}
429068244,way,Unknown,,,,,51.2979885,28.581701,{'building': 'warehouse'}
429068247,way,Unknown,,,,,51.2986553,28.5816003,{'building': 'warehouse'}
429068248,way,Unknown,,,,,51.2991157,28.5817934,{'building': 'warehouse'}
429068249,way,Unknown,,,,,51.2991635,28.5815095,{'building': 'warehouse'}
429068250,way,Unknown,,,,,51.2991878,28.5809239,{'building': 'warehouse'}
429068251,way,Unknown,,,,,51.2993381,28.5804171,{'building': 'warehouse'}
429068252,way,Unknown,,,,,51.2996741,28.5804746,{'building': 'warehouse'}
429068275,way,Unknown,,,,,51.2988137,28.5748766,{'building': 'warehouse'}
429449079,way,Unknown,,,,,49.9001588,28.6021072,{'building': 'warehouse'}
429449080,way,Unknown,,,,,49.9003242,28.6014137,{'building': 'warehouse'}
429450342,way,Unknown,,,,,49.8916914,28.6182156,{'building': 'warehouse'}
429466473,way,Unknown,,,,,49.8877006,28.642534,{'building': 'warehouse'}
429466474,way,Unknown,,,,,49.887696,28.644489,{'building': 'warehouse'}
429693922,way,Unknown,,,,,50.4916626,30.4775208,"{'building': 'warehouse', 'building:levels': '1'}"
429693923,way,Unknown,,,,,50.4915557,30.4776025,"{'building': 'warehouse', 'building:levels': '1'}"
430107428,way,Unknown,,,,,50.6656542,32.5579838,{'building': 'warehouse'}
430189235,way,Unknown,,,,,49.6245872,31.8508683,{'building': 'warehouse'}
430192305,way,Unknown,,,,,51.6191872,31.6621174,{'building': 'warehouse'}
430296469,way,Unknown,,,,,49.5839541,34.1017205,{'building': 'warehouse'}
430298698,way,Unknown,,,,,49.5831511,34.1019342,{'building': 'warehouse'}
430298699,way,Unknown,,,,,49.582877,34.101833,{'building': 'warehouse'}
430298700,way,Unknown,,,,,49.5827817,34.1032156,{'building': 'warehouse'}
431328374,way,Unknown,,,,,48.4513822,32.2869935,{'building': 'warehouse'}
431328375,way,Unknown,,,,,48.4514385,32.286619,{'building': 'warehouse'}
431328376,way,Unknown,,,,,48.4510785,32.2861933,{'building': 'warehouse'}
431766308,way,Unknown,,,,,50.565201,30.2735723,{'building': 'warehouse'}
431766315,way,Unknown,,,,,50.5652077,30.2729918,{'building': 'warehouse'}
431766332,way,Unknown,,,,,50.5662618,30.2757617,{'building': 'warehouse'}
431766355,way,Unknown,,,,,50.5654085,30.2734874,{'building': 'warehouse'}
431766359,way,Unknown,,,,,50.5650913,30.2733585,{'building': 'warehouse'}
431766379,way,Unknown,,,,,50.567973,30.2732224,{'building': 'warehouse'}
431766398,way,Unknown,,,,,50.5658834,30.2734988,{'building': 'warehouse'}
431944988,way,Unknown,,,,,48.5169489,32.1399773,{'building': 'warehouse'}
432307269,way,Unknown,,,,,45.5102689,32.7009556,{'building': 'warehouse'}
432612491,way,Unknown,,,,,49.0183807,32.1668142,{'building': 'warehouse'}
432612919,way,Unknown,,,,,49.0138367,32.1837165,{'building': 'warehouse'}
432612921,way,Unknown,,,,,49.0143114,32.1838341,{'building': 'warehouse'}
432783394,way,Unknown,,,,,50.4538344,30.4272341,"{'building': 'warehouse', 'building:levels': '1', 'building:material': 'metal'}"
432785185,way,Unknown,,,,,50.4545198,30.4234206,"{'building': 'warehouse', 'building:levels': '1', 'roof:shape': 'gabled'}"
432827776,way,Unknown,,,,,49.8126154,36.744286,{'building': 'warehouse'}
432827777,way,Unknown,,,,,49.8128559,36.7433792,{'building': 'warehouse'}
432827778,way,Unknown,,,,,49.8133183,36.7444363,{'building': 'warehouse'}
432868871,way,Unknown,,,,,49.031295,23.5021823,"{'building': 'warehouse', 'building:levels': '1'}"
432989273,way,Unknown,,,,,48.1511006,23.0288367,{'building': 'warehouse'}
432989274,way,Unknown,,,,,48.1504146,23.029345,{'building': 'warehouse'}
432989275,way,Unknown,,,,,48.1497102,23.0288684,{'building': 'warehouse'}
435229655,way,Unknown,,,,,50.4918399,30.4334057,"{'building': 'warehouse', 'building:levels': '1'}"
438334518,way,Unknown,,,,,46.4796985,30.7060538,{'building': 'warehouse'}
439120604,way,Склад магазин комбікормів,,,,,47.5067917,33.9229197,"{'addr:postcode': '74200', 'addr:street': 'вулиця Червоного Хреста', 'building': 'warehouse', 'building:levels': '1', 'name': 'Склад магазин комбікормів', 'name:uk': 'Склад магазин комбікормів', 'shop': 'pet'}"
439150338,way,Unknown,,,,,48.2110951,34.8768461,"{'addr:housenumber': '26А', 'addr:postcode': '52400', 'addr:street': 'Гагаріна вулиця', 'building': 'warehouse', 'building:levels': '1', 'roof:shape': 'gabled'}"
439476723,way,Unknown,,,,,48.4897587,35.0683085,{'building': 'warehouse'}
439695648,way,Unknown,,,,,50.3547272,30.5436619,"{'building': 'warehouse', 'building:levels': '3'}"
440472834,way,Unknown,,,,,50.082448,25.1529978,"{'addr:street': 'вулиця Лесі Українки', 'building': 'warehouse'}"
440472840,way,Unknown,,,,,50.0839961,25.1547854,{'building': 'warehouse'}
440498944,way,Unknown,,,,,50.0550416,25.1530122,{'building': 'warehouse'}
440498945,way,Unknown,,,,,50.05497,25.1551117,{'building': 'warehouse'}
440498946,way,Unknown,,,,,50.0539972,25.1531358,{'building': 'warehouse'}
440498947,way,Unknown,,,,,50.054946,25.1572564,{'building': 'warehouse'}
440498948,way,Unknown,,,,,50.0548958,25.1593832,{'building': 'warehouse'}
440498949,way,Unknown,,,,,50.053962,25.155411,{'building': 'warehouse'}
440498950,way,Unknown,,,,,50.0538968,25.157405,{'building': 'warehouse'}
440498951,way,Unknown,,,,,50.0538566,25.1593597,{'building': 'warehouse'}
440498952,way,Unknown,,,,,50.057189,25.1593666,{'building': 'warehouse'}
440498953,way,Unknown,,,,,50.0567635,25.1533232,{'building': 'warehouse'}
440498954,way,Unknown,,,,,50.0572278,25.1532847,{'building': 'warehouse'}
440498955,way,Unknown,,,,,50.0572004,25.1547705,{'building': 'warehouse'}
440498956,way,Unknown,,,,,50.057163,25.1570518,{'building': 'warehouse'}
440498957,way,Unknown,,,,,50.0571537,25.1579235,{'building': 'warehouse'}
440498958,way,Unknown,,,,,50.0560155,25.15695,{'building': 'warehouse'}
440498959,way,Unknown,,,,,50.0559736,25.1578145,{'building': 'warehouse'}
440498960,way,Unknown,,,,,50.0559641,25.1592058,{'building': 'warehouse'}
440498961,way,Unknown,,,,,50.0571911,25.1560637,{'building': 'warehouse'}
440498962,way,Unknown,,,,,50.0560377,25.1539442,{'building': 'warehouse'}
440498963,way,Unknown,,,,,50.0560109,25.1555769,{'building': 'warehouse'}
440942092,way,Unknown,,,,,50.0817904,25.1444387,{'building': 'warehouse'}
442789323,way,Unknown,,,,,51.7318054,25.0246161,{'building': 'warehouse'}
442789324,way,Unknown,,,,,51.7318408,25.0248853,{'building': 'warehouse'}
442879952,way,Unknown,,,,,50.1905696,27.0810754,"{'building': 'warehouse', 'building:levels': '1'}"
443020775,way,Unknown,,,,,50.3687764,30.8608933,{'building': 'warehouse'}
443447107,way,Unknown,,,,,50.656419,29.954024,{'building': 'warehouse'}
443449892,way,Unknown,,,,,50.6547013,29.9553084,{'building': 'warehouse'}
443450078,way,Unknown,,,,,50.6540723,29.9565248,{'building': 'warehouse'}
444359823,way,Unknown,,,,,46.6152027,31.530281,{'building': 'warehouse'}
444359825,way,Unknown,,,,,46.6149849,31.530841,{'building': 'warehouse'}
444927406,way,Unknown,,,,,50.5052013,30.4630485,"{'building': 'warehouse', 'building:levels': '1'}"
445544694,way,Unknown,,,,,49.9893856,24.2596667,{'building': 'warehouse'}
445919192,way,Unknown,,,,,49.8367548,31.7979392,{'building': 'warehouse'}
445919193,way,Unknown,,,,,49.837676,31.7937281,{'building': 'warehouse'}
445919194,way,Unknown,,,,,49.8371068,31.7968314,{'building': 'warehouse'}
445919195,way,Unknown,,,,,49.8372902,31.7948171,{'building': 'warehouse'}
445919196,way,Unknown,,,,,49.8380704,31.7940581,{'building': 'warehouse'}
445919197,way,Unknown,,,,,49.8365696,31.7968059,{'building': 'warehouse'}
445919198,way,Unknown,,,,,49.8378057,31.7948091,{'building': 'warehouse'}
445919199,way,Unknown,,,,,49.8369416,31.7957223,{'building': 'warehouse'}
445919200,way,Unknown,,,,,49.8379406,31.7929852,{'building': 'warehouse'}
445919201,way,Unknown,,,,,49.8368715,31.7976039,{'building': 'warehouse'}
445919202,way,Unknown,,,,,49.8376863,31.7951417,{'building': 'warehouse'}
445919203,way,Unknown,,,,,49.8369926,31.7971668,{'building': 'warehouse'}
445919204,way,Unknown,,,,,49.8372556,31.7964076,{'building': 'warehouse'}
445919205,way,Unknown,,,,,49.8374078,31.7944845,{'building': 'warehouse'}
445919206,way,Unknown,,,,,49.8368291,31.7960523,{'building': 'warehouse'}
445919207,way,Unknown,,,,,49.8379562,31.7943799,{'building': 'warehouse'}
445919208,way,Unknown,,,,,49.8375566,31.79405,{'building': 'warehouse'}
445919209,way,Unknown,,,,,49.8366873,31.7964867,{'building': 'warehouse'}
445919210,way,Unknown,,,,,49.8373749,31.7960778,{'building': 'warehouse'}
445919211,way,Unknown,,,,,49.8362626,31.7975154,{'building': 'warehouse'}
445919212,way,Unknown,,,,,49.8383281,31.7933204,{'building': 'warehouse'}
447102416,way,Unknown,,,,,48.7317872,25.8023847,"{'building': 'warehouse', 'building:levels': '1'}"
447102425,way,Unknown,,,,,48.7311829,25.8028553,"{'building': 'warehouse', 'building:levels': '1'}"
447102433,way,Unknown,,,,,48.7312455,25.8039889,"{'building': 'warehouse', 'building:levels': '1'}"
447102449,way,Unknown,,,,,48.7304228,25.8051629,"{'building': 'warehouse', 'building:levels': '1'}"
447461914,way,Unknown,,,,,50.4615267,30.4416019,"{'building': 'warehouse', 'building:material': 'bricks', 'height': '4'}"
447462886,way,Unknown,,,,,50.4621635,30.4428052,"{'building': 'warehouse', 'building:levels': '1', 'height': '4', 'roof:colour': 'black', 'roof:shape': 'flat'}"
447840334,way,Unknown,,,,,48.3944161,39.210782,"{'building': 'warehouse', 'building:levels': '1'}"
447844875,way,Unknown,,,,,48.3982411,39.2085151,"{'building': 'warehouse', 'building:levels': '1'}"
448306137,way,Unknown,,,,,50.6023397,26.2266788,{'building': 'warehouse'}
449043884,way,Unknown,,,,,48.6881853,32.3664798,{'building': 'warehouse'}
449043886,way,Unknown,,,,,48.6867629,32.366597,{'building': 'warehouse'}
449245095,way,Unknown,,,,,49.0364667,27.2586062,"{'addr:city': 'Віньківці', 'addr:country': 'UA', 'addr:postcode': '32500', 'addr:street': 'Володимирська вулиця', 'building': 'warehouse', 'building:levels': '1', 'height': '4'}"
449259387,way,Unknown,,,,,49.033,27.2485197,"{'building': 'warehouse', 'building:levels': '1', 'height': '4'}"
449259388,way,Unknown,,,,,49.0325632,27.247745,"{'addr:housenumber': '77', 'building': 'warehouse', 'building:levels': '1', 'height': '4'}"
449259391,way,Unknown,,,,,49.0329968,27.2480155,"{'building': 'warehouse', 'building:levels': '1', 'height': '5'}"
449261678,way,Unknown,,,,,49.0343483,27.2480048,"{'building': 'warehouse', 'building:levels': '1', 'height': '3'}"
449261682,way,Unknown,,,,,49.0343526,27.2484098,"{'building': 'warehouse', 'building:levels': '1', 'height': '3'}"
449261684,way,Unknown,,,,,49.0348736,27.247582,"{'building': 'warehouse', 'building:levels': '1', 'height': '3'}"
449434181,way,Unknown,,,,,48.7352883,25.8061259,"{'building': 'warehouse', 'building:levels': '1'}"
450171699,way,Unknown,,,,,48.5682385,32.6657061,{'building': 'warehouse'}
450171710,way,Unknown,,,,,48.5685699,32.6660916,{'building': 'warehouse'}
450171718,way,Unknown,,,,,48.5685133,32.66505,{'building': 'warehouse'}
450250543,way,Unknown,,,,,48.4940551,35.0148097,{'building': 'warehouse'}
452418264,way,Unknown,,,,,47.4626303,30.851116,{'building': 'warehouse'}
452418265,way,Unknown,,,,,47.4617158,30.8511666,{'building': 'warehouse'}
452418266,way,Unknown,,,,,47.4615875,30.8503659,{'building': 'warehouse'}
452418268,way,Unknown,,,,,47.4603524,30.8486857,{'building': 'warehouse'}
452422789,way,Unknown,,,,,47.4690899,30.8349852,{'building': 'warehouse'}
452422791,way,Unknown,,,,,47.4687857,30.8356531,{'building': 'warehouse'}
453568612,way,Unknown,,,,,48.230743,26.0400268,{'building': 'warehouse'}
454345656,way,Unknown,,,,,48.8922058,37.0547169,{'building': 'warehouse'}
454345657,way,Unknown,,,,,48.8925033,37.0537149,{'building': 'warehouse'}
454345658,way,Unknown,,,,,48.8923516,37.0549326,{'building': 'warehouse'}
454345659,way,Unknown,,,,,48.8924028,37.0544471,{'building': 'warehouse'}
454345661,way,Unknown,,,,,48.891634,37.0544326,{'building': 'warehouse'}
454661431,way,Unknown,,,,,48.8954653,37.0101361,{'building': 'warehouse'}
455183606,way,Unknown,,,,,50.3526865,25.0245169,{'building': 'warehouse'}
457621394,way,Unknown,,,,,50.4408646,30.2956392,"{'building': 'warehouse', 'height': '10', 'landuse': 'industrial'}"
457621396,way,Unknown,,,,,50.4390155,30.3069392,"{'building': 'warehouse', 'height': '10', 'landuse': 'industrial'}"
458079035,way,Unknown,,,,,49.9461162,30.2009246,{'building': 'warehouse'}
459044087,way,Unknown,,,,,50.4437926,30.4525498,{'building': 'warehouse'}
459053245,way,Unknown,,,,,50.8021091,34.683042,{'building': 'warehouse'}
459053246,way,Unknown,,,,,50.8022706,34.6837123,{'building': 'warehouse'}
459053247,way,Unknown,,,,,50.8017562,34.6828302,{'building': 'warehouse'}
459053248,way,Unknown,,,,,50.8019211,34.6838678,{'building': 'warehouse'}
459053249,way,Unknown,,,,,50.801263,34.6833879,{'building': 'warehouse'}
459053250,way,Unknown,,,,,50.8017567,34.683515,{'building': 'warehouse'}
459053251,way,Unknown,,,,,50.8016161,34.6837441,{'building': 'warehouse'}
459053252,way,Unknown,,,,,50.8013823,34.6840709,{'building': 'warehouse'}
459211702,way,Бджілка,,,,,51.5362915,31.2591824,"{'addr:housenumber': '10А', 'addr:postcode': '14007', 'addr:street': 'вулиця Володимира Дрозда', 'building': 'warehouse', 'description': 'Оптовий склад господарських товарів, інструментів та електрики', 'name': 'Бджілка', 'name:uk': 'Бджілка', 'official_name': 'Оптовий склад «Бджілка»', 'opening_hours': 'Mo-Fr 09:00-18:00; Sa 09:00-15:00', 'phone': '+380 93 206 1199', 'shop': 'wholesale'}"
459386534,way,Unknown,,,,,46.1960244,30.3084313,{'building': 'warehouse'}
459814777,way,Unknown,,,,,49.2926291,25.694041,{'building': 'warehouse'}
460208597,way,Unknown,,,,,48.5085003,25.0447209,{'building': 'warehouse'}
460599037,way,Unknown,,,,,48.9157942,32.1604461,{'building': 'warehouse'}
460599039,way,Unknown,,,,,48.9169094,32.1587629,{'building': 'warehouse'}
460601589,way,Unknown,,,,,48.9291478,32.2117753,{'building': 'warehouse'}
460601590,way,Unknown,,,,,48.9289809,32.2124567,{'building': 'warehouse'}
460601593,way,Unknown,,,,,48.9280479,32.2127663,{'building': 'warehouse'}
460601595,way,Unknown,,,,,48.9288521,32.210446,{'building': 'warehouse'}
460601596,way,Unknown,,,,,48.928283,32.2106018,{'building': 'warehouse'}
461608709,way,Гараж далекобійників,,,,,49.4615769,27.0083365,"{'addr:housenumber': '82/3', 'addr:street': 'вулиця Степана Бандери', 'building': 'warehouse', 'name': 'Гараж далекобійників', 'name:uk': 'Гараж далекобійників'}"
461608710,way,Гараж далекобійників,,,,,49.461325,27.008027,"{'addr:housenumber': '82/3', 'addr:street': 'вулиця Степана Бандери', 'building': 'warehouse', 'name': 'Гараж далекобійників', 'name:uk': 'Гараж далекобійників'}"
461622485,way,Склад,,,,,47.0640685,33.635719,"{'building': 'warehouse', 'name': 'Склад', 'name:uk': 'Склад'}"
461622486,way,Склад,,,,,47.0635493,33.6356081,"{'building': 'warehouse', 'name': 'Склад', 'name:uk': 'Склад'}"
461622487,way,Склад,,,,,47.0618477,33.6334808,"{'building': 'warehouse', 'name': 'Склад', 'name:uk': 'Склад'}"
461622488,way,Unknown,,,,,47.0618155,33.6336244,{'building': 'warehouse'}
462629004,way,Unknown,,,,,49.0204067,31.66406,{'building': 'warehouse'}
462629006,way,Unknown,,,,,49.0191172,31.664785,{'building': 'warehouse'}
462629007,way,Unknown,,,,,49.0190501,31.6652281,{'building': 'warehouse'}
462629008,way,Unknown,,,,,49.019377,31.665863,{'building': 'warehouse'}
462629010,way,Unknown,,,,,49.0193234,31.6662707,{'building': 'warehouse'}
463211421,way,Unknown,,,,,47.4781516,33.527096,{'building': 'warehouse'}
464734065,way,Unknown,,,,,50.7593266,34.3321289,{'building': 'warehouse'}
464734066,way,Unknown,,,,,50.7592146,34.333489,{'building': 'warehouse'}
464852034,way,Unknown,,,,,50.5526183,30.165077,{'building': 'warehouse'}
465149669,way,Unknown,,,,,50.7510328,34.3332198,{'building': 'warehouse'}
465149670,way,Unknown,,,,,50.7510655,34.3326151,{'building': 'warehouse'}
465151201,way,Unknown,,,,,50.7516351,34.3355347,{'building': 'warehouse'}
465156703,way,Unknown,,,,,50.7535429,34.3378728,{'building': 'warehouse'}
465233949,way,Химсклад,,,,,51.469342,26.3508717,"{'building': 'warehouse', 'building:levels': '1', 'name': 'Химсклад', 'name:uk': 'Химсклад'}"
465661620,way,Unknown,,,,,50.7783351,34.345164,{'building': 'warehouse'}
465737198,way,Unknown,,,,,48.1571488,23.0259365,"{'addr:housenumber': '108-Г', 'addr:postcode': '90300', 'addr:street': 'вулиця Івана Франка', 'building': 'warehouse'}"
466068880,way,Unknown,,,,,50.4789072,26.05332,{'building': 'warehouse'}
466068882,way,Unknown,,,,,50.4811543,26.0523625,{'building': 'warehouse'}
466068883,way,Unknown,,,,,50.4814264,26.0517534,{'building': 'warehouse'}
466068884,way,Unknown,,,,,50.4803396,26.0508665,{'building': 'warehouse'}
466068885,way,Unknown,,,,,50.4813556,26.0495637,{'building': 'warehouse'}
467225531,way,Unknown,,,,,47.5049743,33.37566,{'building': 'warehouse'}
467225532,way,Unknown,,,,,47.5053855,33.3766451,{'building': 'warehouse'}
467431840,way,Unknown,,,,,49.9175263,28.5994615,{'building': 'warehouse'}
467431841,way,Unknown,,,,,49.9167916,28.5997126,{'building': 'warehouse'}
467431842,way,Unknown,,,,,49.9170199,28.6001675,{'building': 'warehouse'}
467431843,way,Unknown,,,,,49.9164045,28.6010438,{'building': 'warehouse'}
467431844,way,Unknown,,,,,49.9161655,28.600631,{'building': 'warehouse'}
467431845,way,Unknown,,,,,49.9155321,28.599734,{'building': 'warehouse'}
467431847,way,Unknown,,,,,49.9160649,28.5989499,{'building': 'warehouse'}
467431848,way,Unknown,,,,,49.9173551,28.5973931,{'building': 'warehouse'}
467431849,way,Unknown,,,,,49.9169609,28.5977992,{'building': 'warehouse'}
468858654,way,Unknown,,,,,47.8542028,35.1306341,"{'addr:housenumber': '38', 'addr:postcode': '69000', 'addr:street': 'Ферросплавна вулиця', 'building': 'warehouse', 'building:levels': '1'}"
469058653,way,Unknown,,,,,47.8550372,35.129014,"{'building': 'warehouse', 'building:levels': '1'}"
469058654,way,Unknown,,,,,47.8549244,35.1285628,"{'building': 'warehouse', 'building:levels': '1'}"
471160802,way,Вугільний майданчик,,,,,49.5876779,36.5257989,"{'building': 'warehouse', 'layer': '-1', 'name': 'Вугільний майданчик', 'name:uk': 'Вугільний майданчик'}"
472096840,way,Unknown,,,,,48.5083537,27.1616943,{'building': 'warehouse'}
472096841,way,Unknown,,,,,48.5081411,27.1624943,{'building': 'warehouse'}
472096842,way,Unknown,,,,,48.5079054,27.1621081,{'building': 'warehouse'}
472096843,way,Unknown,,,,,48.5076744,27.1617162,{'building': 'warehouse'}
472344443,way,Unknown,,,,,50.4593408,30.4977472,"{'building': 'warehouse', 'building:levels': '1'}"
472679505,way,Unknown,,,,,50.7539798,29.3395549,"{'building': 'warehouse', 'building:levels': '1'}"
473352648,way,Unknown,,,,,50.6253082,34.7843024,"{'building': 'warehouse', 'building:levels': '1', 'height': '7'}"
475669941,way,Unknown,,,,,47.8443069,35.1482861,{'building': 'warehouse'}
475669943,way,Unknown,,,,,47.8444315,35.147709,"{'addr:housenumber': '15', 'addr:street': 'вулиця Дмитра Апухтіна', 'building': 'warehouse'}"
475695583,way,Unknown,,,,,49.5977857,36.5360868,{'building': 'warehouse'}
475695584,way,Unknown,,,,,49.5975771,36.5366546,{'building': 'warehouse'}
475960039,way,Unknown,,,,,49.280491,35.7737247,{'building': 'warehouse'}
475960040,way,Unknown,,,,,49.2805501,35.7730086,{'building': 'warehouse'}
475960041,way,Unknown,,,,,49.2790299,35.7721043,{'building': 'warehouse'}
475960042,way,Unknown,,,,,49.2796415,35.7728065,{'building': 'warehouse'}
475960043,way,Unknown,,,,,49.2796866,35.7720698,{'building': 'warehouse'}
475960044,way,Unknown,,,,,49.2798717,35.771586,{'building': 'warehouse'}
475960045,way,Unknown,,,,,49.2796493,35.7697429,{'building': 'warehouse'}
475960046,way,Unknown,,,,,49.2803305,35.7704515,{'building': 'warehouse'}
476606935,way,Unknown,,,,,46.1864446,30.3324963,{'building': 'warehouse'}
476740761,way,Unknown,,,,,49.5911442,36.5366717,{'building': 'warehouse'}
477244797,way,Прод.склад,,,,,49.3923948,37.1984613,"{'building': 'warehouse', 'name': 'Прод.склад', 'name:uk': 'Прод.склад'}"
478386024,way,Cклад продуктів харчування,,,,,50.7666502,29.2479324,"{'building': 'warehouse', 'description': 'тут знаходиться комора шкільної їдальні . Щодо форми . Якщо підійти то являє собою штучно насипану гору з чорнозему який з часу створення 1997 рік (рік побудови нового корпусу ) заріс травою висотою у 2 поверхи.', 'layer': '-1', 'location': 'underground', 'name': 'Cклад продуктів харчування', 'name:uk': 'Cклад продуктів харчування', 'note': 'Збоку річки двері на замку , якщо відчинити двері то бетонні сходи униз . Щось подібне є в у Кременецькому районі в селах з назвою льох для зимівлі врожаю'}"
478856303,way,Unknown,,,,,47.8222291,35.0242062,{'building': 'warehouse'}
478875516,way,Unknown,,,,,50.4834791,31.7844304,{'building': 'warehouse'}
479020266,way,Unknown,,,,,46.4060496,30.6982431,{'building': 'warehouse'}
479256495,way,Unknown,,,,,50.8006782,25.677052,{'building': 'warehouse'}
481579026,way,Unknown,,,,,50.3071128,30.3306453,{'building': 'warehouse'}
482121335,way,Unknown,,,,,48.3426725,31.5190208,{'building': 'warehouse'}
482121337,way,Unknown,,,,,48.3426384,31.5197832,{'building': 'warehouse'}
482121339,way,Unknown,,,,,48.3412353,31.5199888,{'building': 'warehouse'}
482121340,way,Unknown,,,,,48.3409531,31.5206766,{'building': 'warehouse'}
482237349,way,Unknown,,,,,46.1731261,30.3147391,{'building': 'warehouse'}
482237350,way,Unknown,,,,,46.1731628,30.3142787,{'building': 'warehouse'}
482237351,way,Unknown,,,,,46.1734052,30.3142565,{'building': 'warehouse'}
482237352,way,Unknown,,,,,46.1734223,30.3144456,{'building': 'warehouse'}
482237353,way,Unknown,,,,,46.1733494,30.3145951,{'building': 'warehouse'}
482237354,way,Unknown,,,,,46.1733532,30.3149274,{'building': 'warehouse'}
482237355,way,Unknown,,,,,46.1733504,30.315073,{'building': 'warehouse'}
482237356,way,Unknown,,,,,46.1735763,30.3147709,{'building': 'warehouse'}
482842032,way,Unknown,,,,,50.7250468,25.298715,"{'building': 'warehouse', 'height': '9'}"
483074230,way,Склад Удобрений,,,,,49.1052982,37.7332004,"{'building': 'warehouse', 'name': 'Склад Удобрений', 'name:uk': 'Склад Удобрений'}"
484395184,way,Unknown,,,,,44.6649793,33.594921,{'building': 'warehouse'}
484395186,way,Unknown,,,,,44.6657001,33.5961935,{'building': 'warehouse'}
484395188,way,Unknown,,,,,44.6641658,33.591467,{'building': 'warehouse'}
484395190,way,Unknown,,,,,44.6649927,33.5983857,{'building': 'warehouse'}
484395192,way,Unknown,,,,,44.6636686,33.5876586,{'building': 'warehouse'}
484395194,way,Unknown,,,,,44.6664118,33.5963337,{'building': 'warehouse'}
484395195,way,Unknown,,,,,44.6652,33.5858418,{'building': 'warehouse'}
484395197,way,Unknown,,,,,44.664343,33.5914094,{'building': 'warehouse'}
484395199,way,Unknown,,,,,44.6638144,33.5838724,{'building': 'warehouse'}
484395201,way,Unknown,,,,,44.6652184,33.5988459,{'building': 'warehouse'}
484395203,way,Unknown,,,,,44.6657666,33.5929869,{'building': 'warehouse'}
484395205,way,Unknown,,,,,44.6651363,33.5894184,{'building': 'warehouse'}
484395206,way,Unknown,,,,,44.6650207,33.5858294,{'building': 'warehouse'}
484395208,way,Unknown,,,,,44.6639956,33.5838952,{'building': 'warehouse'}
484395210,way,Unknown,,,,,44.6650041,33.5988561,{'building': 'warehouse'}
484395211,way,Unknown,,,,,44.6652071,33.5983754,{'building': 'warehouse'}
484395213,way,Unknown,,,,,44.6659459,33.5929235,{'building': 'warehouse'}
484395215,way,Unknown,,,,,44.6647966,33.5949865,{'building': 'warehouse'}
484395217,way,Unknown,,,,,44.6653143,33.5893655,{'building': 'warehouse'}
484395218,way,Unknown,,,,,44.6662238,33.5963351,{'building': 'warehouse'}
484395220,way,Unknown,,,,,44.6638516,33.58767,{'building': 'warehouse'}
484395812,way,Unknown,,,,,44.6676039,33.6012211,{'building': 'warehouse'}
484395813,way,Unknown,,,,,44.6669401,33.5988208,{'building': 'warehouse'}
484395814,way,Unknown,,,,,44.6672347,33.5990384,{'building': 'warehouse'}
484395815,way,Unknown,,,,,44.6679027,33.6014498,{'building': 'warehouse'}
484395816,way,Unknown,,,,,44.6614981,33.5948836,{'building': 'warehouse'}
484395817,way,Unknown,,,,,44.6676213,33.5990041,{'building': 'warehouse'}
484395818,way,Unknown,,,,,44.6682908,33.6014246,{'building': 'warehouse'}
484395819,way,Unknown,,,,,44.6673282,33.5987878,{'building': 'warehouse'}
484395820,way,Unknown,,,,,44.6679989,33.6012013,{'building': 'warehouse'}
484395821,way,Unknown,,,,,44.6625136,33.6000186,{'building': 'warehouse'}
484442644,way,Unknown,,,,,44.6507783,33.6162429,{'building': 'warehouse'}
484442645,way,Unknown,,,,,44.6484392,33.6158913,{'building': 'warehouse'}
484442646,way,Unknown,,,,,44.6516252,33.6194991,{'building': 'warehouse'}
484442647,way,Unknown,,,,,44.6526947,33.6157682,{'building': 'warehouse'}
484442648,way,Unknown,,,,,44.651615,33.6149259,{'building': 'warehouse'}
484442649,way,Unknown,,,,,44.6502026,33.6130963,{'building': 'warehouse'}
484442650,way,Unknown,,,,,44.6507678,33.6134732,{'building': 'warehouse'}
484442651,way,Unknown,,,,,44.6478772,33.6148534,{'building': 'warehouse'}
484442652,way,Unknown,,,,,44.6506213,33.620537,{'building': 'warehouse'}
484442653,way,Unknown,,,,,44.6484646,33.6136139,{'building': 'warehouse'}
484442654,way,Unknown,,,,,44.6496389,33.6127007,{'building': 'warehouse'}
484442655,way,Unknown,,,,,44.6499482,33.6183499,{'building': 'warehouse'}
484442656,way,Unknown,,,,,44.6523935,33.6167565,{'building': 'warehouse'}
484442657,way,Unknown,,,,,44.6490046,33.6169895,{'building': 'warehouse'}
484442658,way,Unknown,,,,,44.6519976,33.6181211,{'building': 'warehouse'}
484877739,way,Unknown,,,,,50.4526358,30.3989743,{'building': 'warehouse'}
485427898,way,Unknown,,,,,49.2066639,27.6868656,{'building': 'warehouse'}
485427899,way,Unknown,,,,,49.2065173,27.6865781,{'building': 'warehouse'}
486471902,way,Unknown,,,,,48.4947069,22.2277738,{'building': 'warehouse'}
486742204,way,Unknown,,,,,45.4384235,28.3035346,{'building': 'warehouse'}
486869217,way,Unknown,,,,,50.4978811,30.4793969,{'building': 'warehouse'}
487131177,way,Unknown,,,,,48.3906422,35.0590586,"{'addr:housenumber': '1/1', 'addr:postcode': '49049', 'addr:street': 'Близнюківський узвіз', 'building': 'warehouse', 'roof:shape': 'hipped'}"
487131178,way,Unknown,,,,,48.3913854,35.0595634,"{'addr:postcode': '49049', 'addr:street': 'Близнюківський узвіз', 'building': 'warehouse', 'building:levels': '1', 'roof:shape': 'round'}"
487131180,way,Unknown,,,,,48.3910457,35.0594374,"{'addr:postcode': '49049', 'addr:street': 'Близнюківський узвіз', 'building': 'warehouse', 'building:levels': '1', 'roof:shape': 'round'}"
487342258,way,Unknown,,,,,50.478515,26.0534521,{'building': 'warehouse'}
487342260,way,Unknown,,,,,50.4807031,26.0509621,{'building': 'warehouse'}
487342261,way,Unknown,,,,,50.4813346,26.0508494,{'building': 'warehouse'}
487342262,way,Unknown,,,,,50.481268,26.0511797,{'building': 'warehouse'}
487689948,way,Unknown,,,,,44.4877982,34.1440967,{'building': 'warehouse'}
487925499,way,Unknown,,,,,49.4288451,31.223922,{'building': 'warehouse'}
487996292,way,Unknown,,,,,50.4749515,30.4150649,{'building': 'warehouse'}
488835701,way,Unknown,,,,,48.497697,36.0791196,{'building': 'warehouse'}
489242439,way,Unknown,,,,,47.6575019,34.1122159,{'building': 'warehouse'}
489409809,way,Unknown,,,,,49.8143489,24.0645489,{'building': 'warehouse'}
490549641,way,Unknown,,,,,50.4857581,30.4373929,"{'building': 'warehouse', 'building:levels': '1'}"
490611688,way,Unknown,,,,,48.4495365,32.3012174,{'building': 'warehouse'}
490861097,way,Unknown,,,,,50.7657418,31.3859151,{'building': 'warehouse'}
490861098,way,Unknown,,,,,50.7660085,31.3872925,{'building': 'warehouse'}
490861100,way,Unknown,,,,,50.766613,31.3857838,{'building': 'warehouse'}
490861101,way,Unknown,,,,,50.7662481,31.3860543,{'building': 'warehouse'}
490861102,way,Unknown,,,,,50.766693,31.3898449,{'building': 'warehouse'}
490861105,way,Unknown,,,,,50.7671884,31.3895097,{'building': 'warehouse'}
491711349,way,Unknown,,,,,44.6749004,34.3996767,{'building': 'warehouse'}
492303988,way,Unknown,,,,,50.4869482,31.8012567,{'building': 'warehouse'}
492303989,way,Unknown,,,,,50.4863565,31.8012953,{'building': 'warehouse'}
492303991,way,Unknown,,,,,50.4861564,31.8013598,{'building': 'warehouse'}
492303996,way,Unknown,,,,,50.4859427,31.8008602,{'building': 'warehouse'}
492304002,way,Unknown,,,,,50.4858776,31.7993212,{'building': 'warehouse'}
492304003,way,Unknown,,,,,50.4858437,31.7968518,{'building': 'warehouse'}
492304004,way,Unknown,,,,,50.4858346,31.7964823,{'building': 'warehouse'}
492304005,way,Unknown,,,,,50.4857448,31.7959685,"{'addr:housenumber': '163', 'building': 'warehouse'}"
492304009,way,Unknown,,,,,50.4855502,31.7971992,{'building': 'warehouse'}
492304015,way,Unknown,,,,,50.4848823,31.7985754,{'building': 'warehouse'}
492304017,way,Unknown,,,,,50.4847965,31.7978005,{'building': 'warehouse'}
492304018,way,Unknown,,,,,50.4850469,31.7969188,"{'addr:housenumber': '165', 'building': 'warehouse'}"
493848280,way,Продуктовий та промисловий,,,,,46.6940113,30.1864838,"{'building': 'warehouse', 'name': 'Продуктовий та промисловий', 'name:uk': 'Продуктовий та промисловий', 'shop': 'convenience'}"
494589405,way,Unknown,,,,,48.3710361,34.9961907,"{'addr:housenumber': '189', 'addr:street': 'проспект Богдана Хмельницького', 'building': 'warehouse', 'description': 'Холодильні склади'}"
495698382,way,Unknown,,,,,48.550395,35.0967091,"{'addr:full': 'Дніпропетровська область, Дніпровський район, територія Слобожанської селищної ради, комплекс будівель та споруд № 8 (розподільчий центр)', 'addr:housenumber': '8', 'addr:postcode': '52005', 'building': 'warehouse', 'building:colour': 'blue', 'building:levels': '2', 'opening_hours': '24/7', 'operator': 'АТБ-Маркет', 'ref': 'РЦ-7', 'roof:colour': 'grey', 'roof:shape': 'flat'}"
495757060,way,Unknown,,,,,50.7404841,29.35891,"{'building': 'warehouse', 'source': 'фото http://malynlis.com.ua/lisgosp/struktrni-pidrozdili/ukrajinkivske-lisnictvo.html'}"
495828424,way,Unknown,,,,,46.373927,30.7161444,{'building': 'warehouse'}
496190389,way,Unknown,,,,,49.6392127,30.9626446,{'building': 'warehouse'}
496192429,way,Unknown,,,,,49.6409477,30.9882493,{'building': 'warehouse'}
496192430,way,Unknown,,,,,49.6410935,30.9884025,{'building': 'warehouse'}
496193180,way,Unknown,,,,,49.6329701,30.9953992,{'building': 'warehouse'}
496638527,way,Unknown,,,,,49.6246202,30.9554105,{'building': 'warehouse'}
496638528,way,Unknown,,,,,49.6244071,30.955295,{'building': 'warehouse'}
496980540,way,Unknown,,,,,46.4981935,34.1966771,{'building': 'warehouse'}
497147478,way,Unknown,,,,,48.2935643,37.212093,{'building': 'warehouse'}
497147480,way,Unknown,,,,,48.2935939,37.2124432,{'building': 'warehouse'}
497625925,way,Unknown,,,,,50.5082359,31.7626121,{'building': 'warehouse'}
497625926,way,Unknown,,,,,50.5086224,31.7636928,{'building': 'warehouse'}
497625927,way,Unknown,,,,,50.5089933,31.7634336,{'building': 'warehouse'}
497781840,way,Unknown,,,,,50.2301943,28.6882185,{'building': 'warehouse'}
497781841,way,Склад кисневих балонів,,,,,50.230458,28.6874741,"{'building': 'warehouse', 'name': 'Склад кисневих балонів', 'name:ru': 'Склад балонов с кислородом', 'name:uk': 'Склад кисневих балонів'}"
497781850,way,Unknown,,,,,50.2298844,28.6879389,{'building': 'warehouse'}
497781891,way,Unknown,,,,,50.2308352,28.6877478,{'building': 'warehouse'}
498105062,way,Unknown,,,,,50.1984023,23.7953591,{'building': 'warehouse'}
498105063,way,Unknown,,,,,50.1986117,23.795343,{'building': 'warehouse'}
498105064,way,Unknown,,,,,50.1987442,23.795507,{'building': 'warehouse'}
498296884,way,Unknown,,,,,50.5013298,30.837178,{'building': 'warehouse'}
498296906,way,Unknown,,,,,50.5005337,30.835291,{'building': 'warehouse'}
498296907,way,Unknown,,,,,50.5004122,30.8351201,{'building': 'warehouse'}
498296912,way,Unknown,,,,,50.4998846,30.83292,{'building': 'warehouse'}
498562168,way,Unknown,,,,,50.4179212,29.8025683,{'building': 'warehouse'}
498566047,way,Unknown,,,,,50.4158431,29.7705437,"{'addr:postcode': '08004', 'addr:street': 'Київська вулиця', 'building': 'warehouse'}"
498566048,way,Unknown,,,,,50.4160009,29.7715621,"{'addr:postcode': '08004', 'addr:street': 'Київська вулиця', 'building': 'warehouse'}"
498566053,way,Unknown,,,,,50.4152847,29.7700559,{'building': 'warehouse'}
498566054,way,Unknown,,,,,50.4151302,29.7706723,{'building': 'warehouse'}
498566055,way,Unknown,,,,,50.4147021,29.7716549,{'building': 'warehouse'}
498566059,way,Unknown,,,,,50.414755,29.7727228,"{'addr:postcode': '08004', 'building': 'warehouse'}"
498566060,way,Unknown,,,,,50.4155187,29.7728106,"{'addr:postcode': '08004', 'building': 'warehouse'}"
498566061,way,Unknown,,,,,50.4159823,29.7728306,"{'addr:postcode': '08004', 'building': 'warehouse'}"
498566062,way,Unknown,,,,,50.4155947,29.7737658,{'building': 'warehouse'}
498566063,way,Unknown,,,,,50.4150854,29.7733111,{'building': 'warehouse'}
498566064,way,Unknown,,,,,50.4147261,29.7734355,{'building': 'warehouse'}
498566068,way,Unknown,,,,,50.4141095,29.7703067,{'building': 'warehouse'}
498566069,way,Unknown,,,,,50.4141197,29.7710269,{'building': 'warehouse'}
498566070,way,Unknown,,,,,50.413658,29.7701521,{'building': 'warehouse'}
498566071,way,Unknown,,,,,50.4136301,29.769415,"{'addr:postcode': '08004', 'building': 'warehouse'}"
498566074,way,Unknown,,,,,50.413623,29.7705979,{'building': 'warehouse'}
498566075,way,Unknown,,,,,50.413491,29.770555,{'building': 'warehouse'}
498566081,way,Unknown,,,,,50.4159158,29.7688164,{'building': 'warehouse'}
498566086,way,Unknown,,,,,50.4159332,29.7694358,"{'addr:postcode': '08004', 'building': 'warehouse'}"
499956261,way,Unknown,,,,,50.5120677,31.785012,{'building': 'warehouse'}
500069903,way,Unknown,,,,,47.25334,37.4552089,{'building': 'warehouse'}
501386556,way,Unknown,,,,,50.3847339,30.4678873,"{'addr:housenumber': '2 к9', 'addr:street': 'проспект Академіка Глушкова', 'building': 'warehouse', 'building:levels': '1', 'roof:shape': 'flat'}"
501781665,way,Unknown,,,,,48.3657592,32.672105,{'building': 'warehouse'}
503122981,way,Unknown,,,,,48.5288355,32.2498406,{'building': 'warehouse'}
503513389,way,Unknown,,,,,51.6378929,31.5613419,{'building': 'warehouse'}
503513390,way,Unknown,,,,,51.6380967,31.5616902,{'building': 'warehouse'}
503513391,way,Unknown,,,,,51.6378706,31.5624748,{'building': 'warehouse'}
503513393,way,Unknown,,,,,51.637319,31.5645003,{'building': 'warehouse'}
503866612,way,Пиломатеріали,,,,,48.1053916,33.4862719,"{'building': 'warehouse', 'name': 'Пиломатеріали', 'name:uk': 'Пиломатеріали'}"
504421361,way,Unknown,,,,,49.810566,31.5212833,{'building': 'warehouse'}
504824882,way,Unknown,,,,,49.6562983,35.022325,{'building': 'warehouse'}
504824884,way,Unknown,,,,,49.6566677,35.0216341,{'building': 'warehouse'}
504824886,way,Unknown,,,,,49.6560437,35.0212007,{'building': 'warehouse'}
504824887,way,Unknown,,,,,49.6563472,35.0216575,{'building': 'warehouse'}
504824890,way,Unknown,,,,,49.6561554,35.0215334,{'building': 'warehouse'}
505847266,way,Unknown,,,,,50.4839188,31.785146,{'building': 'warehouse'}
506870439,way,Unknown,,,,,48.5809725,32.1376848,{'building': 'warehouse'}
507678241,way,Unknown,,,,,50.4684019,30.3587304,"{'building': 'warehouse', 'building:levels': '1'}"
507678282,way,Unknown,,,,,50.4668493,30.3592554,"{'building': 'warehouse', 'building:levels': '1'}"
507783991,way,Unknown,,,,,50.4567514,30.6494339,"{'addr:housenumber': '95', 'building': 'warehouse', 'building:levels': '2'}"
507902889,way,Склад каустичної соди,,,,,49.0747892,24.3161146,"{'building': 'warehouse', 'name': 'Склад каустичної соди', 'name:uk': 'Склад каустичної соди'}"
508272901,way,Unknown,,,,,48.6404141,32.0718593,{'building': 'warehouse'}
508272903,way,Unknown,,,,,48.6407064,32.0735739,{'building': 'warehouse'}
508272905,way,Unknown,,,,,48.6414706,32.0734777,{'building': 'warehouse'}
509466007,way,Unknown,,,,,49.9075791,24.2994957,"{'building': 'warehouse', 'building:levels': '1'}"
509495462,way,Unknown,,,,,49.2337861,31.7017865,{'building': 'warehouse'}
509498579,way,Unknown,,,,,50.357141,30.347307,{'building': 'warehouse'}
509606675,way,Unknown,,,,,50.0457745,31.5106236,{'building': 'warehouse'}
509647375,way,Котельня,,,,,48.9356572,38.500443,"{'building': 'warehouse', 'building:levels': '1', 'name': 'Котельня', 'name:ru': 'Котельная', 'name:uk': 'Котельня'}"
509913659,way,Unknown,,,,,49.9080736,24.2939218,{'building': 'warehouse'}
510424738,way,Unknown,,,,,50.4235222,30.3355668,{'building': 'warehouse'}
510424741,way,Unknown,,,,,50.4229399,30.3345595,{'building': 'warehouse'}
510424743,way,Unknown,,,,,50.4227663,30.3337366,{'building': 'warehouse'}
511811467,way,Unknown,,,,,50.2309032,33.0261534,{'building': 'warehouse'}
511811469,way,Unknown,,,,,50.230931,33.0252731,{'building': 'warehouse'}
511811470,way,Unknown,,,,,50.2310272,33.0261087,{'building': 'warehouse'}
511811472,way,Unknown,,,,,50.2310545,33.0252627,{'building': 'warehouse'}
511811473,way,Unknown,,,,,50.2311613,33.0261117,{'building': 'warehouse'}
511811474,way,Unknown,,,,,50.2307663,33.0261377,{'building': 'warehouse'}
511811478,way,Unknown,,,,,50.2309577,33.026655,{'building': 'warehouse'}
512575736,way,Склади АТБ РЦ-19,,,,,49.7715203,36.7026461,"{'building': 'warehouse', 'name': 'Склади АТБ РЦ-19', 'name:uk': 'Склади АТБ РЦ-19'}"
512824061,way,Unknown,,,,,50.760126,29.2661442,"{'building': 'warehouse', 'building:levels': '1'}"
512824064,way,Unknown,,,,,50.7601722,29.2655343,"{'addr:housenumber': '120', 'building': 'warehouse'}"
513370357,way,Unknown,,,,,49.940375,33.6218989,"{'building': 'warehouse', 'building:levels': '1', 'roof:levels': '1', 'roof:shape': 'flat'}"
513370362,way,Unknown,,,,,49.9435703,33.6238676,"{'building': 'warehouse', 'building:levels': '1', 'level': '1', 'roof:levels': '1', 'roof:shape': 'hipped'}"
513976865,way,Unknown,,,,,49.9452134,36.9634015,{'building': 'warehouse'}
513976866,way,Unknown,,,,,49.9452216,36.9623139,{'building': 'warehouse'}
514306371,way,Unknown,,,,,50.4777645,30.365212,{'building': 'warehouse'}
514430728,way,Центральний склад,,,,,49.0197087,31.0199148,"{'addr:city': 'Ватутіне', 'addr:housenumber': '11', 'addr:postcode': '20250', 'addr:street': 'Індустріальна вулиця', 'building': 'warehouse', 'building:levels': '2', 'name': 'Центральний склад', 'name:uk': 'Центральний склад'}"
514575006,way,Склад лісонасіння,,,,,50.7390546,29.3567187,"{'building': 'warehouse', 'building:levels': '1', 'name': 'Склад лісонасіння', 'name:uk': 'Склад лісонасіння'}"
514889915,way,Unknown,,,,,50.5432975,30.6536395,{'building': 'warehouse'}
515781538,way,Склад,,,,,49.149514,23.0208989,"{'addr:postcode': '82500', 'addr:street': 'вулиця Адама Міцкевича', 'building': 'warehouse', 'building:levels': '1', 'name': 'Склад', 'name:uk': 'Склад'}"
516179607,way,Unknown,,,,,50.0863502,36.7843032,{'building': 'warehouse'}
516179608,way,Unknown,,,,,50.086902,36.7841454,{'building': 'warehouse'}
516179609,way,Unknown,,,,,50.0851809,36.7846058,{'building': 'warehouse'}
516179613,way,Unknown,,,,,50.0863585,36.786853,{'building': 'warehouse'}
516400160,way,Unknown,,,,,50.7597802,29.2382082,"{'building': 'warehouse', 'building:levels': '1'}"
516799423,way,Unknown,,,,,49.8652522,23.9420125,"{'building': 'warehouse', 'roof:shape': 'round'}"
516799424,way,Unknown,,,,,49.865151,23.9422132,"{'building': 'warehouse', 'roof:shape': 'round'}"
516799426,way,Unknown,,,,,49.8650845,23.9423889,"{'building': 'warehouse', 'roof:shape': 'round'}"
517032838,way,Unknown,,,,,47.7684151,37.5710437,"{'building': 'warehouse', 'building:levels': '1', 'roof:shape': 'gabled'}"
517114470,way,Unknown,,,,,49.6210564,25.8008307,{'building': 'warehouse'}
517702234,way,Unknown,,,,,46.5252251,30.7273062,"{'building': 'warehouse', 'building:levels': '1'}"
519730536,way,Unknown,,,,,50.0794857,29.9152134,"{'addr:housenumber': '1А', 'addr:postcode': '08500', 'addr:street': 'вулиця Івана Ступака', 'building': 'warehouse', 'building:levels': '1'}"
520426816,way,Unknown,,,,,50.0875712,29.9364079,{'building': 'warehouse'}
520426820,way,Unknown,,,,,50.0858735,29.9357004,{'building': 'warehouse'}
520426821,way,Unknown,,,,,50.0870764,29.9359302,{'building': 'warehouse'}
520426826,way,Unknown,,,,,50.086329,29.9354747,{'building': 'warehouse'}
520426828,way,Unknown,,,,,50.0867662,29.9361174,{'building': 'warehouse'}
520426830,way,Unknown,,,,,50.0864225,29.9362131,{'building': 'warehouse'}
520426831,way,Unknown,,,,,50.0871185,29.9365361,{'building': 'warehouse'}
520426833,way,Unknown,,,,,50.0862855,29.9355859,{'building': 'warehouse'}
520426835,way,Unknown,,,,,50.0858579,29.9359181,{'building': 'warehouse'}
520426837,way,Unknown,,,,,50.0870616,29.9367406,{'building': 'warehouse'}
520426838,way,Unknown,,,,,50.0870042,29.9368859,{'building': 'warehouse'}
520426840,way,Unknown,,,,,50.0873228,29.9361917,{'building': 'warehouse'}
520505152,way,Unknown,,,,,50.7723032,29.2274362,"{'addr:housenumber': '72-А', 'building': 'warehouse', 'building:levels': '1'}"
520552921,way,Unknown,,,,,46.4511615,30.6398492,{'building': 'warehouse'}
520611080,way,Unknown,,,,,48.9742354,31.6748842,{'building': 'warehouse'}
520611081,way,Unknown,,,,,48.9739251,31.6753597,{'building': 'warehouse'}
521166978,way,Unknown,,,,,50.4484826,30.3952612,{'building': 'warehouse'}
521166980,way,Unknown,,,,,50.4480661,30.3957073,{'building': 'warehouse'}
521166981,way,Unknown,,,,,50.4488458,30.3958918,{'building': 'warehouse'}
521198500,way,Unknown,,,,,46.4379189,30.6482616,{'building': 'warehouse'}
523888746,way,Unknown,,,,,50.5007495,30.4709231,"{'addr:street': 'вулиця Сімʼї Кульженків', 'building': 'warehouse', 'building:levels': '1'}"
523888763,way,Unknown,,,,,50.5010694,30.4712442,"{'addr:housenumber': '14', 'addr:street': 'вулиця Сімʼї Кульженків', 'building': 'warehouse', 'building:levels': '1'}"
524245286,way,Центральний матеріальний склад,,,,,50.5036427,30.4638595,"{'building': 'warehouse', 'building:levels': '1', 'name': 'Центральний матеріальний склад', 'name:uk': 'Центральний матеріальний склад'}"
524390473,way,Unknown,,,,,44.6113837,33.5561571,"{'addr:city': 'Севастополь', 'building': 'warehouse', 'building:levels': '1', 'roof:shape': 'gabled'}"
524566625,way,Овочесховище,,,,,48.4515468,34.4864444,"{'building': 'warehouse', 'name': 'Овочесховище', 'name:uk': 'Овочесховище'}"
525049605,way,Unknown,,,,,51.0089245,31.8741632,{'building': 'warehouse'}
525049607,way,Unknown,,,,,51.0087167,31.8735063,{'building': 'warehouse'}
525890579,way,Unknown,,,,,49.3239585,30.8957951,{'building': 'warehouse'}
526486952,way,Unknown,,,,,44.5788345,33.4883286,"{'addr:housenumber': '17/1', 'addr:street': 'Отрадная улица', 'building': 'warehouse'}"
526591396,way,Хімсклад,,,,,51.0315382,28.1634198,"{'building': 'warehouse', 'name': 'Хімсклад', 'name:uk': 'Хімсклад'}"
526784766,way,Unknown,,,,,46.5098996,30.6225712,{'building': 'warehouse'}
527106847,way,Unknown,,,,,49.0318811,27.2264975,"{'building': 'warehouse', 'building:levels': '1', 'height': '5'}"
527286099,way,Unknown,,,,,49.0325271,27.2330049,"{'building': 'warehouse', 'building:levels': '1', 'height': '3'}"
527286102,way,Unknown,,,,,49.0321007,27.2326743,"{'building': 'warehouse', 'building:levels': '1', 'height': '3'}"
527286103,way,Unknown,,,,,49.0323214,27.2330515,"{'building': 'warehouse', 'building:levels': '1', 'height': '3'}"
527494249,way,Unknown,,,,,49.0312313,27.2491423,"{'building': 'warehouse', 'building:levels': '1', 'height': '4'}"
527494252,way,Unknown,,,,,49.0327168,27.2516428,"{'building': 'warehouse', 'building:levels': '1', 'height': '5'}"
527494255,way,Unknown,,,,,49.0322683,27.2511916,"{'building': 'warehouse', 'building:levels': '1', 'height': '5'}"
527494259,way,Unknown,,,,,49.0318917,27.2508002,"{'building': 'warehouse', 'building:levels': '1', 'height': '5'}"
527494263,way,Unknown,,,,,49.0324507,27.2498364,"{'building': 'warehouse', 'building:levels': '1', 'height': '5'}"
528207638,way,Unknown,,,,,49.0227426,27.2153345,"{'building': 'warehouse', 'building:levels': '1', 'height': '3'}"
528211304,way,Unknown,,,,,49.0212302,27.2149233,"{'building': 'warehouse', 'building:levels': '1', 'height': '5'}"
528212140,way,Unknown,,,,,49.0206243,27.2145933,"{'building': 'warehouse', 'building:levels': '1', 'height': '3'}"
528212141,way,Unknown,,,,,49.0207997,27.2145074,"{'building': 'warehouse', 'building:levels': '1', 'height': '3'}"
528524577,way,Unknown,,,,,49.032879,27.2234141,"{'building': 'warehouse', 'building:levels': '1', 'height': '3'}"
528535317,way,Unknown,,,,,49.0347235,27.2180515,"{'building': 'warehouse', 'building:levels': '1', 'height': '3'}"
528535319,way,Unknown,,,,,49.0346533,27.2173527,"{'building': 'warehouse', 'building:levels': '1', 'height': '3'}"
528535320,way,Unknown,,,,,49.0347037,27.2169081,"{'building': 'warehouse', 'building:levels': '1', 'height': '5', 'roof:height': '2.5', 'roof:shape': 'hipped'}"
528535325,way,Unknown,,,,,49.0352585,27.21714,"{'building': 'warehouse', 'building:levels': '1', 'height': '3'}"
529719138,way,Unknown,,,,,48.4606658,35.2097828,"{'addr:housenumber': '80', 'addr:postcode': '49114', 'building': 'warehouse'}"
531916887,way,Unknown,,,,,48.5657779,31.8585257,{'building': 'warehouse'}
531916888,way,Unknown,,,,,48.5657862,31.8574626,{'building': 'warehouse'}
531916889,way,Unknown,,,,,48.5656786,31.8577691,{'building': 'warehouse'}
531916890,way,Unknown,,,,,48.5658713,31.8581591,{'building': 'warehouse'}
532075400,way,Unknown,,,,,50.5150919,30.475842,{'building': 'warehouse'}
532489610,way,Unknown,,,,,49.0277576,32.1809334,{'building': 'warehouse'}
532489611,way,Unknown,,,,,49.027408,32.1809145,{'building': 'warehouse'}
532489618,way,Unknown,,,,,49.026845,32.1832342,{'building': 'warehouse'}
532489619,way,Unknown,,,,,49.0259489,32.1832315,{'building': 'warehouse'}
532492465,way,Unknown,,,,,49.0152498,32.1814126,{'building': 'warehouse'}
532819613,way,Unknown,,,,,50.5056832,30.4595923,"{'building': 'warehouse', 'building:levels': '1'}"
533494424,way,Unknown,,,,,50.4531516,30.6412517,{'building': 'warehouse'}
533869267,way,Unknown,,,,,48.6421866,22.2712783,"{'addr:housenumber': '2-А', 'addr:street': 'Верховинська вулиця', 'building': 'warehouse', 'building:levels': '1', 'roof:shape': 'flat'}"
535273160,way,DART Group,,,,,48.1386964,23.0288884,"{'addr:housenumber': '10', 'addr:postcode': '90300', 'addr:street': 'Станційна вулиця', 'building': 'warehouse', 'name': 'DART Group', 'name:uk': 'DART Group', 'phone': '+380 67 364 3642'}"
535762430,way,Unknown,,,,,48.3988861,38.0937387,"{'addr:housenumber': '4', 'building': 'warehouse'}"
535762432,way,Unknown,,,,,48.3991124,38.0937969,"{'addr:housenumber': '4', 'building': 'warehouse'}"
535762434,way,Unknown,,,,,48.3991572,38.0931223,"{'addr:housenumber': '4', 'building': 'warehouse'}"
535762436,way,Unknown,,,,,48.3989714,38.093102,"{'addr:housenumber': '4', 'building': 'warehouse'}"
536969455,way,Unknown,,,,,49.784398,36.6739936,{'building': 'warehouse'}
536969458,way,Unknown,,,,,49.7841456,36.6774259,{'building': 'warehouse'}
536969464,way,Unknown,,,,,49.7838819,36.6798436,{'building': 'warehouse'}
539629962,way,Unknown,,,,,47.9988306,37.8580317,{'building': 'warehouse'}
539629964,way,Unknown,,,,,47.999008,37.8581552,{'building': 'warehouse'}
539629965,way,Unknown,,,,,47.9983021,37.8596711,"{'addr:housenumber': '2', 'addr:street': 'Сєченова вулиця', 'building': 'warehouse'}"
539629972,way,Unknown,,,,,48.0005176,37.8554762,{'building': 'warehouse'}
540877819,way,Unknown,,,,,49.8643709,24.046089,"{'building': 'warehouse', 'building:levels': '1'}"
541853894,way,Unknown,,,,,46.6298348,31.5651904,{'building': 'warehouse'}
542566075,way,Unknown,,,,,50.7655984,29.2962942,{'building': 'warehouse'}
543910631,way,Unknown,,,,,48.6150537,22.3174195,{'building': 'warehouse'}
543910632,way,Unknown,,,,,48.6145503,22.3179995,{'building': 'warehouse'}
543910633,way,Unknown,,,,,48.6151689,22.3178447,{'building': 'warehouse'}
543910634,way,Unknown,,,,,48.6155001,22.3181953,{'building': 'warehouse'}
543910635,way,Unknown,,,,,48.6157785,22.3180281,{'building': 'warehouse'}
544594356,way,Unknown,,,,,50.1804101,25.4380453,{'building': 'warehouse'}
544715408,way,Unknown,,,,,50.0682697,30.6733045,{'building': 'warehouse'}
544982786,way,Unknown,,,,,49.7267396,33.9946187,{'building': 'warehouse'}
545089545,way,Unknown,,,,,50.0532879,30.6363355,{'building': 'warehouse'}
545089546,way,Unknown,,,,,50.0528977,30.6369688,{'building': 'warehouse'}
545226511,way,Unknown,,,,,50.1014507,28.9358261,{'building': 'warehouse'}
545317899,way,Unknown,,,,,52.1570821,33.069303,"{'addr:postcode': '16014', 'building': 'warehouse', 'building:levels': '1'}"
545317903,way,Склад хімічних добрив агрофірми ім. Т.Г. Шевченко,,,,,52.1559329,33.0618022,"{'building': 'warehouse', 'building:levels': '1', 'name': 'Склад хімічних добрив агрофірми ім. Т.Г. Шевченко', 'name:uk': 'Склад хімічних добрив агрофірми ім. Т.Г. Шевченко'}"
546394375,way,Unknown,,,,,49.2449943,35.7167196,{'building': 'warehouse'}
546394376,way,Unknown,,,,,49.2445821,35.7166362,{'building': 'warehouse'}
546394378,way,Unknown,,,,,49.244599,35.7153696,{'building': 'warehouse'}
546919075,way,Unknown,,,,,51.0363683,25.2378366,{'building': 'warehouse'}
547072905,way,Unknown,,,,,50.6495111,30.4064019,"{'building': 'warehouse', 'building:levels': '2'}"
547510055,way,Склад-холодильник,,,,,50.5275484,30.8432195,"{'building': 'warehouse', 'name': 'Склад-холодильник', 'name:uk': 'Склад-холодильник'}"
547510056,way,Склад-холодильник,,,,,50.5286537,30.847399,"{'building': 'warehouse', 'name': 'Склад-холодильник', 'name:uk': 'Склад-холодильник'}"
547746400,way,Unknown,,,,,50.392716,30.8531122,"{'addr:housenumber': '121а', 'addr:street': 'вулиця Київський Шлях', 'building': 'warehouse', 'building:levels': '4'}"
548767103,way,Unknown,,,,,49.0654635,33.3991771,{'building': 'warehouse'}
548971860,way,Unknown,,,,,49.9408828,30.6853508,{'building': 'warehouse'}
548971862,way,Unknown,,,,,49.9410249,30.6837037,{'building': 'warehouse'}
549797809,way,Unknown,,,,,48.9940783,30.460189,{'building': 'warehouse'}
549797812,way,Unknown,,,,,48.9942254,30.4597926,{'building': 'warehouse'}
553272831,way,Unknown,,,,,49.476337,31.5789887,{'building': 'warehouse'}
553696397,way,Unknown,,,,,49.481032,31.6790177,{'building': 'warehouse'}
558916697,way,Unknown,,,,,50.4287271,26.0199704,{'building': 'warehouse'}
558916700,way,Unknown,,,,,50.4297256,26.0167626,{'building': 'warehouse'}
558916701,way,Unknown,,,,,50.4289126,26.0173819,{'building': 'warehouse'}
559696847,way,Unknown,,,,,49.0030089,27.7325647,{'building': 'warehouse'}
559705488,way,Unknown,,,,,49.1882353,29.2731361,{'building': 'warehouse'}
559705489,way,Unknown,,,,,49.1880193,29.2732464,{'building': 'warehouse'}
559706896,way,Unknown,,,,,50.6921382,29.6167449,{'building': 'warehouse'}
559706897,way,Unknown,,,,,50.6915109,29.6176351,{'building': 'warehouse'}
560561952,way,Unknown,,,,,50.9384097,34.6634435,{'building': 'warehouse'}
560561953,way,Unknown,,,,,50.9389364,34.6653118,{'building': 'warehouse'}
560561958,way,Unknown,,,,,50.9399966,34.6655991,{'building': 'warehouse'}
562790777,way,Unknown,,,,,46.4794315,30.6413456,{'building': 'warehouse'}
563066320,way,Unknown,,,,,50.4019385,26.112777,{'building': 'warehouse'}
563066321,way,Unknown,,,,,50.401794,26.113331,{'building': 'warehouse'}
563066323,way,Unknown,,,,,50.4015316,26.113869,{'building': 'warehouse'}
564039964,way,Unknown,,,,,47.7337153,37.0278458,"{'building': 'warehouse', 'building:levels': '1', 'roof:shape': 'gabled'}"
564039965,way,Unknown,,,,,47.7327817,37.0282116,"{'building': 'warehouse', 'building:levels': '1', 'roof:shape': 'gabled'}"
564039967,way,Unknown,,,,,47.7335312,37.0286631,"{'addr:city': 'Новомайорське', 'addr:housenumber': '24в', 'addr:street': 'Гончарова вулиця', 'building': 'warehouse', 'building:levels': '1', 'roof:shape': 'gabled', 'source:addr': 'EDR'}"
564039973,way,Unknown,,,,,47.7345974,37.0290939,"{'building': 'warehouse', 'building:levels': '1', 'roof:shape': 'gabled'}"
564040034,way,Unknown,,,,,47.6715477,37.150811,"{'building': 'warehouse', 'building:levels': '1', 'roof:shape': 'gabled'}"
564040037,way,Unknown,,,,,47.6712281,37.1500353,"{'building': 'warehouse', 'building:levels': '1', 'roof:shape': 'gabled'}"
564040044,way,Unknown,,,,,47.6678917,37.1537232,"{'addr:housenumber': '83', 'addr:street': 'Поштова вулиця', 'building': 'warehouse', 'building:levels': '2', 'roof:shape': 'gabled', 'source:addr': 'kadastr'}"
564040487,way,Unknown,,,,,47.7553755,36.9656392,"{'building': 'warehouse', 'building:levels': '1', 'roof:shape': 'gabled', 'ruins': 'yes'}"
564040488,way,Unknown,,,,,47.7550879,36.9671799,"{'building': 'warehouse', 'building:levels': '1', 'roof:shape': 'gabled'}"
564044532,way,Unknown,,,,,47.7108182,36.9380626,"{'building': 'warehouse', 'roof:shape': 'gabled', 'source:geometry': 'опора Керменчик_14.12.16.jpg'}"
564044533,way,Unknown,,,,,47.7113443,36.9381176,"{'building': 'warehouse', 'roof:shape': 'gabled', 'source:geometry': 'опора Керменчик_14.12.16.jpg'}"
564044541,way,Unknown,,,,,47.7133487,36.938282,"{'building': 'warehouse', 'ruins': 'yes', 'source:geometry': 'опора Керменчик_14.12.16.jpg'}"
564044542,way,Unknown,,,,,47.7138741,36.9383478,"{'building': 'warehouse', 'source:geometry': 'опора Керменчик_14.12.16.jpg'}"
564044548,way,Unknown,,,,,47.715769,36.9405918,"{'building': 'warehouse', 'building:levels': '1', 'roof:shape': 'gabled'}"
564044559,way,Unknown,,,,,47.7118747,36.9419663,"{'building': 'warehouse', 'building:levels': '1', 'roof:shape': 'round'}"
564044567,way,Unknown,,,,,47.7158392,36.9430867,"{'building': 'warehouse', 'building:levels': '1', 'roof:shape': 'gabled', 'source:geometry': 'опора Керменчик_14.12.16.jpg'}"
564044568,way,Unknown,,,,,47.7161027,36.944403,"{'building': 'warehouse', 'building:levels': '1', 'roof:shape': 'gabled', 'source:geometry': 'опора Керменчик_14.12.16.jpg'}"
564044569,way,Unknown,,,,,47.7152245,36.9440501,"{'building': 'warehouse', 'building:levels': '1', 'roof:shape': 'gabled', 'source:geometry': 'опора Керменчик_14.12.16.jpg'}"
564044570,way,Unknown,,,,,47.7152196,36.9443086,"{'building': 'warehouse', 'building:levels': '1', 'roof:shape': 'gabled', 'source:geometry': 'опора Керменчик_14.12.16.jpg'}"
564044571,way,Unknown,,,,,47.7152078,36.9446789,"{'building': 'warehouse', 'building:levels': '1', 'roof:shape': 'gabled', 'source:geometry': 'опора Керменчик_14.12.16.jpg'}"
564044572,way,Unknown,,,,,47.7151188,36.9454908,"{'building': 'warehouse', 'building:levels': '1', 'roof:shape': 'gabled', 'source:geometry': 'опора Керменчик_14.12.16.jpg'}"
564044573,way,Unknown,,,,,47.7144651,36.9428786,"{'building': 'warehouse', 'building:levels': '1', 'roof:shape': 'gabled', 'source:geometry': 'опора Керменчик_14.12.16.jpg'}"
564044577,way,Unknown,,,,,47.7519959,36.9653053,"{'building': 'warehouse', 'building:levels': '1', 'roof:shape': 'gabled'}"
564044578,way,Unknown,,,,,47.7520291,36.9648763,"{'building': 'warehouse', 'building:levels': '1', 'roof:shape': 'gabled'}"
564044579,way,Unknown,,,,,47.7520588,36.9644022,"{'building': 'warehouse', 'building:levels': '1', 'roof:shape': 'gabled'}"
564398322,way,Unknown,,,,,49.8897932,36.5921883,{'building': 'warehouse'}
564398323,way,Unknown,,,,,49.8894533,36.5920436,{'building': 'warehouse'}
567655039,way,Unknown,,,,,48.2942648,25.2701308,{'building': 'warehouse'}
570503464,way,Unknown,,,,,50.7356118,24.6504508,"{'building': 'warehouse', 'building:levels': '1'}"
570518560,way,Unknown,,,,,49.0410512,27.2563267,"{'building': 'warehouse', 'building:levels': '1', 'height': '3'}"
570518580,way,Unknown,,,,,49.0424981,27.2553812,"{'building': 'warehouse', 'building:levels': '1', 'height': '1'}"
570521401,way,Unknown,,,,,50.4104434,31.8633839,{'building': 'warehouse'}
572189384,way,Unknown,,,,,44.5999493,33.4368791,{'building': 'warehouse'}
574581121,way,Unknown,,,,,48.5878985,33.402874,{'building': 'warehouse'}
574581123,way,Unknown,,,,,48.5888554,33.4026157,{'building': 'warehouse'}
574581124,way,Unknown,,,,,48.587587,33.4029554,{'building': 'warehouse'}
574581125,way,Unknown,,,,,48.5884057,33.4027564,{'building': 'warehouse'}
575476483,way,Unknown,,,,,50.7392806,24.7129426,{'building': 'warehouse'}
575476487,way,Unknown,,,,,50.7389841,24.7127685,{'building': 'warehouse'}
576629560,way,Unknown,,,,,50.7486359,24.6601534,{'building': 'warehouse'}
578785164,way,Unknown,,,,,50.2525974,30.5529894,{'building': 'warehouse'}
579846439,way,Склад (5000),,,,,50.7256297,24.6486474,"{'building': 'warehouse', 'name': 'Склад (5000)', 'name:uk': 'Склад (5000)'}"
579846440,way,Unknown,,,,,50.7252032,24.6484115,{'building': 'warehouse'}
579846441,way,Unknown,,,,,50.7249013,24.648177,{'building': 'warehouse'}
580814843,way,Unknown,,,,,50.4700952,25.979646,{'building': 'warehouse'}
580814845,way,Unknown,,,,,50.471052,25.968176,{'building': 'warehouse'}
580858577,way,Unknown,,,,,51.3919167,30.1021974,{'building': 'warehouse'}
581141094,way,Склад ПММ,,,,,51.3908194,30.116607,"{'building': 'warehouse', 'name': 'Склад ПММ', 'name:en': 'Fuel and Lubricants Warehouse', 'name:ru': 'Склад ГСМ', 'name:uk': 'Склад ПММ'}"
581141097,way,Склад метану,,,,,51.3902858,30.1154244,"{'building': 'warehouse', 'name': 'Склад метану', 'name:ru': 'Склад метана', 'name:uk': 'Склад метану', 'warehouse': 'gas'}"
583985277,way,Unknown,,,,,50.4616335,26.0450258,{'building': 'warehouse'}
583985278,way,Unknown,,,,,50.4621527,26.0461375,{'building': 'warehouse'}
583985279,way,Unknown,,,,,50.4620304,26.0475341,{'building': 'warehouse'}
583985286,way,Unknown,,,,,50.4601639,26.0459633,{'building': 'warehouse'}
583985287,way,Unknown,,,,,50.4602912,26.0462049,{'building': 'warehouse'}
583985289,way,Unknown,,,,,50.4609066,26.0449478,{'building': 'warehouse'}
584022015,way,Unknown,,,,,50.4670421,25.9803097,{'building': 'warehouse'}
584022016,way,Unknown,,,,,50.4670892,25.980982,{'building': 'warehouse'}
584022017,way,Unknown,,,,,50.467582,25.9809906,{'building': 'warehouse'}
584022018,way,Unknown,,,,,50.4678517,25.9801787,{'building': 'warehouse'}
584022019,way,Unknown,,,,,50.4680386,25.9804991,{'building': 'warehouse'}
584022021,way,Unknown,,,,,50.4706788,25.9793341,{'building': 'warehouse'}
584022022,way,Unknown,,,,,50.4716634,25.9770088,{'building': 'warehouse'}
584022023,way,Unknown,,,,,50.4716964,25.9753749,{'building': 'warehouse'}
584022030,way,Unknown,,,,,50.4718019,25.9802759,{'building': 'warehouse'}
584022031,way,Unknown,,,,,50.4714419,25.9797392,{'building': 'warehouse'}
584022037,way,Unknown,,,,,50.4721273,25.9774643,{'building': 'warehouse'}
584710200,way,"Комора №1, 2, 3",,,,,50.7366491,29.3689559,"{'building': 'warehouse', 'description': 'Має 3 дверей. На дверях напис Комора 1 Комора 2 Комора 3', 'name': 'Комора №1, 2, 3', 'name:uk': 'Комора №1, 2, 3'}"
585839832,way,Unknown,,,,,50.472553,30.35054,{'building': 'warehouse'}
585923165,way,Unknown,,,,,50.4726939,30.3504922,{'building': 'warehouse'}
587327699,way,Unknown,,,,,51.4834931,31.2927674,{'building': 'warehouse'}
587327700,way,Unknown,,,,,51.4843688,31.2908939,{'building': 'warehouse'}
587779782,way,Unknown,,,,,50.4747757,30.6725254,{'building': 'warehouse'}
587779916,way,Unknown,,,,,50.4710097,30.6405728,"{'building': 'warehouse', 'building:levels': '1', 'roof:shape': 'skillion'}"
589249182,way,Unknown,,,,,44.6739793,34.3939319,"{'addr:city': 'Алушта', 'addr:housenumber': '5Б', 'addr:postcode': '298517', 'addr:street': 'Виноградная улица', 'building': 'warehouse', 'building:levels': '2'}"
589781432,way,Склад кормів та агрегатів,,,,,50.8837467,34.7700884,"{'addr:housenumber': '160', 'addr:postcode': '40000', 'addr:street': 'вулиця Герасима Кондратьєва', 'building': 'warehouse', 'building:levels': '2', 'height': '15', 'name': 'Склад кормів та агрегатів', 'name:uk': 'Склад кормів та агрегатів'}"
590583972,way,Unknown,,,,,49.4849438,29.2642473,{'building': 'warehouse'}
590712382,way,Unknown,,,,,50.2274354,29.884955,{'building': 'warehouse'}
590712383,way,Unknown,,,,,50.2275153,29.8855217,{'building': 'warehouse'}
591632456,way,Unknown,,,,,50.7729642,24.6904062,"{'building': 'warehouse', 'building:levels': '1'}"
592044138,way,Unknown,,,,,51.5453149,31.4490562,{'building': 'warehouse'}
592044139,way,Unknown,,,,,51.545341,31.4497464,{'building': 'warehouse'}
592044140,way,Unknown,,,,,51.5452739,31.450757,{'building': 'warehouse'}
593473654,way,Unknown,,,,,48.4146793,33.6921724,{'building': 'warehouse'}
594615281,way,Unknown,,,,,46.8159521,33.4823583,{'building': 'warehouse'}
597056326,way,Unknown,,,,,46.3025401,35.3049893,"{'building': 'warehouse', 'building:levels': '1'}"
597199483,way,Unknown,,,,,46.3212755,35.3236611,"{'building': 'warehouse', 'building:levels': '1'}"
597199488,way,Unknown,,,,,46.3212282,35.3236158,"{'building': 'warehouse', 'building:levels': '1'}"
597374210,way,Unknown,,,,,50.551713,27.5690897,{'building': 'warehouse'}
597374213,way,Unknown,,,,,50.5516042,27.5700624,{'building': 'warehouse'}
597374216,way,Unknown,,,,,50.5510584,27.5688366,{'building': 'warehouse'}
597374218,way,Unknown,,,,,50.5509361,27.5698824,{'building': 'warehouse'}
597374221,way,Unknown,,,,,50.5498879,27.5692114,{'building': 'warehouse'}
597374224,way,Unknown,,,,,50.5497732,27.5702471,{'building': 'warehouse'}
597374228,way,Unknown,,,,,50.5492002,27.569057,{'building': 'warehouse'}
597374232,way,Unknown,,,,,50.5491191,27.570136,{'building': 'warehouse'}
597422872,way,Unknown,,,,,50.3922098,30.4611576,"{'building': 'warehouse', 'building:levels': '1'}"
602487510,way,Unknown,,,,,50.7673516,30.324838,{'building': 'warehouse'}
604995210,way,Unknown,,,,,50.467528,30.6287703,{'building': 'warehouse'}
605748248,way,Unknown,,,,,50.4005037,30.4745158,{'building': 'warehouse'}
606991759,way,Unknown,,,,,50.5473796,30.2156683,{'building': 'warehouse'}
607347440,way,Unknown,,,,,50.4751814,30.6236472,{'building': 'warehouse'}
607971585,way,Unknown,,,,,48.3733579,34.9960145,"{'addr:housenumber': '207', 'addr:street': 'проспект Богдана Хмельницького', 'building': 'warehouse', 'building:levels': '1'}"
607971586,way,Unknown,,,,,48.3744431,34.9965817,"{'addr:housenumber': '205-Д', 'addr:street': 'проспект Богдана Хмельницького', 'building': 'warehouse'}"
609159424,way,Unknown,,,,,49.9768972,28.5089305,{'building': 'warehouse'}
609159430,way,Unknown,,,,,49.9860841,28.5038384,{'building': 'warehouse'}
609553691,way,Unknown,,,,,50.4965768,30.614616,"{'building': 'warehouse', 'building:levels': '1'}"
613107124,way,Хазяїн,,,,,48.7107473,32.6930475,"{'building': 'warehouse', 'name': 'Хазяїн', 'shop': 'doityourself'}"
613778200,way,Unknown,,,,,50.4042964,30.5348126,"{'addr:housenumber': '25', 'addr:street': 'Саперно-Слобідська вулиця', 'building': 'warehouse', 'building:levels': '2'}"
613778216,way,Unknown,,,,,50.4045781,30.5353799,"{'building': 'warehouse', 'building:levels': '2'}"
613778218,way,Unknown,,,,,50.4046472,30.5344627,"{'building': 'warehouse', 'building:levels': '2'}"
614423198,way,Unknown,,,,,50.3447935,33.2955702,{'building': 'warehouse'}
616110034,way,Unknown,,,,,50.4660952,30.6329035,"{'building': 'warehouse', 'building:levels': '1', 'building:material': 'brick', 'roof:shape': 'skillion'}"
616110056,way,Unknown,,,,,50.4640403,30.6297481,{'building': 'warehouse'}
616946650,way,Unknown,,,,,44.5089733,34.1562789,{'building': 'warehouse'}
616946651,way,Unknown,,,,,44.5091436,34.1558605,{'building': 'warehouse'}
616946652,way,Unknown,,,,,44.5092088,34.1556682,{'building': 'warehouse'}
616946653,way,Unknown,,,,,44.5090952,34.1557431,{'building': 'warehouse'}
616946654,way,Unknown,,,,,44.5092928,34.1561127,{'building': 'warehouse'}
616946655,way,Unknown,,,,,44.5095371,34.1562075,{'building': 'warehouse'}
616946656,way,Unknown,,,,,44.5095622,34.1559778,{'building': 'warehouse'}
617615143,way,Unknown,,,,,50.3595332,33.2879297,"{'building': 'warehouse', 'building:levels': '1', 'height': '5'}"
618558371,way,Unknown,,,,,50.4741168,30.6224604,"{'building': 'warehouse', 'building:levels': '1', 'roof:shape': 'skillion'}"
620059662,way,Пегас-Трейд,,,,,49.8425117,23.9985896,"{'building': 'warehouse', 'name': 'Пегас-Трейд', 'name:uk': 'Пегас-Трейд'}"
620327139,way,Unknown,,,,,50.4675812,30.4968038,"{'building': 'warehouse', 'building:levels': '1'}"
620422658,way,Unknown,,,,,45.3392972,28.8207094,{'building': 'warehouse'}
620422659,way,Unknown,,,,,45.3391571,28.8205987,{'building': 'warehouse'}
620422791,way,Склад №6,,,,,45.3322376,28.828618,"{'building': 'warehouse', 'name': 'Склад №6', 'name:en': 'Warehouse 6', 'name:pt': 'Armazém 6', 'name:ru': 'Склад №6', 'name:uk': 'Склад №6', 'ref': '6'}"
620881526,way,Unknown,,,,,48.6065084,22.2795692,"{'addr:street': 'вулиця Кальмана Міксата', 'building': 'warehouse'}"
620881530,way,Unknown,,,,,48.6066057,22.2789512,"{'building': 'warehouse', 'shop': 'trade'}"
620881532,way,Unknown,,,,,48.6070591,22.2786047,"{'building': 'warehouse', 'shop': 'trade'}"
620889240,way,Unknown,,,,,50.8817456,34.7727343,{'building': 'warehouse'}
620889241,way,Unknown,,,,,50.8815552,34.7725278,{'building': 'warehouse'}
621425939,way,Unknown,,,,,48.616842,22.2826172,{'building': 'warehouse'}
621636541,way,Unknown,,,,,50.4233665,30.4527402,"{'addr:housenumber': '11-А', 'addr:street': 'вулиця Володимира Сікевича', 'building': 'warehouse', 'building:levels': '1'}"
624452269,way,Unknown,,,,,48.1578359,38.2255111,"{'building': 'warehouse', 'building:levels': '1'}"
624721496,way,Unknown,,,,,49.3659804,23.5136777,"{'building': 'warehouse', 'building:levels': '1'}"
624721508,way,Unknown,,,,,49.366085,23.5135479,"{'building': 'warehouse', 'building:levels': '1'}"
625848546,way,Unknown,,,,,50.4170953,30.7045181,{'building': 'warehouse'}
625848547,way,Unknown,,,,,50.4168775,30.7037459,{'building': 'warehouse'}
625848548,way,Unknown,,,,,50.4169992,30.7036151,{'building': 'warehouse'}
625848549,way,Unknown,,,,,50.4172046,30.7041999,{'building': 'warehouse'}
625848550,way,Unknown,,,,,50.4173359,30.7040586,{'building': 'warehouse'}
625848562,way,Unknown,,,,,50.4170995,30.7068998,{'building': 'warehouse'}
625848563,way,Unknown,,,,,50.4175171,30.7062392,{'building': 'warehouse'}
625848648,way,Unknown,,,,,50.419319,30.7136856,{'building': 'warehouse'}
625848650,way,Unknown,,,,,50.4193348,30.7160307,{'building': 'warehouse'}
625848652,way,Unknown,,,,,50.4191306,30.7158723,{'building': 'warehouse'}
625848653,way,Unknown,,,,,50.4186348,30.7161913,{'building': 'warehouse'}
625848654,way,Unknown,,,,,50.4187924,30.7164324,{'building': 'warehouse'}
625848655,way,Unknown,,,,,50.4190081,30.7165085,{'building': 'warehouse'}
625848656,way,Unknown,,,,,50.4192566,30.7165966,{'building': 'warehouse'}
625848657,way,Unknown,,,,,50.4198807,30.7160844,{'building': 'warehouse'}
626086902,way,Unknown,,,,,51.3924545,30.1116564,{'building': 'warehouse'}
626114728,way,Unknown,,,,,50.4231338,30.7019156,{'building': 'warehouse'}
626114730,way,Unknown,,,,,50.4233605,30.7017739,"{'building': 'warehouse', 'roof:shape': 'round'}"
626137324,way,Unknown,,,,,50.4195094,30.6807506,{'building': 'warehouse'}
626137419,way,Unknown,,,,,50.4220157,30.7021261,{'building': 'warehouse'}
626137420,way,Unknown,,,,,50.4219117,30.7019909,"{'building': 'warehouse', 'roof:shape': 'round'}"
626249558,way,Unknown,,,,,50.4170575,30.6876584,{'building': 'warehouse'}
626249596,way,Unknown,,,,,50.4199869,30.6950436,{'building': 'warehouse'}
626249601,way,Unknown,,,,,50.4205496,30.6966738,{'building': 'warehouse'}
626249602,way,Unknown,,,,,50.4206372,30.6967721,{'building': 'warehouse'}
626249608,way,Unknown,,,,,50.4208066,30.6955715,{'building': 'warehouse'}
626249631,way,Unknown,,,,,50.4208853,30.6946037,{'building': 'warehouse'}
626249632,way,Unknown,,,,,50.4209518,30.6944157,{'building': 'warehouse'}
626249633,way,Unknown,,,,,50.4210595,30.694241,{'building': 'warehouse'}
626249641,way,Unknown,,,,,50.419938,30.6938288,{'building': 'warehouse'}
626249642,way,Unknown,,,,,50.4198224,30.6937718,{'building': 'warehouse'}
626249664,way,Unknown,,,,,50.4257144,30.6818687,{'building': 'warehouse'}
626249670,way,Unknown,,,,,50.4245153,30.6802014,{'building': 'warehouse'}
626249677,way,Unknown,,,,,50.4173878,30.6850377,{'building': 'warehouse'}
626249678,way,Unknown,,,,,50.4174704,30.6851948,{'building': 'warehouse'}
626249680,way,Unknown,,,,,50.4178764,30.6847522,{'building': 'warehouse'}
626249691,way,Unknown,,,,,50.422422,30.6770874,{'building': 'warehouse'}
626249695,way,Unknown,,,,,50.4224844,30.6779642,{'building': 'warehouse'}
626249696,way,Unknown,,,,,50.422365,30.6779174,{'building': 'warehouse'}
626249697,way,Unknown,,,,,50.4224107,30.6789147,{'building': 'warehouse'}
626249735,way,Unknown,,,,,50.4238469,30.6803088,{'building': 'warehouse'}
626249736,way,Unknown,,,,,50.4239607,30.6803474,{'building': 'warehouse'}
626249742,way,Unknown,,,,,50.4220963,30.6804167,{'building': 'warehouse'}
628109916,way,Unknown,,,,,50.4130189,25.9896443,{'building': 'warehouse'}
628109917,way,Unknown,,,,,50.412677,25.989673,{'building': 'warehouse'}
629374765,way,Unknown,,,,,48.9880105,24.7956598,{'building': 'warehouse'}
633039637,way,Unknown,,,,,50.8343158,32.4030573,{'building': 'warehouse'}
634178000,way,Unknown,,,,,49.9632843,24.6091889,{'building': 'warehouse'}
634842121,way,Unknown,,,,,48.6312612,38.3863507,{'building': 'warehouse'}
636805589,way,Unknown,,,,,49.6983221,31.7290519,{'building': 'warehouse'}
636805590,way,Unknown,,,,,49.6983797,31.7297311,{'building': 'warehouse'}
637399687,way,Unknown,,,,,48.6183071,38.3643274,{'building': 'warehouse'}
637935332,way,Unknown,,,,,48.1595968,23.3007112,"{'addr:housenumber': '120-А', 'addr:street': 'вулиця Івана Франка', 'building': 'warehouse'}"
639437806,way,Unknown,,,,,50.5401547,30.5392851,{'building': 'warehouse'}
640475514,way,Unknown,,,,,47.906164,30.7831839,"{'building': 'warehouse', 'building:levels': '1'}"
640475517,way,Unknown,,,,,47.9125784,30.7862187,"{'building': 'warehouse', 'building:levels': '1'}"
641005138,way,Unknown,,,,,50.3968919,30.5045865,{'building': 'warehouse'}
641812621,way,Unknown,,,,,47.2560497,35.3250173,"{'building': 'warehouse', 'building:levels': '1'}"
641824245,way,Unknown,,,,,50.748266,28.8695329,{'building': 'warehouse'}
641866049,way,Unknown,,,,,48.3940159,34.9971025,{'building': 'warehouse'}
642548979,way,Unknown,,,,,48.397461,28.8374289,{'building': 'warehouse'}
642548980,way,Unknown,,,,,48.3979961,28.8366946,{'building': 'warehouse'}
642548981,way,Unknown,,,,,48.3987013,28.8356949,{'building': 'warehouse'}
643473227,way,Unknown,,,,,51.3215245,29.3026634,"{'addr:postcode': '11412', 'building': 'warehouse', 'building:levels': '1'}"
648530734,way,Unknown,,,,,46.4826491,30.1989233,{'building': 'warehouse'}
648530735,way,Unknown,,,,,46.4824121,30.1986835,{'building': 'warehouse'}
648530737,way,Unknown,,,,,46.48194,30.1981729,{'building': 'warehouse'}
648530738,way,Unknown,,,,,46.4820321,30.1976783,{'building': 'warehouse'}
648530739,way,Unknown,,,,,46.4819117,30.1978302,{'building': 'warehouse'}
648530742,way,Unknown,,,,,46.4824388,30.1980023,{'building': 'warehouse'}
648653164,way,Unknown,,,,,48.6308674,38.366928,{'building': 'warehouse'}
651202482,way,Unknown,,,,,51.4708745,26.3607125,"{'addr:postcode': '34153', 'building': 'warehouse', 'building:levels': '1'}"
651202483,way,Unknown,,,,,51.4713126,26.3609024,"{'addr:postcode': '34153', 'building': 'warehouse', 'building:levels': '1'}"
651202484,way,Unknown,,,,,51.4706456,26.3613998,"{'addr:postcode': '34153', 'building': 'warehouse', 'building:levels': '1'}"
651202485,way,Unknown,,,,,51.4701964,26.3608148,"{'addr:postcode': '34153', 'building': 'warehouse', 'building:levels': '1'}"
651202486,way,Unknown,,,,,51.4699607,26.3612896,"{'addr:postcode': '34153', 'building': 'warehouse', 'building:levels': '1'}"
653116677,way,Unknown,,,,,49.4195839,34.0067457,{'building': 'warehouse'}
653116681,way,Unknown,,,,,49.4201079,34.0065958,{'building': 'warehouse'}
653116684,way,Unknown,,,,,49.4190041,34.0065362,{'building': 'warehouse'}
653116685,way,Unknown,,,,,49.4194569,34.0057853,{'building': 'warehouse'}
653116687,way,Unknown,,,,,49.4195172,34.0062468,{'building': 'warehouse'}
653220861,way,Unknown,,,,,48.7972238,24.7583818,{'building': 'warehouse'}
653541516,way,Unknown,,,,,46.4761906,30.2146443,"{'addr:housenumber': '217а', 'addr:street': 'вулиця Отамана Головатого', 'building': 'warehouse'}"
653565518,way,Unknown,,,,,50.7718253,29.2554317,"{'building': 'warehouse', 'description': 'комори'}"
653622030,way,Unknown,,,,,46.3119131,32.1759818,{'building': 'warehouse'}
653629092,way,Unknown,,,,,46.3080489,32.1716966,{'building': 'warehouse'}
653629094,way,Unknown,,,,,46.308201,32.1721508,{'building': 'warehouse'}
653629114,way,Unknown,,,,,46.3064832,32.1728014,{'building': 'warehouse'}
653629115,way,Unknown,,,,,46.3042437,32.1721048,{'building': 'warehouse'}
653629116,way,Unknown,,,,,46.3042247,32.1719442,{'building': 'warehouse'}
653636153,way,Unknown,,,,,46.3104879,32.173774,{'building': 'warehouse'}
654033562,way,Unknown,,,,,48.5722459,25.962861,{'building': 'warehouse'}
654050489,way,Unknown,,,,,46.4904583,30.2184923,{'building': 'warehouse'}
654060997,way,Unknown,,,,,48.4394997,26.494896,{'building': 'warehouse'}
654061023,way,Unknown,,,,,48.4214461,26.4976736,{'building': 'warehouse'}
654061026,way,Unknown,,,,,48.4218959,26.4993333,{'building': 'warehouse'}
654150856,way,Unknown,,,,,48.489209,37.035172,{'building': 'warehouse'}
654150857,way,Unknown,,,,,48.4896507,37.0363253,{'building': 'warehouse'}
654292428,way,Unknown,,,,,46.466976,30.2322668,{'building': 'warehouse'}
654292429,way,Unknown,,,,,46.4667548,30.2327086,{'building': 'warehouse'}
654297395,way,Unknown,,,,,46.4577071,30.2473559,{'building': 'warehouse'}
654312124,way,Unknown,,,,,46.465807,30.2315077,{'building': 'warehouse'}
654312125,way,Unknown,,,,,46.4655988,30.2310557,{'building': 'warehouse'}
654334075,way,Unknown,,,,,50.778524,29.2471363,{'building': 'warehouse'}
654334320,way,Unknown,,,,,48.2020548,25.8956962,"{'addr:housenumber': '24б', 'building': 'warehouse'}"
654742848,way,Багажне відділення,,,,,48.6298802,38.378562,"{'building': 'warehouse', 'name': 'Багажне відділення', 'name:uk': 'Багажне відділення'}"
655086083,way,Unknown,,,,,50.3806407,24.2219827,{'building': 'warehouse'}
655087832,way,Приватні гаражі,,,,,50.3812971,24.2340051,"{'addr:street': 'вулиця Мишуги', 'building': 'warehouse', 'name': 'Приватні гаражі', 'name:uk': 'Приватні гаражі'}"
655883657,way,Unknown,,,,,49.7610228,24.0034342,"{'building': 'warehouse', 'height': '10'}"
656495751,way,Unknown,,,,,50.8268167,28.9550954,{'building': 'warehouse'}
656578257,way,Unknown,,,,,47.7045051,37.2367562,"{'building': 'warehouse', 'building:levels': '1', 'roof:shape': 'gabled'}"
656578259,way,Unknown,,,,,47.7039853,37.2396956,"{'building': 'warehouse', 'building:levels': '1', 'roof:shape': 'gabled'}"
656765007,way,Unknown,,,,,49.0461065,23.5126405,"{'building': 'warehouse', 'building:levels': '1'}"
656840089,way,Unknown,,,,,48.3827927,28.8752516,{'building': 'warehouse'}
657057825,way,Unknown,,,,,50.3300639,24.2008116,{'building': 'warehouse'}
657074276,way,Закинутий склад,,,,,47.4272396,33.4657276,"{'building': 'warehouse', 'name': 'Закинутий склад', 'name:uk': 'Закинутий склад'}"
657405518,way,Unknown,,,,,45.0334051,35.3771107,{'building': 'warehouse'}
657650973,way,Unknown,,,,,47.8495913,37.208163,"{'building': 'warehouse', 'building:levels': '1', 'roof:shape': 'gabled'}"
657719351,way,Unknown,,,,,47.7391889,37.2906132,"{'building': 'warehouse', 'building:levels': '1', 'roof:shape': 'gabled'}"
657719352,way,Unknown,,,,,47.7387786,37.2904337,"{'building': 'warehouse', 'building:levels': '1', 'roof:shape': 'gabled'}"
658223461,way,Unknown,,,,,49.1079893,37.7175091,{'building': 'warehouse'}
658849578,way,Unknown,,,,,50.4076195,25.9812993,{'building': 'warehouse'}
658849642,way,Unknown,,,,,50.4694867,25.9763042,{'building': 'warehouse'}
659355811,way,Unknown,,,,,50.4678062,30.6445579,{'building': 'warehouse'}
659355813,way,Unknown,,,,,50.4681126,30.6444629,{'building': 'warehouse'}
659355814,way,Unknown,,,,,50.4683421,30.6444116,{'building': 'warehouse'}
660026944,way,Unknown,,,,,49.4340654,23.7584196,{'building': 'warehouse'}
660130548,way,Unknown,,,,,49.8182439,30.0726469,{'building': 'warehouse'}
660814413,way,Unknown,,,,,45.4371,28.2892483,{'building': 'warehouse'}
660814511,way,Unknown,,,,,45.4248398,28.2903868,{'building': 'warehouse'}
661184980,way,Unknown,,,,,50.410471,33.1837316,"{'building': 'warehouse', 'building:levels': '1'}"
661856397,way,Unknown,,,,,49.7600674,24.0038656,{'building': 'warehouse'}
661856415,way,Unknown,,,,,49.7588829,24.0092486,{'building': 'warehouse'}
663133157,way,КиївЕкспоПлаза,,,,,50.4301042,29.9832461,"{'addr:city': 'Київ', 'addr:country': 'Україна', 'addr:housenumber': '1', 'addr:street': 'Амстердамська вулиця', 'building': 'warehouse', 'contact:phone': '+380633638552', 'contact:website': 'https://expoplaza.kiev.ua/', 'name': 'КиївЕкспоПлаза', 'name:uk': 'КиївЕкспоПлаза'}"
663833863,way,Unknown,,,,,50.7538315,24.6646634,{'building': 'warehouse'}
664051487,way,Unknown,,,,,46.4813167,30.6723254,{'building': 'warehouse'}
665514581,way,Unknown,,,,,49.8114393,25.3355023,{'building': 'warehouse'}
666043551,way,Unknown,,,,,48.5174092,35.056647,{'building': 'warehouse'}
666092059,way,Unknown,,,,,48.7517261,37.5866038,{'building': 'warehouse'}
666092060,way,Unknown,,,,,48.7513232,37.5863052,{'building': 'warehouse'}
666114804,way,Unknown,,,,,51.5767987,26.5683675,{'building': 'warehouse'}
666659091,way,Unknown,,,,,48.3730939,34.9971723,{'building': 'warehouse'}
667728809,way,Насінницький склад,,,,,46.6762674,33.7802641,"{'building': 'warehouse', 'name': 'Насінницький склад', 'name:uk': 'Насінницький склад'}"
667728815,way,Зернофуражний склад,,,,,46.6757552,33.7793092,"{'building': 'warehouse', 'name': 'Зернофуражний склад', 'name:uk': 'Зернофуражний склад'}"
667924588,way,Будівля збереження інвентарю,,,,,48.3782433,28.87751,"{'building': 'warehouse', 'name': 'Будівля збереження інвентарю', 'name:uk': 'Будівля збереження інвентарю'}"
668111570,way,Unknown,,,,,50.6876645,31.2998322,{'building': 'warehouse'}
668111571,way,Unknown,,,,,50.687656,31.300661,{'building': 'warehouse'}
668225891,way,Unknown,,,,,48.7941086,32.4018748,{'building': 'warehouse'}
669219612,way,Склад запчастин,,,,,49.9029381,35.8169037,"{'addr:housenumber': '3У', 'addr:postcode': '63032', 'addr:street': 'вулиця Захисників України', 'building': 'warehouse', 'name': 'Склад запчастин'}"
669219615,way,Овочесховище,,,,,49.902265,35.8165094,"{'addr:housenumber': '3Л', 'addr:street': 'вулиця Захисників України', 'building': 'warehouse', 'name': 'Овочесховище'}"
669219616,way,Продуктова комора,,,,,49.9018741,35.8172085,"{'addr:housenumber': '3Є', 'addr:postcode': '63032', 'addr:street': 'вулиця Захисників України', 'building': 'warehouse', 'name': 'Продуктова комора'}"
669219625,way,Господарська комора,,,,,49.9016701,35.8172511,"{'addr:housenumber': '3Е', 'addr:postcode': '63032', 'addr:street': 'вулиця Захисників України', 'building': 'warehouse', 'name': 'Господарська комора'}"
669521977,way,Unknown,,,,,46.358915,34.7604917,{'building': 'warehouse'}
669932379,way,Unknown,,,,,50.5838432,29.9981053,{'building': 'warehouse'}
669932380,way,Unknown,,,,,50.5840956,29.9975942,{'building': 'warehouse'}
670763700,way,Unknown,,,,,47.7533466,37.2085625,"{'building': 'warehouse', 'building:levels': '1', 'height': '6'}"
670770362,way,Unknown,,,,,47.7546635,37.2043721,"{'building': 'warehouse', 'building:levels': '1', 'roof:shape': 'gabled'}"
671125955,way,Unknown,,,,,48.758214,30.2124364,"{'addr:street': 'вулиця Тищика', 'building': 'warehouse'}"
674009947,way,Unknown,,,,,48.6994253,32.6062766,{'building': 'warehouse'}
674194311,way,Unknown,,,,,48.7314609,30.1861776,{'building': 'warehouse'}
674240180,way,Unknown,,,,,49.3467588,28.7182367,{'building': 'warehouse'}
674641378,way,Unknown,,,,,50.7998211,29.2329287,{'building': 'warehouse'}
674688788,way,Unknown,,,,,46.9663827,31.9835682,"{'addr:housenumber': '23-Б', 'addr:street': 'вулиця Захисників Миколаєва', 'building': 'warehouse'}"
674740183,way,Unknown,,,,,48.7385971,30.1841041,"{'addr:housenumber': '14-А', 'addr:street': 'Індустріальна вулиця', 'building': 'warehouse'}"
674741917,way,Unknown,,,,,48.7462991,30.1929487,{'building': 'warehouse'}
674742679,way,Unknown,,,,,48.7469853,30.1943417,{'building': 'warehouse'}
674761559,way,Unknown,,,,,48.2807862,37.2000099,{'building': 'warehouse'}
674761560,way,Unknown,,,,,48.2808187,37.2020403,{'building': 'warehouse'}
674761562,way,Unknown,,,,,48.2801615,37.2020505,{'building': 'warehouse'}
675799755,way,Unknown,,,,,51.5731498,26.5561745,{'building': 'warehouse'}
675799756,way,Unknown,,,,,51.5729716,26.5564272,{'building': 'warehouse'}
675833341,way,Unknown,,,,,51.5705748,26.5552778,{'building': 'warehouse'}
676032064,way,Unknown,,,,,51.6317263,24.2537722,"{'abandoned': 'yes', 'building': 'warehouse'}"
676388417,way,Unknown,,,,,48.359568,25.6336016,{'building': 'warehouse'}
677087768,way,Unknown,,,,,51.5697227,26.5626905,{'building': 'warehouse'}
677490480,way,Unknown,,,,,48.977676,32.2473004,{'building': 'warehouse'}
677490481,way,Unknown,,,,,48.9773081,32.2477605,{'building': 'warehouse'}
677490482,way,Unknown,,,,,48.9770022,32.2481477,{'building': 'warehouse'}
677754657,way,Unknown,,,,,50.4989895,32.7236042,"{'building': 'warehouse', 'building:levels': '1'}"
678294194,way,Unknown,,,,,48.8862588,26.8670946,"{'abandoned': 'yes', 'building': 'warehouse'}"
679101189,way,Unknown,,,,,49.951683,34.4476441,{'building': 'warehouse'}
679101191,way,Unknown,,,,,49.9522527,34.4474954,{'building': 'warehouse'}
679101193,way,Unknown,,,,,49.952582,34.4474623,{'building': 'warehouse'}
679101195,way,Unknown,,,,,49.9530318,34.4472825,{'building': 'warehouse'}
679101197,way,Unknown,,,,,49.9520005,34.4443484,{'building': 'warehouse'}
679101198,way,Unknown,,,,,49.9520454,34.444906,{'building': 'warehouse'}
679101200,way,Unknown,,,,,49.9520962,34.4454353,{'building': 'warehouse'}
679422746,way,Unknown,,,,,47.1302626,37.7604227,{'building': 'warehouse'}
679422747,way,Unknown,,,,,47.1300409,37.7604704,{'building': 'warehouse'}
679422748,way,Unknown,,,,,47.129828,37.760516,{'building': 'warehouse'}
679422749,way,Unknown,,,,,47.1307499,37.7608003,{'building': 'warehouse'}
679422753,way,Unknown,,,,,47.1246518,37.7513237,{'building': 'warehouse'}
679422754,way,Unknown,,,,,47.1236121,37.7535154,{'building': 'warehouse'}
679422755,way,Unknown,,,,,47.1251877,37.7522499,{'building': 'warehouse'}
679519193,way,Unknown,,,,,48.2075963,26.0721073,{'building': 'warehouse'}
679698635,way,Unknown,,,,,47.2886304,37.67978,{'building': 'warehouse'}
679698636,way,Unknown,,,,,47.2885699,37.6808515,{'building': 'warehouse'}
680005435,way,Unknown,,,,,47.3184898,37.6673028,{'building': 'warehouse'}
680005453,way,Unknown,,,,,47.3240869,37.6683265,{'building': 'warehouse'}
680005455,way,Unknown,,,,,47.325003,37.6664837,{'building': 'warehouse'}
680005456,way,Unknown,,,,,47.325194,37.6660189,{'building': 'warehouse'}
680005457,way,Unknown,,,,,47.3244669,37.6658864,{'building': 'warehouse'}
680058752,way,Unknown,,,,,50.4348904,30.0879859,{'building': 'warehouse'}
680307988,way,Unknown,,,,,49.4861354,36.8811022,{'building': 'warehouse'}
680307989,way,Unknown,,,,,49.4854602,36.8779965,{'building': 'warehouse'}
680307990,way,Unknown,,,,,49.4873305,36.8847547,{'building': 'warehouse'}
680307991,way,Unknown,,,,,49.4880697,36.8827548,{'building': 'warehouse'}
680307992,way,Unknown,,,,,49.4838361,36.881729,{'building': 'warehouse'}
680307993,way,Unknown,,,,,49.4821953,36.8803584,{'building': 'warehouse'}
680307994,way,Unknown,,,,,49.4809128,36.8771344,{'building': 'warehouse'}
680308008,way,Unknown,,,,,49.481727,36.877889,{'building': 'warehouse'}
680308009,way,Unknown,,,,,49.4845061,36.8797308,{'building': 'warehouse'}
680308010,way,Unknown,,,,,49.4854774,36.8831469,{'building': 'warehouse'}
680308011,way,Unknown,,,,,49.4871048,36.8793842,{'building': 'warehouse'}
680308012,way,Unknown,,,,,49.4890924,36.8810477,{'building': 'warehouse'}
680308013,way,Unknown,,,,,49.4852716,36.8747798,{'building': 'warehouse'}
680391157,way,Unknown,,,,,49.7841277,36.5299203,"{'abandoned': 'yes', 'building': 'warehouse'}"
681257762,way,Unknown,,,,,50.7718222,29.2160333,"{'building': 'warehouse', 'material': 'wood'}"
682223545,way,Unknown,,,,,49.864416,24.046417,"{'building': 'warehouse', 'building:levels': '1'}"
683791434,way,Unknown,,,,,51.2384961,24.6907983,{'building': 'warehouse'}
683976499,way,Unknown,,,,,46.0812337,29.8811379,{'building': 'warehouse'}
684159188,way,Unknown,,,,,47.9545319,39.7407258,"{'building': 'warehouse', 'building:levels': '1'}"
684753379,way,Електро склад,,,,,47.9857557,37.8650942,"{'building': 'warehouse', 'name': 'Електро склад', 'name:ru': 'Электро склад', 'name:uk': 'Електро склад'}"
684753381,way,Склад паливомастильних матеріалів,,,,,47.9861573,37.8648094,"{'building': 'warehouse', 'name': 'Склад паливомастильних матеріалів', 'name:ru': 'Склад Горючесмазочных материалов', 'name:uk': 'Склад паливомастильних матеріалів'}"
684753386,way,Склад №2,,,,,47.9857097,37.8653052,"{'building': 'warehouse', 'name': 'Склад №2', 'name:uk': 'Склад №2'}"
684753390,way,Unknown,,,,,47.986059,37.8653308,{'building': 'warehouse'}
684753395,way,Склад бітуму,,,,,47.9853576,37.8643399,"{'building': 'warehouse', 'name': 'Склад бітуму', 'name:ru': 'Битумное хранилище', 'name:uk': 'Склад бітуму'}"
684753396,way,Склад солі,,,,,47.9847669,37.8640982,"{'building': 'warehouse', 'name': 'Склад солі', 'name:ru': 'Солехранилище', 'name:uk': 'Склад солі'}"
684759134,way,Склад бітуму,,,,,47.9852592,37.8647043,"{'building': 'warehouse', 'name': 'Склад бітуму', 'name:ru': 'Битумное хранилище', 'name:uk': 'Склад бітуму'}"
684759158,way,Сховище Мінерального порошку,,,,,47.9851836,37.865457,"{'building': 'warehouse', 'name': 'Сховище Мінерального порошку', 'name:uk': 'Сховище Мінерального порошку'}"
685801439,way,Садовий центр,,,,,49.9096077,36.2771589,"{'building': 'warehouse', 'name': 'Садовий центр', 'name:uk': 'Садовий центр'}"
688111856,way,Склад,,,,,50.7588679,29.2832315,"{'addr:housenumber': '20', 'building': 'warehouse', 'description': 'склад за технологією півниця', 'name': 'Склад', 'name:uk': 'Склад'}"
689445369,way,Unknown,,,,,51.3068082,26.0014579,{'building': 'warehouse'}
690336027,way,Unknown,,,,,50.1160716,25.2582033,{'building': 'warehouse'}
691202201,way,Unknown,,,,,49.9066088,24.6098547,{'building': 'warehouse'}
692024968,way,Склад FOZZY,,,,,50.5355056,30.8272546,"{'addr:housenumber': '1', 'addr:street': 'вулиця Богдана Хмельницького', 'building': 'warehouse', 'name': 'Склад FOZZY', 'name:uk': 'Склад FOZZY'}"
692080599,way,Unknown,,,,,47.8215225,37.3114947,"{'building': 'warehouse', 'building:levels': '1', 'roof:shape': 'gabled'}"
692280548,way,Unknown,,,,,48.7668314,38.6176035,"{'building': 'warehouse', 'description': 'Нова кочегарка'}"
692352588,way,Unknown,,,,,45.1103437,33.6484204,{'building': 'warehouse'}
692394258,way,Unknown,,,,,50.70348,25.3095443,{'building': 'warehouse'}
692866306,way,Unknown,,,,,48.5250622,34.9964396,{'building': 'warehouse'}
694096316,way,Unknown,,,,,44.5531721,33.4906462,{'building': 'warehouse'}
694497972,way,Unknown,,,,,48.6009273,22.294223,"{'addr:street': 'вулиця Павла Чубинського', 'building': 'warehouse', 'building:levels': '1', 'roof:colour': 'grey', 'roof:shape': 'gabled'}"
694776789,way,Unknown,,,,,50.1924063,25.5134113,{'building': 'warehouse'}
695976536,way,Unknown,,,,,50.7348224,34.239467,{'building': 'warehouse'}
695976537,way,Unknown,,,,,50.735477,34.2416855,{'building': 'warehouse'}
695976538,way,Unknown,,,,,50.7355185,34.2424623,{'building': 'warehouse'}
695976539,way,Unknown,,,,,50.7352344,34.2412386,{'building': 'warehouse'}
695976540,way,Unknown,,,,,50.7359905,34.2413812,{'building': 'warehouse'}
696140836,way,Unknown,,,,,50.7592075,29.2414928,"{'building': 'warehouse', 'description': 'склад збудований за техзнологією півниці'}"
697491679,way,Unknown,,,,,49.5845938,34.5740967,{'building': 'warehouse'}
697849291,way,Склад оптової торгівлі продуктами,,,,,48.8263946,27.2537508,"{'building': 'warehouse', 'name': 'Склад оптової торгівлі продуктами', 'name:uk': 'Склад оптової торгівлі продуктами'}"
697862787,way,Unknown,,,,,48.2917967,25.2591576,"{'building': 'warehouse', 'roof:shape': 'gabled'}"
698753925,way,Unknown,,,,,48.5011385,32.1224313,{'building': 'warehouse'}
698977820,way,Unknown,,,,,48.4203895,38.6908557,{'building': 'warehouse'}
698977821,way,Unknown,,,,,48.4200041,38.6906808,{'building': 'warehouse'}
698977822,way,Unknown,,,,,48.4199746,38.689197,{'building': 'warehouse'}
698977823,way,Unknown,,,,,48.4198806,38.6914106,{'building': 'warehouse'}
698977824,way,Unknown,,,,,48.4202973,38.6916937,{'building': 'warehouse'}
699092384,way,Unknown,,,,,48.4109404,38.6801976,{'building': 'warehouse'}
699092385,way,Unknown,,,,,48.411402,38.6809995,{'building': 'warehouse'}
699092386,way,Unknown,,,,,48.4116823,38.6815285,{'building': 'warehouse'}
699092387,way,Unknown,,,,,48.4119626,38.6820318,{'building': 'warehouse'}
699092388,way,Unknown,,,,,48.4124043,38.6827996,{'building': 'warehouse'}
699093902,way,Unknown,,,,,48.4199887,38.6917385,{'building': 'warehouse'}
699440579,way,Unknown,,,,,48.4385154,38.7248064,{'building': 'warehouse'}
699740240,way,Unknown,,,,,50.8854204,34.7127383,{'building': 'warehouse'}
701056621,way,Unknown,,,,,48.6152217,22.3169359,{'building': 'warehouse'}
701361505,way,Unknown,,,,,46.6380191,33.5747597,{'building': 'warehouse'}
702151289,way,Закинутий склад вибухівки,,,,,50.5523899,28.5933261,"{'building': 'warehouse', 'name': 'Закинутий склад вибухівки', 'name:uk': 'Закинутий склад вибухівки'}"
702218355,way,Unknown,,,,,49.845905,28.2112845,"{'addr:postcode': '13254', 'addr:street': 'Садова вулиця', 'building': 'warehouse'}"
702218430,way,Unknown,,,,,49.8457243,28.2107064,"{'addr:postcode': '13254', 'addr:street': 'Садова вулиця', 'building': 'warehouse'}"
702218483,way,Unknown,,,,,49.8454868,28.2102683,"{'addr:postcode': '13254', 'addr:street': 'Садова вулиця', 'building': 'warehouse'}"
702301426,way,Unknown,,,,,48.3020687,25.259836,"{'building': 'warehouse', 'building:levels': '1'}"
702301429,way,Unknown,,,,,48.3016232,25.2602834,"{'building': 'warehouse', 'building:levels': '1'}"
702469070,way,Unknown,,,,,46.6393104,33.5731266,{'building': 'warehouse'}
702469073,way,Unknown,,,,,46.6382408,33.5732639,{'building': 'warehouse'}
702469074,way,Unknown,,,,,46.6386556,33.5750987,{'building': 'warehouse'}
702469075,way,Unknown,,,,,46.6391132,33.5750338,{'building': 'warehouse'}
702469076,way,Unknown,,,,,46.6396035,33.5749789,{'building': 'warehouse'}
702469077,way,Unknown,,,,,46.6400679,33.5730143,{'building': 'warehouse'}
702469080,way,Unknown,,,,,46.6396771,33.576297,{'building': 'warehouse'}
702469081,way,Unknown,,,,,46.6401125,33.5762596,{'building': 'warehouse'}
704280673,way,Unknown,,,,,48.4485796,38.6686466,{'building': 'warehouse'}
705375166,way,"ТОВ ""ТД ІРБІС""",,,,,49.9555598,36.2868056,"{'addr:housenumber': '13', 'addr:street': 'Морозова вулиця', 'building': 'warehouse', 'building:levels': '1', 'contact:phone': '+380 57 766 4565', 'height': '36', 'name': 'ТОВ ""ТД ІРБІС""', 'name:uk': 'ТОВ ""ТД ІРБІС""', 'phone': '+380 57 766 4566;+380 57 766 4568;+380 57 766 4569'}"
705375167,way,"ТОВ ""ТД ІРБІС"" склад ""Каштан""",,,,,49.9566384,36.2818427,"{'addr:housenumber': '35а', 'addr:street': 'Каштанова вулиця', 'building': 'warehouse', 'building:levels': '2', 'height': '30', 'name': 'ТОВ ""ТД ІРБІС"" склад ""Каштан""', 'name:uk': 'ТОВ ""ТД ІРБІС"" склад ""Каштан""', 'phone': '+380 572 52 7008'}"
706236311,way,Unknown,,,,,51.0769501,28.2391682,{'building': 'warehouse'}
706236312,way,Unknown,,,,,51.0770682,28.2387448,{'building': 'warehouse'}
706491948,way,Unknown,,,,,50.7725921,29.2566104,{'building': 'warehouse'}
709199713,way,Unknown,,,,,48.8930637,26.8989053,{'building': 'warehouse'}
709793414,way,Unknown,,,,,48.3848414,35.0300374,{'building': 'warehouse'}
709793415,way,Unknown,,,,,48.3848748,35.0297401,{'building': 'warehouse'}
709793416,way,Unknown,,,,,48.3848003,35.0294572,{'building': 'warehouse'}
709793417,way,Unknown,,,,,48.3844737,35.0290197,{'building': 'warehouse'}
709793418,way,Unknown,,,,,48.3843875,35.028589,{'building': 'warehouse'}
709793419,way,Unknown,,,,,48.3842095,35.0278821,{'building': 'warehouse'}
709793420,way,Unknown,,,,,48.3837584,35.028027,{'building': 'warehouse'}
709793421,way,Unknown,,,,,48.3820104,35.0279888,{'building': 'warehouse'}
709926499,way,Unknown,,,,,50.2961101,34.5657176,{'building': 'warehouse'}
709947106,way,Unknown,,,,,50.2966824,34.5687253,{'building': 'warehouse'}
709947107,way,Unknown,,,,,50.2965183,34.569096,{'building': 'warehouse'}
709947108,way,Unknown,,,,,50.2962118,34.569345,{'building': 'warehouse'}
710589802,way,Unknown,,,,,48.3833899,35.0403464,{'building': 'warehouse'}
712202044,way,Unknown,,,,,49.2007648,31.8762507,{'building': 'warehouse'}
713876755,way,Склад Д2,,,,,46.6615352,31.0015802,"{'building': 'warehouse', 'capacity': '80000 t', 'name': 'Склад Д2', 'name:en': 'Warehouse D2', 'name:ru': 'Склад Д2', 'name:uk': 'Склад Д2'}"
713921167,way,Unknown,,,,,50.3527273,24.2220308,"{'building': 'warehouse', 'substation': 'minor_distribution'}"
715169777,way,Unknown,,,,,50.6887579,24.6418152,"{'building': 'warehouse', 'building:levels': '1'}"
717613897,way,Unknown,,,,,48.675843,30.3697992,{'building': 'warehouse'}
717613903,way,Unknown,,,,,48.67379,30.3693777,{'building': 'warehouse'}
717613904,way,Unknown,,,,,48.6740326,30.3690753,{'building': 'warehouse'}
717653550,way,Unknown,,,,,46.6199387,33.2358432,"{'building': 'warehouse', 'building:levels': '1'}"
717768126,way,Unknown,,,,,49.7416329,29.6753145,{'building': 'warehouse'}
717867698,way,Unknown,,,,,46.6064458,33.2281703,{'building': 'warehouse'}
717875204,way,Unknown,,,,,46.6002808,33.2233213,"{'building': 'warehouse', 'building:levels': '1'}"
720559091,way,Unknown,,,,,50.4865379,34.9483196,"{'building': 'warehouse', 'building:levels': '1', 'building:material': 'metal'}"
720559092,way,Unknown,,,,,50.486563,34.9482852,"{'building': 'warehouse', 'building:levels': '1', 'building:material': 'metal'}"
720559093,way,Unknown,,,,,50.486595,34.9482419,"{'building': 'warehouse', 'building:levels': '1', 'building:material': 'metal'}"
720559094,way,Unknown,,,,,50.4866236,34.9482014,"{'building': 'warehouse', 'building:levels': '1', 'building:material': 'metal'}"
720977667,way,Unknown,,,,,50.5866714,32.4068494,{'building': 'warehouse'}
722208311,way,Unknown,,,,,48.2345525,37.5613003,"{'building': 'warehouse', 'building:levels': '1', 'roof:shape': 'gabled'}"
724630794,way,Unknown,,,,,49.0351013,27.6152775,{'building': 'warehouse'}
724724432,way,Unknown,,,,,50.0115838,36.3135305,{'building': 'warehouse'}
725059237,way,Unknown,,,,,50.5842179,30.5355331,{'building': 'warehouse'}
728210111,way,Unknown,,,,,48.3849586,35.0321288,{'building': 'warehouse'}
728815769,way,Unknown,,,,,48.1089174,22.8368901,{'building': 'warehouse'}
729175808,way,Unknown,,,,,49.4984311,29.2710176,"{'building': 'warehouse', 'building:levels': '1', 'height': '8'}"
729175809,way,Unknown,,,,,49.4988691,29.2713838,"{'building': 'warehouse', 'building:levels': '1', 'height': '8'}"
729175810,way,Unknown,,,,,49.4977488,29.2714403,"{'building': 'warehouse', 'building:levels': '1', 'height': '8'}"
729357739,way,Unknown,,,,,49.4366439,32.0957964,{'building': 'warehouse'}
729357757,way,Unknown,,,,,49.4369283,32.0975443,"{'addr:street': 'Припортова вулиця', 'building': 'warehouse', 'building:levels': '2'}"
729708162,way,Unknown,,,,,48.5371984,35.0412256,{'building': 'warehouse'}
729708174,way,Кахлі та Сантехніка,,,,,48.5364473,35.0338891,"{'addr:housenumber': '33', 'addr:postcode': '52005', 'addr:street': 'Нижньодніпровська вулиця', 'building': 'warehouse', 'building:levels': '1', 'height': '10', 'name': 'Кахлі та Сантехніка', 'name:ru': 'Кафель и Сантехника', 'name:uk': 'Кахлі та Сантехніка', 'phone': '+380 68 480 2037'}"
730182161,way,Unknown,,,,,48.6106985,25.2706753,{'building': 'warehouse'}
732162317,way,Unknown,,,,,48.615912,22.3176091,{'building': 'warehouse'}
732845374,way,Unknown,,,,,49.8130337,24.0777318,{'building': 'warehouse'}
732845375,way,Unknown,,,,,49.8129801,24.0779841,"{'building': 'warehouse', 'building:levels': '2', 'layer': '-1', 'location': 'surface'}"
732845376,way,Unknown,,,,,49.8126243,24.0780507,{'building': 'warehouse'}
735038234,way,Unknown,,,,,50.2424799,24.1408815,{'building': 'warehouse'}
736964681,way,Unknown,,,,,48.5932398,22.3094803,"{'addr:housenumber': '35-Д', 'addr:street': 'Коритнянська вулиця', 'building': 'warehouse'}"
737057853,way,Unknown,,,,,47.9955624,37.8637096,{'building': 'warehouse'}
737057854,way,Unknown,,,,,47.9955044,37.8644774,{'building': 'warehouse'}
737057855,way,Unknown,,,,,47.9961097,37.8625852,{'building': 'warehouse'}
737057856,way,Unknown,,,,,47.9959196,37.8620562,{'building': 'warehouse'}
737057857,way,Unknown,,,,,47.9960998,37.8616066,{'building': 'warehouse'}
737057859,way,Unknown,,,,,47.9969121,37.8609622,{'building': 'warehouse'}
737057860,way,Unknown,,,,,47.9964237,37.8610549,{'building': 'warehouse'}
737057861,way,Unknown,,,,,47.9962714,37.8601778,{'building': 'warehouse'}
737057862,way,Unknown,,,,,47.9962672,37.8609257,{'building': 'warehouse'}
737057863,way,Unknown,,,,,47.996533,37.8600447,{'building': 'warehouse'}
737057865,way,Unknown,,,,,47.9978579,37.8620523,{'building': 'warehouse'}
737057866,way,Unknown,,,,,47.9981576,37.8623244,{'building': 'warehouse'}
737057867,way,Unknown,,,,,47.9965315,37.86309,{'building': 'warehouse'}
737057868,way,Unknown,,,,,47.9961103,37.8637816,{'building': 'warehouse'}
737057869,way,Unknown,,,,,47.9959051,37.8644143,{'building': 'warehouse'}
737057870,way,Unknown,,,,,47.9961579,37.8646439,{'building': 'warehouse'}
737057871,way,Unknown,,,,,47.9969864,37.8623609,{'building': 'warehouse'}
737057873,way,Unknown,,,,,47.9973823,37.8612643,{'building': 'warehouse'}
737057874,way,Unknown,,,,,47.9976199,37.8616236,{'building': 'warehouse'}
737057877,way,Unknown,,,,,47.9973832,37.863787,{'building': 'warehouse'}
737057878,way,Unknown,,,,,47.9968669,37.8639821,{'building': 'warehouse'}
737057879,way,Unknown,,,,,47.9975991,37.8624771,{'building': 'warehouse'}
737057880,way,Unknown,,,,,47.9983461,37.8631555,{'building': 'warehouse'}
737057881,way,Unknown,,,,,47.9976604,37.8645884,{'building': 'warehouse'}
737057882,way,Unknown,,,,,47.9981658,37.864363,"{'building': 'warehouse', 'building:levels': '4'}"
737057883,way,Unknown,,,,,47.998789,37.8629157,{'building': 'warehouse'}
737057893,way,Unknown,,,,,47.9989428,37.86544,{'building': 'warehouse'}
737057911,way,Unknown,,,,,47.9995312,37.8578988,{'building': 'warehouse'}
737083143,way,Unknown,,,,,50.7990545,24.6941608,"{'building': 'warehouse', 'building:levels': '1'}"
737384631,way,Unknown,,,,,48.224217,38.1872323,{'building': 'warehouse'}
737384632,way,Unknown,,,,,48.2240754,38.1866024,{'building': 'warehouse'}
737429186,way,Cклад продуктів харчування,,,,,50.7712915,29.2304756,"{'building': 'warehouse', 'description': 'тут знаходиться комора шкільної їдальні . Щодо форми . Якщо підійти то являє собою штучно насипану гору з чорнозему який з часу створення 1997 рік (рік побудови нового корпусу ) заріс травою висотою у 2 поверхи.', 'layer': '-1', 'location': 'underground', 'name': 'Cклад продуктів харчування', 'name:uk': 'Cклад продуктів харчування', 'note': 'двері на замку , якщо відчинити двері то бетонні сходи униз . Щось подібне є в селах з назвою льох \\ півниця для зимівлі врожаю'}"
737525515,way,Unknown,,,,,48.2539592,38.1920588,{'building': 'warehouse'}
737525517,way,Unknown,,,,,48.2551232,38.1882891,{'building': 'warehouse'}
737818997,way,Unknown,,,,,47.9986243,37.8591216,"{'addr:housenumber': '2а', 'addr:street': 'Складська вулиця', 'building': 'warehouse'}"
737818998,way,Unknown,,,,,47.9987594,37.8594492,{'building': 'warehouse'}
737818999,way,Unknown,,,,,47.9982699,37.8604749,{'building': 'warehouse'}
737819000,way,Unknown,,,,,47.9981966,37.8592638,"{'addr:housenumber': '4', 'addr:street': 'Сєченова вулиця', 'building': 'warehouse'}"
737819004,way,Unknown,,,,,47.9980611,37.8597381,{'building': 'warehouse'}
737819005,way,Unknown,,,,,47.9981278,37.8600001,{'building': 'warehouse'}
737819008,way,Unknown,,,,,47.9978726,37.8590674,"{'addr:housenumber': '6', 'addr:street': 'Сєченова вулиця', 'building': 'warehouse'}"
737819009,way,Unknown,,,,,47.9973344,37.8590935,{'building': 'warehouse'}
737819010,way,Unknown,,,,,47.9971714,37.8596013,{'building': 'warehouse'}
739561198,way,Unknown,,,,,46.1940218,29.1382073,"{'addr:housenumber': '204', 'addr:street': 'Красна вулиця', 'building': 'warehouse'}"
740633223,way,Unknown,,,,,48.6066572,22.2879875,{'building': 'warehouse'}
740633224,way,Unknown,,,,,48.6067672,22.2877394,{'building': 'warehouse'}
743229753,way,Unknown,,,,,50.2985948,26.8767805,{'building': 'warehouse'}
743299360,way,Unknown,,,,,50.2859563,26.8982132,"{'building': 'warehouse', 'building:levels': '1'}"
744612460,way,Склад,,,,,48.2656324,38.2582187,"{'building': 'warehouse', 'name': 'Склад', 'name:uk': 'Склад'}"
744861327,way,Unknown,,,,,51.5817018,24.4928138,{'building': 'warehouse'}
748673527,way,Unknown,,,,,49.9122637,36.27045,"{'addr:housenumber': '10/2', 'addr:street': 'Драгомировская улица', 'building': 'warehouse'}"
750179283,way,Unknown,,,,,48.6146916,22.3184131,{'building': 'warehouse'}
750179285,way,Unknown,,,,,48.6147661,22.3191427,"{'building': 'warehouse', 'roof:shape': 'flat'}"
751106163,way,Unknown,,,,,48.7449944,26.6080411,"{'amenity': 'shelter', 'building': 'warehouse', 'shelter_type': 'lean_to'}"
751106165,way,Unknown,,,,,48.7460833,26.6077358,{'building': 'warehouse'}
751106208,way,Unknown,,,,,48.7520399,26.6089558,{'building': 'warehouse'}
751106214,way,Unknown,,,,,48.7516672,26.6104964,"{'building': 'warehouse', 'level': '1'}"
751275843,way,Unknown,,,,,50.7411128,24.653246,"{'addr:housenumber': '39', 'building': 'warehouse'}"
751275845,way,Unknown,,,,,50.7413641,24.653822,{'building': 'warehouse'}
751275846,way,Unknown,,,,,50.7410957,24.6536708,{'building': 'warehouse'}
751275847,way,Unknown,,,,,50.7412064,24.6536128,{'building': 'warehouse'}
751870275,way,Unknown,,,,,51.4916021,31.2748416,{'building': 'warehouse'}
753028732,way,Unknown,,,,,49.5930405,34.5016095,{'building': 'warehouse'}
753465246,way,Unknown,,,,,50.8160529,29.3352677,"{'building': 'warehouse', 'description': 'закинутий склад'}"
753838818,way,Unknown,,,,,50.7450126,25.4210042,"{'addr:postcode': '45603', 'addr:street': 'вулиця Лисенка', 'building': 'warehouse'}"
753838859,way,Unknown,,,,,50.7323068,25.4086888,{'building': 'warehouse'}
753866692,way,Unknown,,,,,50.7472414,25.4416332,{'building': 'warehouse'}
753866693,way,Unknown,,,,,50.7471117,25.441708,{'building': 'warehouse'}
754929116,way,Unknown,,,,,50.375737,33.2469738,"{'building': 'warehouse', 'building:levels': '1'}"
758487018,way,Unknown,,,,,48.1022074,33.7471247,{'building': 'warehouse'}
758487019,way,Unknown,,,,,48.1026117,33.7460808,{'building': 'warehouse'}
758487020,way,Unknown,,,,,48.1019567,33.7460504,{'building': 'warehouse'}
758487021,way,Unknown,,,,,48.1011818,33.7461972,{'building': 'warehouse'}
758487022,way,Unknown,,,,,48.1012634,33.7472317,{'building': 'warehouse'}
758487023,way,Unknown,,,,,48.1005819,33.7467585,{'building': 'warehouse'}
758487024,way,Unknown,,,,,48.1006168,33.7473273,{'building': 'warehouse'}
758487090,way,Unknown,,,,,48.104321,33.7553685,{'building': 'warehouse'}
758487091,way,Unknown,,,,,48.1043448,33.7548448,{'building': 'warehouse'}
758494036,way,Unknown,,,,,48.1033152,33.7558928,{'building': 'warehouse'}
758494037,way,Unknown,,,,,48.1036592,33.7554992,{'building': 'warehouse'}
758494038,way,Unknown,,,,,48.1036807,33.7539314,{'building': 'warehouse'}
758494039,way,Unknown,,,,,48.1037167,33.7522999,{'building': 'warehouse'}
758494040,way,Unknown,,,,,48.1036807,33.7501476,{'building': 'warehouse'}
759542954,way,Unknown,,,,,48.0187967,37.8476888,"{'addr:housenumber': '2Б', 'addr:street': 'Сігова вулиця', 'building': 'warehouse'}"
760821599,way,Unknown,,,,,50.2404945,24.1414193,{'building': 'warehouse'}
760928569,way,Unknown,,,,,50.2464445,24.1455664,{'building': 'warehouse'}
760941248,way,Unknown,,,,,50.2440059,24.1596987,{'building': 'warehouse'}
760941255,way,Unknown,,,,,50.2456698,24.1602948,{'building': 'warehouse'}
761069769,way,Unknown,,,,,50.2406259,24.1377253,{'building': 'warehouse'}
761069770,way,Unknown,,,,,50.240272,24.1378414,{'building': 'warehouse'}
761078492,way,Unknown,,,,,49.2408856,31.5846339,"{'building': 'warehouse', 'building:levels:underground': '1'}"
761513916,way,Unknown,,,,,50.2418064,24.1398002,{'building': 'warehouse'}
761767578,way,Unknown,,,,,50.2309343,24.1297725,{'building': 'warehouse'}
761767579,way,Unknown,,,,,50.2298247,24.1292074,{'building': 'warehouse'}
763064037,way,Unknown,,,,,48.8936908,26.9131385,{'building': 'warehouse'}
764395580,way,Unknown,,,,,50.7728407,29.2563157,{'building': 'warehouse'}
764443108,way,Unknown,,,,,52.2876295,33.5653186,"{'building': 'warehouse', 'building:levels': '1', 'height': '6'}"
764443113,way,Unknown,,,,,52.288797,33.5669005,"{'building': 'warehouse', 'building:levels': '1', 'height': '6'}"
764443135,way,Unknown,,,,,52.2907187,33.5707288,"{'building': 'warehouse', 'building:levels': '1', 'height': '6'}"
764443138,way,Unknown,,,,,52.2905415,33.5697082,"{'building': 'warehouse', 'building:levels': '1', 'height': '6'}"
764443139,way,Unknown,,,,,52.2909755,33.5704085,"{'building': 'warehouse', 'building:levels': '1', 'height': '6'}"
764858635,way,Нова Пошта №1,,,,,49.7759262,24.0964335,"{'addr:housenumber': '69', 'addr:street': 'вулиця Дорожна', 'building': 'warehouse', 'name': 'Нова Пошта №1', 'operator': 'Нова Пошта'}"
765438739,way,Unknown,,,,,50.3344678,26.6784171,{'building': 'warehouse'}
765438740,way,Unknown,,,,,50.3344637,26.6766815,{'building': 'warehouse'}
765438741,way,Unknown,,,,,50.334467,26.6752618,{'building': 'warehouse'}
765515381,way,Unknown,,,,,49.9585293,27.2107799,{'building': 'warehouse'}
765782048,way,Unknown,,,,,47.5798291,34.303574,{'building': 'warehouse'}
765807248,way,Unknown,,,,,52.2740666,33.6587015,"{'building': 'warehouse', 'building:levels': '1', 'height': '4'}"
765807249,way,Unknown,,,,,52.2737864,33.6599446,"{'building': 'warehouse', 'building:levels': '1', 'height': '4'}"
765807251,way,Unknown,,,,,52.2729329,33.6616308,"{'building': 'warehouse', 'building:levels': '1', 'height': '4'}"
765807252,way,Unknown,,,,,52.2732554,33.6615458,"{'building': 'warehouse', 'building:levels': '1', 'height': '4'}"
765807254,way,Unknown,,,,,52.2733351,33.6624516,"{'building': 'warehouse', 'building:levels': '1', 'height': '4'}"
765807255,way,Unknown,,,,,52.2729787,33.6620745,"{'building': 'warehouse', 'building:levels': '1', 'height': '4'}"
769089132,way,Unknown,,,,,45.3633011,28.8370538,{'building': 'warehouse'}
770617233,way,Unknown,,,,,50.6955689,25.316025,{'building': 'warehouse'}
770617234,way,Unknown,,,,,50.6957967,25.3159354,{'building': 'warehouse'}
770617235,way,Unknown,,,,,50.6959537,25.3158059,{'building': 'warehouse'}
770828008,way,Unknown,,,,,45.3612388,28.812114,{'building': 'warehouse'}
771983170,way,Unknown,,,,,49.6755048,24.5608145,"{'building': 'warehouse', 'layer': '-1'}"
771983173,way,Unknown,,,,,49.6764326,24.5586272,{'building': 'warehouse'}
772112696,way,Unknown,,,,,47.5932132,34.3802602,{'building': 'warehouse'}
772112697,way,Unknown,,,,,47.5933052,34.3803618,{'building': 'warehouse'}
772112698,way,Unknown,,,,,47.5933253,34.3798734,{'building': 'warehouse'}
772112699,way,Unknown,,,,,47.5932542,34.3796692,{'building': 'warehouse'}
772432209,way,Unknown,,,,,49.6861943,31.8748003,{'building': 'warehouse'}
772536859,way,Unknown,,,,,49.6735269,24.5610272,{'building': 'warehouse'}
772536860,way,Unknown,,,,,49.6724999,24.5611497,{'building': 'warehouse'}
772536863,way,Unknown,,,,,49.6728016,24.5622884,"{'building': 'warehouse', 'building:levels': '1', 'layer': '1', 'roof:colour': 'grey', 'roof:shape': 'gabled'}"
772536911,way,Unknown,,,,,49.673677,24.5622423,"{'building': 'warehouse', 'layer': '-1'}"
772536912,way,Unknown,,,,,49.6743306,24.5617862,"{'building': 'warehouse', 'layer': '-1'}"
773625699,way,Unknown,,,,,47.009168,32.6490873,"{'building': 'warehouse', 'building:levels': '1'}"
773625700,way,Unknown,,,,,47.0096786,32.6483562,"{'building': 'warehouse', 'building:levels': '1'}"
773625701,way,Unknown,,,,,47.0101786,32.648402,{'building': 'warehouse'}
775766656,way,Unknown,,,,,47.0120788,32.6444169,{'building': 'warehouse'}
775766667,way,Unknown,,,,,47.0118462,32.6453553,{'building': 'warehouse'}
775766714,way,Unknown,,,,,47.0125662,32.6503029,{'building': 'warehouse'}
775777610,way,Unknown,,,,,47.0123363,32.650476,{'building': 'warehouse'}
775777643,way,Unknown,,,,,47.0062173,32.6569026,{'building': 'warehouse'}
775777645,way,Unknown,,,,,47.0073699,32.6611769,{'building': 'warehouse'}
775777646,way,Unknown,,,,,47.0081187,32.6615599,{'building': 'warehouse'}
775777647,way,Unknown,,,,,47.0087594,32.6613485,{'building': 'warehouse'}
775777648,way,Unknown,,,,,47.0088365,32.6620415,{'building': 'warehouse'}
775777649,way,Unknown,,,,,47.0094122,32.6624152,{'building': 'warehouse'}
776067301,way,Unknown,,,,,45.3528139,28.8400453,{'building': 'warehouse'}
776183875,way,Unknown,,,,,50.7358594,25.4990756,"{'building': 'warehouse', 'building:levels': '1'}"
776224168,way,Unknown,,,,,50.9575573,28.6513736,"{'addr:housenumber': '4', 'addr:street': 'Промислова вулиця', 'building': 'warehouse'}"
776513763,way,44/18А,,,,,44.9413911,34.0163818,"{'addr:city': 'Дубки', 'addr:housenumber': '44/18А', 'addr:street': 'улица Лесная', 'building': 'warehouse', 'building:levels': '1', 'name': '44/18А'}"
778390018,way,Unknown,,,,,45.3368781,28.8241323,"{'addr:housenumber': '22', 'building': 'warehouse'}"
782258105,way,Логістичний центр Protec Zymna Voda,,,,,49.836782,23.9065876,"{'building': 'warehouse', 'name': 'Логістичний центр Protec Zymna Voda', 'name:uk': 'Логістичний центр Protec Zymna Voda'}"
782778338,way,Unknown,,,,,47.5601746,34.3735884,{'building': 'warehouse'}
789471022,way,Unknown,,,,,48.631051,31.0651043,{'building': 'warehouse'}
790991721,way,Unknown,,,,,49.8813176,36.5970467,{'building': 'warehouse'}
790991755,way,Unknown,,,,,49.8880842,36.5872756,{'building': 'warehouse'}
792030024,way,Unknown,,,,,47.4200685,31.4935002,{'building': 'warehouse'}
792592683,way,Unknown,,,,,45.3527135,28.8346456,{'building': 'warehouse'}
792975128,way,Unknown,,,,,50.1913694,30.3174899,{'building': 'warehouse'}
792975129,way,Unknown,,,,,50.1913624,30.3171864,{'building': 'warehouse'}
792975130,way,Unknown,,,,,50.1913577,30.3169001,{'building': 'warehouse'}
792975131,way,Unknown,,,,,50.1913491,30.316585,{'building': 'warehouse'}
792975132,way,Unknown,,,,,50.1913359,30.316336,{'building': 'warehouse'}
793697808,way,Unknown,,,,,48.4941972,35.9273529,{'building': 'warehouse'}
794853674,way,Unknown,,,,,50.4619157,30.4512214,{'building': 'warehouse'}
794853677,way,Unknown,,,,,50.4622575,30.4512098,{'building': 'warehouse'}
794853679,way,Unknown,,,,,50.4626915,30.4509125,{'building': 'warehouse'}
794853680,way,Unknown,,,,,50.462406,30.4508511,{'building': 'warehouse'}
794866819,way,Unknown,,,,,49.394446,24.6955534,{'building': 'warehouse'}
794870650,way,Unknown,,,,,49.3957429,24.6953125,"{'building': 'warehouse', 'building:levels': '1'}"
794870651,way,Unknown,,,,,49.3959697,24.6957578,"{'building': 'warehouse', 'building:levels': '1'}"
795328502,way,Unknown,,,,,49.8953699,36.2028907,{'building': 'warehouse'}
795328504,way,Unknown,,,,,49.8950071,36.2034017,{'building': 'warehouse'}
795328505,way,Unknown,,,,,49.8950179,36.2040559,{'building': 'warehouse'}
796535690,way,Unknown,,,,,50.2375642,36.3445074,{'building': 'warehouse'}
797553730,way,Unknown,,,,,48.9443933,24.7263773,{'building': 'warehouse'}
798300253,way,Unknown,,,,,48.2812149,37.2001242,{'building': 'warehouse'}
798300254,way,Unknown,,,,,48.2811984,37.199727,{'building': 'warehouse'}
798300273,way,Unknown,,,,,48.2800134,37.2001726,{'building': 'warehouse'}
798300284,way,Unknown,,,,,48.2736722,37.2019815,{'building': 'warehouse'}
798300286,way,Unknown,,,,,48.2742345,37.2019709,{'building': 'warehouse'}
799166242,way,Unknown,,,,,48.3174006,32.1278597,{'building': 'warehouse'}
799185510,way,Unknown,,,,,48.3251295,30.2296867,{'building': 'warehouse'}
799327184,way,Склад,,,,,49.8438842,38.740541,"{'building': 'warehouse', 'building:levels': '1', 'name': 'Склад', 'name:uk': 'Склад'}"
799368540,way,Unknown,,,,,48.3211166,30.2315401,{'building': 'warehouse'}
799810138,way,Unknown,,,,,49.3224004,34.3973405,{'building': 'warehouse'}
799810139,way,Unknown,,,,,49.3212654,34.3955085,{'building': 'warehouse'}
799810142,way,Unknown,,,,,49.322431,34.3966736,{'building': 'warehouse'}
799810143,way,Unknown,,,,,49.3215809,34.3952725,{'building': 'warehouse'}
799810144,way,Unknown,,,,,49.3209769,34.3950565,{'building': 'warehouse'}
799810145,way,Unknown,,,,,49.3207142,34.394599,{'building': 'warehouse'}
799810146,way,Unknown,,,,,49.3207319,34.3938321,{'building': 'warehouse'}
800266765,way,Unknown,,,,,49.5904625,34.4887653,{'building': 'warehouse'}
800460786,way,Unknown,,,,,48.9693211,33.8832843,{'building': 'warehouse'}
801357851,way,Склад центральний,,,,,50.4159985,30.4075625,"{'building': 'warehouse', 'building:levels': '1.5', 'name': 'Склад центральний', 'name:uk': 'Склад центральний'}"
801357852,way,Склад труба,,,,,50.415672,30.4070646,"{'building': 'warehouse', 'name': 'Склад труба', 'name:uk': 'Склад труба'}"
801768804,way,Unknown,,,,,49.7597051,27.3944228,{'building': 'warehouse'}
801768805,way,Unknown,,,,,49.759761,27.3938384,{'building': 'warehouse'}
801768806,way,Unknown,,,,,49.7595105,27.3937447,{'building': 'warehouse'}
801875307,way,Unknown,,,,,49.7607745,27.3936686,{'building': 'warehouse'}
801875310,way,Unknown,,,,,49.7596098,27.3946862,{'building': 'warehouse'}
801875314,way,Unknown,,,,,49.7602791,27.3934214,{'building': 'warehouse'}
801875315,way,Unknown,,,,,49.7606131,27.3948062,{'building': 'warehouse'}
801910397,way,Склад газових балонів,,,,,49.8179045,31.8183336,"{'building': 'warehouse', 'name': 'Склад газових балонів', 'name:uk': 'Склад газових балонів'}"
802243645,way,Unknown,,,,,50.2403942,23.6172369,{'building': 'warehouse'}
803763718,way,Unknown,,,,,49.2382263,39.174273,"{'addr:housenumber': '5А', 'addr:street': 'Центральна вулиця', 'building': 'warehouse', 'building:levels': '1'}"
806505146,way,Unknown,,,,,50.1034995,26.0648526,{'building': 'warehouse'}
806505147,way,Unknown,,,,,50.103312,26.0642454,{'building': 'warehouse'}
806505148,way,Unknown,,,,,50.1033535,26.0636764,{'building': 'warehouse'}
806505149,way,Unknown,,,,,50.1033589,26.0630059,{'building': 'warehouse'}
806505150,way,Unknown,,,,,50.1042093,26.0629519,{'building': 'warehouse'}
806727878,way,Unknown,,,,,50.5959076,30.5747043,{'building': 'warehouse'}
806931711,way,Unknown,,,,,49.9448597,35.8924777,{'building': 'warehouse'}
806931712,way,Unknown,,,,,49.9449252,35.8925009,{'building': 'warehouse'}
806931713,way,Unknown,,,,,49.9446322,35.8926292,{'building': 'warehouse'}
806931714,way,Unknown,,,,,49.9443059,35.8924894,{'building': 'warehouse'}
806931715,way,Unknown,,,,,49.9440324,35.8923322,{'building': 'warehouse'}
806931716,way,Unknown,,,,,49.9444177,35.8916181,{'building': 'warehouse'}
806931717,way,Unknown,,,,,49.9444739,35.891994,{'building': 'warehouse'}
806931718,way,Unknown,,,,,49.9443242,35.8921778,{'building': 'warehouse'}
806931719,way,Unknown,,,,,49.944526,35.8921226,{'building': 'warehouse'}
806931720,way,Unknown,,,,,49.9442144,35.8918785,{'building': 'warehouse'}
806931721,way,Unknown,,,,,49.9447573,35.8922189,{'building': 'warehouse'}
806931722,way,Unknown,,,,,49.9448349,35.8921351,{'building': 'warehouse'}
807318821,way,Unknown,,,,,49.95572,35.9387065,{'building': 'warehouse'}
807318823,way,Unknown,,,,,49.9556669,35.9385269,{'building': 'warehouse'}
807318824,way,Unknown,,,,,49.9555475,35.9386319,{'building': 'warehouse'}
807318825,way,Unknown,,,,,49.9554485,35.9387397,{'building': 'warehouse'}
808341169,way,Unknown,,,,,49.1497645,34.0177455,{'building': 'warehouse'}
808341170,way,Unknown,,,,,49.1497478,34.0136303,{'building': 'warehouse'}
808341171,way,Unknown,,,,,49.150222,34.0132193,{'building': 'warehouse'}
808341172,way,Unknown,,,,,49.1505467,34.0136406,{'building': 'warehouse'}
808341178,way,Unknown,,,,,49.1489114,34.0087171,{'building': 'warehouse'}
808341179,way,Unknown,,,,,49.1486299,34.00924,{'building': 'warehouse'}
808341180,way,Unknown,,,,,49.1491,34.0100446,{'building': 'warehouse'}
808341181,way,Unknown,,,,,49.1501364,34.0092422,{'building': 'warehouse'}
808341182,way,Unknown,,,,,49.1498797,34.0093797,{'building': 'warehouse'}
808341183,way,Unknown,,,,,49.1506186,34.0099404,{'building': 'warehouse'}
808341184,way,Unknown,,,,,49.1510574,34.0098103,{'building': 'warehouse'}
808568333,way,Unknown,,,,,49.9295207,34.772823,{'building': 'warehouse'}
808568334,way,Unknown,,,,,49.928681,34.7738107,{'building': 'warehouse'}
808568335,way,Unknown,,,,,49.9287953,34.7729444,{'building': 'warehouse'}
808568336,way,Unknown,,,,,49.9302742,34.7736513,{'building': 'warehouse'}
808568337,way,Unknown,,,,,49.9295905,34.7739418,{'building': 'warehouse'}
808796937,way,Unknown,,,,,50.4717574,28.2314847,"{'addr:housenumber': '203', 'addr:street': 'вулиця Шевченка', 'building': 'warehouse', 'building:levels': '1'}"
809235258,way,Unknown,,,,,50.4586513,30.5028024,{'building': 'warehouse'}
809912750,way,Unknown,,,,,49.4659395,26.9304072,{'building': 'warehouse'}
809912762,way,Unknown,,,,,49.4681323,26.9322779,{'building': 'warehouse'}
809912764,way,Unknown,,,,,49.4682834,26.9319243,{'building': 'warehouse'}
809933896,way,Unknown,,,,,49.4249089,26.9266863,{'building': 'warehouse'}
810442846,way,Unknown,,,,,46.7512335,29.9944136,{'building': 'warehouse'}
810442847,way,Unknown,,,,,46.7512337,29.9951271,{'building': 'warehouse'}
810442848,way,Unknown,,,,,46.7512315,29.9959763,{'building': 'warehouse'}
810442851,way,Unknown,,,,,46.7522008,29.995422,{'building': 'warehouse'}
810442853,way,Unknown,,,,,46.7527492,29.9955806,{'building': 'warehouse'}
810442856,way,Unknown,,,,,46.7527513,29.9940577,{'building': 'warehouse'}
810473392,way,Unknown,,,,,49.4642715,26.9398281,{'building': 'warehouse'}
810473393,way,Unknown,,,,,49.4642008,26.9399266,{'building': 'warehouse'}
810473396,way,Unknown,,,,,49.4642826,26.9403714,{'building': 'warehouse'}
810473397,way,Unknown,,,,,49.4642147,26.9403049,{'building': 'warehouse'}
810473398,way,Unknown,,,,,49.4644318,26.9413083,{'building': 'warehouse'}
810473400,way,Unknown,,,,,49.4647462,26.9417682,{'building': 'warehouse'}
810473401,way,Unknown,,,,,49.4617261,26.9567058,{'building': 'warehouse'}
810473402,way,Unknown,,,,,49.4615021,26.956507,{'building': 'warehouse'}
810473403,way,Unknown,,,,,49.4616239,26.9545963,{'building': 'warehouse'}
810473404,way,Unknown,,,,,49.4619093,26.9549268,{'building': 'warehouse'}
810473413,way,Unknown,,,,,49.4534327,26.947241,{'building': 'warehouse'}
810473416,way,Unknown,,,,,49.4578515,26.9503767,{'building': 'warehouse'}
810473427,way,Unknown,,,,,49.4591735,26.9610788,{'building': 'warehouse'}
810473436,way,Unknown,,,,,49.4605391,26.9576869,{'building': 'warehouse'}
810473445,way,Unknown,,,,,49.4606857,26.9546888,{'building': 'warehouse'}
810473446,way,Unknown,,,,,49.4609514,26.9552776,{'building': 'warehouse'}
810473449,way,Unknown,,,,,49.4695904,26.931074,{'building': 'warehouse'}
810473453,way,Unknown,,,,,49.4689837,26.9310753,{'building': 'warehouse'}
810486411,way,Unknown,,,,,49.4636999,26.9179678,{'building': 'warehouse'}
810486412,way,Unknown,,,,,49.4639021,26.9174531,{'building': 'warehouse'}
810486413,way,Unknown,,,,,49.4640636,26.9170494,{'building': 'warehouse'}
810486414,way,Unknown,,,,,49.4640163,26.9173042,{'building': 'warehouse'}
810486416,way,Unknown,,,,,49.4635787,26.9182789,{'building': 'warehouse'}
810486429,way,Unknown,,,,,49.4645232,26.9185836,{'building': 'warehouse'}
810486430,way,Unknown,,,,,49.4642166,26.9183359,{'building': 'warehouse'}
810486434,way,Unknown,,,,,49.4643128,26.9191288,{'building': 'warehouse'}
810486445,way,Unknown,,,,,49.4656453,26.9202595,{'building': 'warehouse'}
810486446,way,Unknown,,,,,49.4658898,26.9197866,{'building': 'warehouse'}
810903892,way,Unknown,,,,,48.3258421,24.9254399,"{'building': 'warehouse', 'building:levels': '1', 'building:material': 'metal', 'colour': 'silver', 'roof:material': 'metal', 'roof:shape': 'round'}"
812624963,way,Unknown,,,,,48.6787654,29.6385094,{'building': 'warehouse'}
812624964,way,Unknown,,,,,48.6774195,29.6400055,{'building': 'warehouse'}
812624965,way,Unknown,,,,,48.6777694,29.6402627,{'building': 'warehouse'}
812624966,way,Unknown,,,,,48.679126,29.6387795,{'building': 'warehouse'}
812649084,way,Unknown,,,,,48.6799403,29.6362101,{'building': 'warehouse'}
812649085,way,Unknown,,,,,48.6786318,29.6371506,{'building': 'warehouse'}
812649086,way,Unknown,,,,,48.6778076,29.6381214,{'building': 'warehouse'}
812649087,way,Unknown,,,,,48.6770659,29.6391922,{'building': 'warehouse'}
812649088,way,Unknown,,,,,48.6765478,29.6403121,{'building': 'warehouse'}
812649092,way,Unknown,,,,,48.6789675,29.6398394,{'building': 'warehouse'}
812649094,way,Unknown,,,,,48.6790057,29.6406239,{'building': 'warehouse'}
812649095,way,Unknown,,,,,48.6791864,29.639417,{'building': 'warehouse'}
812649096,way,Unknown,,,,,48.6794804,29.6401814,{'building': 'warehouse'}
812649097,way,Unknown,,,,,48.6783473,29.6412013,{'building': 'warehouse'}
812649098,way,Unknown,,,,,48.6776402,29.6420818,{'building': 'warehouse'}
812649099,way,Unknown,,,,,48.6784414,29.6401207,{'building': 'warehouse'}
812828352,way,Склад №9,,,,,45.3293209,28.8313518,"{'building': 'warehouse', 'name': 'Склад №9', 'name:en': 'Warehouse 9', 'name:pt': 'Armazém 9', 'name:ru': 'Склад №9', 'name:uk': 'Склад №9', 'ref': '9'}"
812962708,way,Unknown,,,,,50.4810615,24.2891908,{'building': 'warehouse'}
812962709,way,Unknown,,,,,50.4810795,24.2893429,{'building': 'warehouse'}
812962710,way,Unknown,,,,,50.4809955,24.2887984,{'building': 'warehouse'}
813543475,way,Unknown,,,,,50.3954444,24.2271944,{'building': 'warehouse'}
814287508,way,Unknown,,,,,46.513655,30.7122984,{'building': 'warehouse'}
814929389,way,Unknown,,,,,46.1925335,29.1400243,"{'addr:housenumber': '186', 'addr:street': 'Красна вулиця', 'building': 'warehouse'}"
814929390,way,Unknown,,,,,46.1929283,29.140135,"{'addr:street': 'Красна вулиця', 'building': 'warehouse'}"
814929391,way,Unknown,,,,,46.1927009,29.1397956,"{'addr:housenumber': '188', 'addr:street': 'Красна вулиця', 'building': 'warehouse'}"
814929403,way,Unknown,,,,,46.1941769,29.1386862,"{'addr:street': 'Красна вулиця', 'building': 'warehouse'}"
814929404,way,Unknown,,,,,46.1943711,29.1386836,"{'addr:street': 'Красна вулиця', 'building': 'warehouse'}"
814929405,way,Unknown,,,,,46.1941726,29.1384131,"{'addr:street': 'Красна вулиця', 'building': 'warehouse'}"
815494379,way,Unknown,,,,,50.3721713,33.9872468,{'building': 'warehouse'}
815631445,way,Unknown,,,,,48.0453088,37.9832822,"{'building': 'warehouse', 'building:levels': '1'}"
815722053,way,Unknown,,,,,50.3777477,33.9763037,{'building': 'warehouse'}
815807711,way,Unknown,,,,,50.395595,24.1827743,{'building': 'warehouse'}
815807712,way,Unknown,,,,,50.3957282,24.1812712,{'building': 'warehouse'}
815807713,way,Unknown,,,,,50.3952575,24.1809784,{'building': 'warehouse'}
815807714,way,Unknown,,,,,50.3951252,24.1823403,{'building': 'warehouse'}
815807715,way,Unknown,,,,,50.3948347,24.1831866,{'building': 'warehouse'}
815807716,way,Unknown,,,,,50.3953107,24.1797695,{'building': 'warehouse'}
815809041,way,Unknown,,,,,50.3939927,24.1824603,{'building': 'warehouse'}
815809042,way,Unknown,,,,,50.3941312,24.1809744,{'building': 'warehouse'}
815809043,way,Unknown,,,,,50.3942577,24.1794911,{'building': 'warehouse'}
815809044,way,Unknown,,,,,50.3948119,24.1764748,{'building': 'warehouse'}
815809045,way,Unknown,,,,,50.3951121,24.1763931,{'building': 'warehouse'}
815809046,way,Unknown,,,,,50.3949949,24.1781748,{'building': 'warehouse'}
815809047,way,Unknown,,,,,50.3949504,24.1747719,{'building': 'warehouse'}
815810158,way,Unknown,,,,,50.3922523,24.2171942,{'building': 'warehouse'}
815810159,way,Unknown,,,,,50.3915529,24.2168495,{'building': 'warehouse'}
815810160,way,Unknown,,,,,50.391163,24.2174825,{'building': 'warehouse'}
815811514,way,Unknown,,,,,50.344536,24.2088255,{'building': 'warehouse'}
815821687,way,Unknown,,,,,50.3880142,33.9612573,{'building': 'warehouse'}
815821688,way,Unknown,,,,,50.387717,33.9616145,{'building': 'warehouse'}
815842775,way,Unknown,,,,,50.3894623,24.2222645,{'building': 'warehouse'}
815842777,way,Unknown,,,,,50.3891859,24.2221785,{'building': 'warehouse'}
815842778,way,Unknown,,,,,50.3888252,24.2216131,{'building': 'warehouse'}
815842779,way,Unknown,,,,,50.3886859,24.2220188,{'building': 'warehouse'}
815844377,way,Unknown,,,,,50.3925903,24.2152305,{'building': 'warehouse'}
815844378,way,Unknown,,,,,50.3924112,24.2143207,{'building': 'warehouse'}
815844380,way,Unknown,,,,,50.391009,24.2154829,{'building': 'warehouse'}
815844381,way,Unknown,,,,,50.391012,24.2158529,"{'addr:street': 'Промислова вулиця', 'building': 'warehouse'}"
817304331,way,Unknown,,,,,49.833379,34.5394297,{'building': 'warehouse'}
817304332,way,Unknown,,,,,49.8334935,34.5395135,{'building': 'warehouse'}
817310572,way,Unknown,,,,,49.0339586,33.2443134,{'building': 'warehouse'}
817310577,way,Unknown,,,,,49.0354504,33.2421813,{'building': 'warehouse'}
817310579,way,Unknown,,,,,49.0358128,33.2422406,{'building': 'warehouse'}
817664249,way,Unknown,,,,,49.0336392,33.249897,{'building': 'warehouse'}
818144590,way,Unknown,,,,,49.0419672,33.2576411,{'building': 'warehouse'}
818492834,way,Unknown,,,,,50.3649501,24.2178692,{'building': 'warehouse'}
818492837,way,Unknown,,,,,50.3649314,24.2170227,{'building': 'warehouse'}
818492839,way,Unknown,,,,,50.364655,24.2175022,{'building': 'warehouse'}
818492840,way,Unknown,,,,,50.363873,24.21835,{'building': 'warehouse'}
818757964,way,Unknown,,,,,46.1661898,29.1611414,{'building': 'warehouse'}
819142967,way,Unknown,,,,,50.8870603,34.7825482,"{'building': 'warehouse', 'building:levels': '1', 'height': '3'}"
819302513,way,Unknown,,,,,49.8154493,24.0626238,{'building': 'warehouse'}
819609030,way,Unknown,,,,,49.0486901,33.2531668,{'building': 'warehouse'}
819609032,way,Unknown,,,,,49.0483598,33.2543859,{'building': 'warehouse'}
819609038,way,Unknown,,,,,49.0474379,33.2531035,"{'addr:housenumber': '77', 'addr:street': 'Городоцька вулиця', 'building': 'warehouse'}"
819609060,way,Unknown,,,,,49.0522471,33.2589973,{'building': 'warehouse'}
819609062,way,Unknown,,,,,49.0504583,33.2592607,{'building': 'warehouse'}
819609063,way,Unknown,,,,,49.0512445,33.2593213,"{'addr:housenumber': '77', 'addr:street': 'Городоцька вулиця', 'building': 'warehouse'}"
819609064,way,Unknown,,,,,49.05101,33.2596137,{'building': 'warehouse'}
819609095,way,Unknown,,,,,49.0475708,33.2527028,"{'addr:housenumber': '23', 'building': 'warehouse'}"
819609154,way,Unknown,,,,,49.0434147,33.2494958,{'building': 'warehouse'}
819609155,way,Unknown,,,,,49.0440475,33.2496078,{'building': 'warehouse'}
819609156,way,Unknown,,,,,49.0441859,33.2488989,{'building': 'warehouse'}
819609157,way,Unknown,,,,,49.0438164,33.2492121,{'building': 'warehouse'}
819609169,way,Unknown,,,,,49.0424023,33.2489262,{'building': 'warehouse'}
819609170,way,Unknown,,,,,49.0425435,33.2482055,{'building': 'warehouse'}
819609171,way,Unknown,,,,,49.0425417,33.2483636,{'building': 'warehouse'}
820235940,way,Unknown,,,,,48.6685034,30.3523324,{'building': 'warehouse'}
820235941,way,Unknown,,,,,48.6686739,30.3530073,{'building': 'warehouse'}
820235942,way,Unknown,,,,,48.6681395,30.3541584,{'building': 'warehouse'}
820235943,way,Unknown,,,,,48.6678074,30.3537735,{'building': 'warehouse'}
820235944,way,Unknown,,,,,48.6676073,30.3534128,{'building': 'warehouse'}
820913829,way,Unknown,,,,,50.2557502,28.6721663,{'building': 'warehouse'}
821496359,way,Unknown,,,,,51.1257415,32.4341273,{'building': 'warehouse'}
822195262,way,Unknown,,,,,46.1894695,29.1513914,{'building': 'warehouse'}
822292868,way,Unknown,,,,,48.3944319,34.9994822,{'building': 'warehouse'}
822796739,way,Unknown,,,,,49.1135031,26.3268278,{'building': 'warehouse'}
822796740,way,Unknown,,,,,49.1136652,26.3252211,{'building': 'warehouse'}
822796741,way,Unknown,,,,,49.1134739,26.3243728,{'building': 'warehouse'}
822796742,way,Unknown,,,,,49.113236,26.3237003,{'building': 'warehouse'}
822796743,way,Unknown,,,,,49.1123502,26.3216537,{'building': 'warehouse'}
822796744,way,Unknown,,,,,49.1121781,26.3212975,{'building': 'warehouse'}
822796745,way,Unknown,,,,,49.1125762,26.3224724,{'building': 'warehouse'}
823308895,way,Unknown,,,,,50.2608866,28.6688232,"{'addr:housenumber': '40б', 'addr:street': 'вулиця Небесної Сотні', 'building': 'warehouse'}"
825456961,way,Unknown,,,,,49.2416839,25.8774034,{'building': 'warehouse'}
825891572,way,Unknown,,,,,47.50707,33.9207119,{'building': 'warehouse'}
825891573,way,Unknown,,,,,47.5074422,33.9208211,{'building': 'warehouse'}
825891576,way,Unknown,,,,,47.5078074,33.9195402,{'building': 'warehouse'}
825891580,way,Unknown,,,,,47.506416,33.9196431,{'building': 'warehouse'}
825944533,way,Unknown,,,,,48.7274545,32.6723857,{'building': 'warehouse'}
827348318,way,Unknown,,,,,50.8833496,34.7803464,{'building': 'warehouse'}
827888869,way,Unknown,,,,,47.4980141,33.9166173,{'building': 'warehouse'}
827888872,way,Unknown,,,,,47.4974146,33.9168433,{'building': 'warehouse'}
828148508,way,Unknown,,,,,50.4005867,30.4074836,{'building': 'warehouse'}
828148509,way,Unknown,,,,,50.400948,30.4073633,{'building': 'warehouse'}
829367809,way,Unknown,,,,,49.2936514,33.4476949,{'building': 'warehouse'}
829367810,way,Unknown,,,,,49.2938211,33.447249,{'building': 'warehouse'}
829367811,way,Unknown,,,,,49.2937314,33.4479659,{'building': 'warehouse'}
829367812,way,Unknown,,,,,49.2934507,33.4486015,{'building': 'warehouse'}
829367813,way,Unknown,,,,,49.2934848,33.4493404,{'building': 'warehouse'}
829367814,way,Unknown,,,,,49.2938924,33.4492882,{'building': 'warehouse'}
829367815,way,Unknown,,,,,49.2941591,33.4503275,{'building': 'warehouse'}
829367816,way,Unknown,,,,,49.2942877,33.4498735,{'building': 'warehouse'}
829367817,way,Unknown,,,,,49.2945527,33.4493967,{'building': 'warehouse'}
829367818,way,Unknown,,,,,49.2944564,33.4484482,{'building': 'warehouse'}
829367870,way,Unknown,,,,,49.2951475,33.4482002,{'building': 'warehouse'}
829624252,way,Unknown,,,,,49.3203597,33.4232345,{'building': 'warehouse'}
829624253,way,Unknown,,,,,49.320282,33.4238179,{'building': 'warehouse'}
829624254,way,Unknown,,,,,49.3204117,33.4226052,{'building': 'warehouse'}
829624255,way,Unknown,,,,,49.3201919,33.4223031,{'building': 'warehouse'}
829624256,way,Unknown,,,,,49.3208104,33.4222266,{'building': 'warehouse'}
829624257,way,Unknown,,,,,49.320559,33.4215729,{'building': 'warehouse'}
829624258,way,Unknown,,,,,49.3196341,33.4212537,{'building': 'warehouse'}
829624259,way,Unknown,,,,,49.3198022,33.4220215,{'building': 'warehouse'}
830007637,way,Unknown,,,,,49.4043961,33.2222754,{'building': 'warehouse'}
830007638,way,Unknown,,,,,49.4049268,33.221394,{'building': 'warehouse'}
830007639,way,Unknown,,,,,49.4044416,33.2214115,{'building': 'warehouse'}
830007640,way,Unknown,,,,,49.4048009,33.2208717,{'building': 'warehouse'}
830007643,way,Unknown,,,,,49.4054236,33.2201104,{'building': 'warehouse'}
830007646,way,Unknown,,,,,49.4064538,33.2179808,{'building': 'warehouse'}
830007647,way,Unknown,,,,,49.4065801,33.2175656,{'building': 'warehouse'}
830007648,way,Unknown,,,,,49.40689,33.2182673,{'building': 'warehouse'}
830058281,way,Unknown,,,,,49.3942277,33.2371542,{'building': 'warehouse'}
830058282,way,Unknown,,,,,49.3936359,33.2390499,{'building': 'warehouse'}
830080868,way,Unknown,,,,,49.3878701,33.2405885,{'building': 'warehouse'}
830080870,way,Unknown,,,,,49.3860024,33.2430085,{'building': 'warehouse'}
830080871,way,Unknown,,,,,49.3856718,33.2433262,{'building': 'warehouse'}
830271623,way,Unknown,,,,,49.3874358,33.2530299,{'building': 'warehouse'}
830271624,way,Unknown,,,,,49.3883496,33.2536524,{'building': 'warehouse'}
830271656,way,Unknown,,,,,49.3717071,33.3150685,{'building': 'warehouse'}
830271658,way,Unknown,,,,,49.3957928,33.2355323,{'building': 'warehouse'}
830271659,way,Unknown,,,,,49.3947161,33.2358376,{'building': 'warehouse'}
830271660,way,Unknown,,,,,49.3948848,33.2365576,{'building': 'warehouse'}
830271661,way,Unknown,,,,,49.3953382,33.2363901,{'building': 'warehouse'}
830271662,way,Unknown,,,,,49.3950956,33.2375401,{'building': 'warehouse'}
830271663,way,Unknown,,,,,49.3947006,33.238456,{'building': 'warehouse'}
830289116,way,Unknown,,,,,49.3946191,33.2286814,{'building': 'warehouse'}
830289117,way,Unknown,,,,,49.3941168,33.2267291,{'building': 'warehouse'}
830289118,way,Unknown,,,,,49.3936286,33.2247343,{'building': 'warehouse'}
830643993,way,Unknown,,,,,49.3935566,33.268443,{'building': 'warehouse'}
830643998,way,Unknown,,,,,49.3963262,33.2655304,{'building': 'warehouse'}
830643999,way,Unknown,,,,,49.396172,33.2657903,{'building': 'warehouse'}
830644000,way,Unknown,,,,,49.3959499,33.266124,{'building': 'warehouse'}
830644001,way,Unknown,,,,,49.3957705,33.2664645,{'building': 'warehouse'}
830644002,way,Unknown,,,,,49.3956127,33.2666718,{'building': 'warehouse'}
830644003,way,Unknown,,,,,49.3954749,33.2669274,{'building': 'warehouse'}
830644004,way,Unknown,,,,,49.3953372,33.2671699,{'building': 'warehouse'}
830644005,way,Unknown,,,,,49.3950926,33.2682592,{'building': 'warehouse'}
830644006,way,Unknown,,,,,49.3926945,33.2684147,{'building': 'warehouse'}
830644007,way,Unknown,,,,,49.392564,33.2681022,{'building': 'warehouse'}
830644009,way,Unknown,,,,,49.3922441,33.2678796,{'building': 'warehouse'}
830644010,way,Unknown,,,,,49.3920921,33.2671878,{'building': 'warehouse'}
830644012,way,Unknown,,,,,49.3945803,33.2693803,{'building': 'warehouse'}
830644013,way,Unknown,,,,,49.3943742,33.2691657,{'building': 'warehouse'}
830644014,way,Unknown,,,,,49.3941718,33.2689606,{'building': 'warehouse'}
830644015,way,Unknown,,,,,49.3939658,33.2687339,{'building': 'warehouse'}
830644016,way,Unknown,,,,,49.3937615,33.268523,{'building': 'warehouse'}
830644017,way,Unknown,,,,,49.3935762,33.2694594,{'building': 'warehouse'}
830974375,way,Unknown,,,,,50.4712619,28.2315364,"{'addr:street': 'вулиця Шевченка', 'building': 'warehouse', 'building:levels': '1'}"
830974376,way,Unknown,,,,,50.4715523,28.23085,"{'addr:street': 'вулиця Шевченка', 'building': 'warehouse', 'building:levels': '1'}"
831278727,way,Unknown,,,,,49.482482,33.5810362,{'building': 'warehouse'}
831278728,way,Unknown,,,,,49.4818834,33.5814406,{'building': 'warehouse'}
831278729,way,Unknown,,,,,49.4829115,33.5824489,{'building': 'warehouse'}
831278730,way,Unknown,,,,,49.4825965,33.5826962,{'building': 'warehouse'}
831278731,way,Unknown,,,,,49.4823138,33.582844,{'building': 'warehouse'}
831278732,way,Unknown,,,,,49.4820141,33.5830782,{'building': 'warehouse'}
831278784,way,Unknown,,,,,49.4632639,33.5465569,{'building': 'warehouse'}
831278792,way,Unknown,,,,,49.4766372,33.5450669,{'building': 'warehouse'}
831278793,way,Unknown,,,,,49.4770178,33.5445026,{'building': 'warehouse'}
831278794,way,Unknown,,,,,49.476295,33.5456244,{'building': 'warehouse'}
831278795,way,Unknown,,,,,49.4759316,33.5465665,{'building': 'warehouse'}
831337355,way,Unknown,,,,,49.4226987,33.1610173,{'building': 'warehouse'}
831337356,way,Unknown,,,,,49.423162,33.1610395,{'building': 'warehouse'}
831337357,way,Unknown,,,,,49.4234187,33.1617185,{'building': 'warehouse'}
831337358,way,Unknown,,,,,49.4226144,33.1616985,{'building': 'warehouse'}
831337359,way,Unknown,,,,,49.4224182,33.162976,{'building': 'warehouse'}
831337366,way,Unknown,,,,,49.4214238,33.1749531,{'building': 'warehouse'}
831337367,way,Unknown,,,,,49.4215567,33.1726508,{'building': 'warehouse'}
831337368,way,Unknown,,,,,49.4220282,33.1720215,{'building': 'warehouse'}
831337369,way,Unknown,,,,,49.4223844,33.1727649,{'building': 'warehouse'}
831725610,way,Unknown,,,,,49.7645345,24.0171389,{'building': 'warehouse'}
832330616,way,Unknown,,,,,49.4556732,33.2529031,{'building': 'warehouse'}
832330617,way,Unknown,,,,,49.4546285,33.2531101,{'building': 'warehouse'}
832330622,way,Unknown,,,,,49.4561175,33.2492781,{'building': 'warehouse'}
832330623,way,Unknown,,,,,49.4557471,33.2495077,{'building': 'warehouse'}
832330624,way,Unknown,,,,,49.4554476,33.249577,{'building': 'warehouse'}
832883068,way,Unknown,,,,,47.906902,34.3285592,{'building': 'warehouse'}
832899558,way,Unknown,,,,,47.9065374,34.3307135,{'building': 'warehouse'}
832899559,way,Unknown,,,,,47.9072881,34.3305677,{'building': 'warehouse'}
832903293,way,Unknown,,,,,47.2329721,33.190345,{'building': 'warehouse'}
832903294,way,Unknown,,,,,47.2330787,33.1909002,{'building': 'warehouse'}
832903295,way,Unknown,,,,,47.2334297,33.1908336,{'building': 'warehouse'}
833313097,way,Unknown,,,,,48.2943962,25.2682507,{'building': 'warehouse'}
833493419,way,Unknown,,,,,45.3719048,28.8178673,{'building': 'warehouse'}
833613091,way,Unknown,,,,,50.0954857,36.796438,{'building': 'warehouse'}
833613092,way,Unknown,,,,,50.09513,36.7970618,{'building': 'warehouse'}
833613093,way,Unknown,,,,,50.0949958,36.7970067,{'building': 'warehouse'}
833804982,way,Unknown,,,,,49.9465795,36.9643823,{'building': 'warehouse'}
833804983,way,Unknown,,,,,49.9469089,36.9646331,{'building': 'warehouse'}
833804984,way,Unknown,,,,,49.9470245,36.9643475,{'building': 'warehouse'}
833804985,way,Unknown,,,,,49.9471844,36.9639621,{'building': 'warehouse'}
834138406,way,Unknown,,,,,49.2667507,27.4446877,{'building': 'warehouse'}
834326173,way,Unknown,,,,,50.7024037,28.6410999,"{'building': 'warehouse', 'building:levels': '1', 'roof:shape': 'round'}"
834736079,way,Unknown,,,,,50.4701922,34.1523307,{'building': 'warehouse'}
834736080,way,Unknown,,,,,50.470073,34.1528551,{'building': 'warehouse'}
834736085,way,Unknown,,,,,50.4696804,34.1541036,{'building': 'warehouse'}
834736086,way,Unknown,,,,,50.4693291,34.1537194,{'building': 'warehouse'}
834736087,way,Unknown,,,,,50.468721,34.1530817,{'building': 'warehouse'}
834736088,way,Unknown,,,,,50.4684475,34.1527589,{'building': 'warehouse'}
834736089,way,Unknown,,,,,50.4690163,34.1533626,{'building': 'warehouse'}
834783045,way,Unknown,,,,,50.3980497,34.0100509,{'building': 'warehouse'}
834783046,way,Unknown,,,,,50.3978628,34.0097358,{'building': 'warehouse'}
835037008,way,Unknown,,,,,50.4195513,33.9876424,{'building': 'warehouse'}
835037009,way,Unknown,,,,,50.4199811,33.9876383,{'building': 'warehouse'}
835037010,way,Unknown,,,,,50.4203716,33.9875887,{'building': 'warehouse'}
835037011,way,Unknown,,,,,50.4207236,33.9875847,{'building': 'warehouse'}
835037012,way,Unknown,,,,,50.4211132,33.9875378,{'building': 'warehouse'}
835037013,way,Unknown,,,,,50.4214567,33.9875418,{'building': 'warehouse'}
835037014,way,Unknown,,,,,50.4218045,33.9875284,{'building': 'warehouse'}
835037017,way,Unknown,,,,,50.4195641,33.9857836,{'building': 'warehouse'}
835037018,way,Unknown,,,,,50.4199734,33.9857805,{'building': 'warehouse'}
835037019,way,Unknown,,,,,50.4203733,33.9858064,{'building': 'warehouse'}
835037020,way,Unknown,,,,,50.4207168,33.9857983,{'building': 'warehouse'}
835037021,way,Unknown,,,,,50.4211005,33.9858091,{'building': 'warehouse'}
835037022,way,Unknown,,,,,50.421449,33.985805,{'building': 'warehouse'}
835037024,way,Unknown,,,,,50.4195359,33.9842615,{'building': 'warehouse'}
835037025,way,Unknown,,,,,50.4199605,33.9842387,{'building': 'warehouse'}
835037026,way,Unknown,,,,,50.4203648,33.9842239,{'building': 'warehouse'}
835037027,way,Unknown,,,,,50.4207168,33.9842293,{'building': 'warehouse'}
835037028,way,Unknown,,,,,50.4210509,33.9843245,{'building': 'warehouse'}
835037032,way,Unknown,,,,,50.4200419,33.9802293,{'building': 'warehouse'}
835037033,way,Unknown,,,,,50.4202699,33.9808041,{'building': 'warehouse'}
835037034,way,Unknown,,,,,50.4202563,33.9817563,{'building': 'warehouse'}
835037037,way,Unknown,,,,,50.4179362,33.9825032,{'building': 'warehouse'}
835037038,way,Unknown,,,,,50.4182054,33.9824952,{'building': 'warehouse'}
835037039,way,Unknown,,,,,50.4184891,33.9824912,{'building': 'warehouse'}
835037040,way,Unknown,,,,,50.4187608,33.9825019,{'building': 'warehouse'}
835037041,way,Unknown,,,,,50.4190984,33.9824899,{'building': 'warehouse'}
835037042,way,Unknown,,,,,50.419365,33.9824871,{'building': 'warehouse'}
835037043,way,Unknown,,,,,50.4196188,33.9824912,{'building': 'warehouse'}
835037044,way,Unknown,,,,,50.4199016,33.9824913,{'building': 'warehouse'}
835271710,way,Unknown,,,,,47.4797646,36.2565304,{'building': 'warehouse'}
835343094,way,Unknown,,,,,47.4849968,36.2329372,{'building': 'warehouse'}
835350906,way,Unknown,,,,,47.4766945,36.2414898,{'building': 'warehouse'}
835353805,way,Unknown,,,,,47.476241,36.2412123,{'building': 'warehouse'}
835433833,way,Unknown,,,,,50.4014277,34.0612498,{'building': 'warehouse'}
835433837,way,Unknown,,,,,50.4068396,34.0677094,{'building': 'warehouse'}
835433838,way,Unknown,,,,,50.4072021,34.0661654,{'building': 'warehouse'}
835433839,way,Unknown,,,,,50.4046247,34.0683763,{'building': 'warehouse'}
835433840,way,Unknown,,,,,50.4045199,34.0671578,{'building': 'warehouse'}
835433841,way,Unknown,,,,,50.4041687,34.0648282,{'building': 'warehouse'}
835433842,way,Unknown,,,,,50.4039545,34.0645577,{'building': 'warehouse'}
835446263,way,Unknown,,,,,50.4519568,34.2118929,{'building': 'warehouse'}
835469497,way,Unknown,,,,,47.57622,36.1067312,{'building': 'warehouse'}
835493887,way,Unknown,,,,,48.290946,25.2592231,{'building': 'warehouse'}
835538629,way,Unknown,,,,,47.4887097,36.2229739,"{'building': 'warehouse', 'building:levels': '1', 'building:material': 'metal'}"
835593094,way,Unknown,,,,,48.2939904,25.2703525,{'building': 'warehouse'}
835759902,way,Unknown,,,,,47.5764399,36.112057,{'building': 'warehouse'}
835759903,way,Unknown,,,,,47.5761114,36.1104056,{'building': 'warehouse'}
835759904,way,Unknown,,,,,47.5763539,36.1104019,{'building': 'warehouse'}
835781067,way,Unknown,,,,,47.4873129,36.2647209,{'building': 'warehouse'}
835810221,way,Unknown,,,,,47.4862117,36.1994958,{'building': 'warehouse'}
835810222,way,Unknown,,,,,47.4866078,36.1987946,{'building': 'warehouse'}
835813951,way,Unknown,,,,,47.4869283,36.199309,{'building': 'warehouse'}
835987458,way,Unknown,,,,,49.4843441,33.714501,{'building': 'warehouse'}
835987459,way,Unknown,,,,,49.484604,33.7133391,{'building': 'warehouse'}
835987460,way,Unknown,,,,,49.4848124,33.7136601,{'building': 'warehouse'}
835987461,way,Unknown,,,,,49.4851577,33.7128968,{'building': 'warehouse'}
836022260,way,С/г склади,,,,,47.4869347,36.2361602,"{'building': 'warehouse', 'name': 'С/г склади', 'name:uk': 'С/г склади'}"
836892507,way,Unknown,,,,,48.7384674,32.5099933,{'building': 'warehouse'}
836892508,way,Unknown,,,,,48.7382066,32.5115586,{'building': 'warehouse'}
836892509,way,Unknown,,,,,48.7391655,32.5135243,{'building': 'warehouse'}
837053735,way,Unknown,,,,,50.2403127,34.482,{'building': 'warehouse'}
837132215,way,Unknown,,,,,50.4455124,34.06952,{'building': 'warehouse'}
837132216,way,Unknown,,,,,50.4450887,34.0696842,{'building': 'warehouse'}
837132217,way,Unknown,,,,,50.4466362,34.0653676,{'building': 'warehouse'}
837132218,way,Unknown,,,,,50.4459491,34.0653971,{'building': 'warehouse'}
837132219,way,Unknown,,,,,50.4452868,34.0657708,{'building': 'warehouse'}
837132220,way,Unknown,,,,,50.4446011,34.0660829,{'building': 'warehouse'}
837733052,way,Unknown,,,,,47.95832,37.8737106,"{'addr:street': 'Рогачівська вулиця', 'building': 'warehouse'}"
837733053,way,Unknown,,,,,47.9579264,37.8728106,"{'addr:housenumber': '1д', 'addr:street': 'Рогачівська вулиця', 'building': 'warehouse'}"
837733055,way,Unknown,,,,,47.9565625,37.8720223,{'building': 'warehouse'}
837733056,way,Unknown,,,,,47.956744,37.8721388,"{'addr:housenumber': '1м', 'addr:street': 'Баумана вулиця', 'building': 'warehouse'}"
837733057,way,Unknown,,,,,47.9569111,37.872262,"{'addr:housenumber': '1л', 'addr:street': 'Баумана вулиця', 'building': 'warehouse'}"
837733058,way,Unknown,,,,,47.9571092,37.8723852,{'building': 'warehouse'}
837733065,way,Unknown,,,,,47.9577149,37.8709499,{'building': 'warehouse'}
837733066,way,Unknown,,,,,47.9570739,37.8703588,{'building': 'warehouse'}
837733067,way,Unknown,,,,,47.9563256,37.8699287,{'building': 'warehouse'}
837733070,way,Unknown,,,,,47.9577782,37.8689986,{'building': 'warehouse'}
837733071,way,Unknown,,,,,47.9582547,37.8703057,"{'addr:housenumber': '5(б)', 'addr:street': 'Баумана вулиця', 'building': 'warehouse'}"
837733072,way,Unknown,,,,,47.9576631,37.8699007,"{'addr:housenumber': '1г', 'addr:street': 'Баумана вулиця', 'building': 'warehouse'}"
837733073,way,Unknown,,,,,47.9568272,37.870872,{'building': 'warehouse'}
837733074,way,Unknown,,,,,47.9574883,37.8722574,{'building': 'warehouse'}
842380738,way,Unknown,,,,,48.9395924,26.9140228,{'building': 'warehouse'}
842380739,way,Unknown,,,,,48.9390944,26.9145228,{'building': 'warehouse'}
842380740,way,Unknown,,,,,48.9391165,26.914736,{'building': 'warehouse'}
842380741,way,Unknown,,,,,48.9391736,26.9150597,{'building': 'warehouse'}
842380742,way,Unknown,,,,,48.9392464,26.9158112,{'building': 'warehouse'}
842380743,way,Unknown,,,,,48.939643,26.916338,{'building': 'warehouse'}
842380744,way,Unknown,,,,,48.9399462,26.9158397,{'building': 'warehouse'}
842380745,way,Unknown,,,,,48.9401437,26.9149811,{'building': 'warehouse'}
842380746,way,Unknown,,,,,48.9398625,26.9147667,{'building': 'warehouse'}
842380747,way,Unknown,,,,,48.9397642,26.9153865,{'building': 'warehouse'}
842380748,way,Unknown,,,,,48.9397918,26.915585,{'building': 'warehouse'}
842380752,way,Unknown,,,,,48.9406422,26.9128659,{'building': 'warehouse'}
842380753,way,Unknown,,,,,48.9411474,26.9136365,{'building': 'warehouse'}
842380754,way,Unknown,,,,,48.9389171,26.9132312,{'building': 'warehouse'}
843249633,way,Unknown,,,,,48.6619876,31.6171529,{'building': 'warehouse'}
843249634,way,Unknown,,,,,48.6624858,31.6169773,{'building': 'warehouse'}
843249635,way,Unknown,,,,,48.6627436,31.6168673,{'building': 'warehouse'}
843249636,way,Unknown,,,,,48.6629571,31.6167949,{'building': 'warehouse'}
843249637,way,Unknown,,,,,48.6632154,31.6166979,{'building': 'warehouse'}
843836539,way,Unknown,,,,,49.8832537,36.2578417,{'building': 'warehouse'}
843836540,way,Unknown,,,,,49.8834087,36.2579455,{'building': 'warehouse'}
843836541,way,Unknown,,,,,49.8835425,36.2580794,{'building': 'warehouse'}
843836542,way,Unknown,,,,,49.883691,36.2582278,{'building': 'warehouse'}
844989806,way,Unknown,,,,,49.9368737,32.865284,{'building': 'warehouse'}
844989807,way,Unknown,,,,,49.9368674,32.8655496,{'building': 'warehouse'}
844989808,way,Unknown,,,,,49.9366689,32.8657025,{'building': 'warehouse'}
844989809,way,Unknown,,,,,49.9365017,32.8658293,{'building': 'warehouse'}
845820288,way,Unknown,,,,,50.317012,26.7311663,{'building': 'warehouse'}
845977593,way,Unknown,,,,,48.3857334,35.0295768,{'building': 'warehouse'}
845977594,way,Unknown,,,,,48.3858295,35.0298954,{'building': 'warehouse'}
845977595,way,Unknown,,,,,48.3853757,35.0295517,{'building': 'warehouse'}
846104601,way,Склад прекурсорів,,,,,50.9417623,34.7882059,"{'building': 'warehouse', 'name': 'Склад прекурсорів', 'name:uk': 'Склад прекурсорів'}"
846917582,way,Unknown,,,,,50.3603237,26.7053816,"{'building': 'warehouse', 'building:levels': '1'}"
847224534,way,Unknown,,,,,45.3373366,28.8257262,{'building': 'warehouse'}
847224536,way,Unknown,,,,,45.3374565,28.8256977,{'building': 'warehouse'}
847430780,way,Unknown,,,,,49.4168937,33.1959717,{'building': 'warehouse'}
847907333,way,Unknown,,,,,46.4828988,30.683771,{'building': 'warehouse'}
848573424,way,Unknown,,,,,50.7534101,25.2984685,{'building': 'warehouse'}
849741772,way,Unknown,,,,,49.88573,28.6177864,{'building': 'warehouse'}
851418862,way,Unknown,,,,,49.5700606,34.7100679,{'building': 'warehouse'}
851900900,way,Unknown,,,,,50.4806318,26.0515365,{'building': 'warehouse'}
852002888,way,Unknown,,,,,51.0754813,34.5800394,"{'building': 'warehouse', 'roof:shape': 'gabled'}"
852002925,way,Unknown,,,,,51.0745268,34.5708863,{'building': 'warehouse'}
852034459,way,Unknown,,,,,50.4026197,26.652904,{'building': 'warehouse'}
852630091,way,Unknown,,,,,49.7495327,23.6894476,{'building': 'warehouse'}
857113626,way,Unknown,,,,,49.0395376,26.587582,{'building': 'warehouse'}
857334385,way,Unknown,,,,,50.3939638,33.3884924,{'building': 'warehouse'}
857458998,way,Unknown,,,,,50.4026638,33.3869472,{'building': 'warehouse'}
857459004,way,Unknown,,,,,50.4019837,33.3776903,{'building': 'warehouse'}
857459005,way,Unknown,,,,,50.4018179,33.378054,{'building': 'warehouse'}
857459022,way,Unknown,,,,,50.4032072,33.375695,{'building': 'warehouse'}
857459023,way,Unknown,,,,,50.4034329,33.3750498,{'building': 'warehouse'}
857459024,way,Unknown,,,,,50.403674,33.3745289,{'building': 'warehouse'}
857459025,way,Unknown,,,,,50.4037554,33.3736826,{'building': 'warehouse'}
857570453,way,Unknown,,,,,50.3966988,33.3808861,{'building': 'warehouse'}
857603074,way,Unknown,,,,,49.9434524,36.2230298,{'building': 'warehouse'}
857735562,way,Unknown,,,,,50.2456461,33.3291843,{'building': 'warehouse'}
857735563,way,Unknown,,,,,50.2453513,33.3296515,{'building': 'warehouse'}
857868916,way,Unknown,,,,,50.2458698,33.3326683,{'building': 'warehouse'}
857868917,way,Unknown,,,,,50.2458032,33.3331206,{'building': 'warehouse'}
858442925,way,Unknown,,,,,49.5767299,33.8417075,{'building': 'warehouse'}
859608116,way,Unknown,,,,,49.5914396,34.4879694,{'building': 'warehouse'}
859608117,way,Unknown,,,,,49.5912991,34.4871049,{'building': 'warehouse'}
859608118,way,Unknown,,,,,49.5911929,34.4867402,{'building': 'warehouse'}
859608119,way,Unknown,,,,,49.5910845,34.4883033,{'building': 'warehouse'}
859608120,way,Unknown,,,,,49.59088,34.4885376,{'building': 'warehouse'}
859669251,way,Unknown,,,,,46.7527531,29.9950255,{'building': 'warehouse'}
859669252,way,Unknown,,,,,46.7527573,29.9944599,{'building': 'warehouse'}
859994957,way,Unknown,,,,,48.580868,37.6195252,{'building': 'warehouse'}
860104974,way,Unknown,,,,,50.2737863,28.7037892,{'building': 'warehouse'}
860104975,way,Unknown,,,,,50.2736891,28.7036102,{'building': 'warehouse'}
860104976,way,Unknown,,,,,50.2740646,28.7040563,{'building': 'warehouse'}
860104977,way,Unknown,,,,,50.2739395,28.7042117,{'building': 'warehouse'}
860104978,way,Unknown,,,,,50.2742338,28.7033784,{'building': 'warehouse'}
860104979,way,Unknown,,,,,50.2743122,28.7035927,{'building': 'warehouse'}
860104981,way,Unknown,,,,,50.2739527,28.7033134,"{'addr:housenumber': '4', 'addr:postcode': '10007', 'addr:street': 'вулиця Якова Зайка', 'building': 'warehouse'}"
861058355,way,Unknown,,,,,50.2728765,32.9083459,{'building': 'warehouse'}
861058356,way,Unknown,,,,,50.2723683,32.9078313,{'building': 'warehouse'}
861058357,way,Unknown,,,,,50.2719841,32.9088998,{'building': 'warehouse'}
861058362,way,Unknown,,,,,50.2750573,32.903936,{'building': 'warehouse'}
861058363,way,Unknown,,,,,50.2747658,32.9042914,{'building': 'warehouse'}
861058364,way,Unknown,,,,,50.2744415,32.9046898,{'building': 'warehouse'}
861058373,way,Unknown,,,,,50.2761603,32.9061529,{'building': 'warehouse'}
861058374,way,Unknown,,,,,50.2755849,32.9069123,{'building': 'warehouse'}
861058375,way,Unknown,,,,,50.2759115,32.9064861,{'building': 'warehouse'}
861058376,way,Unknown,,,,,50.2750856,32.9075617,{'building': 'warehouse'}
861058377,way,Unknown,,,,,50.2748136,32.9078957,{'building': 'warehouse'}
861058378,way,Unknown,,,,,50.2742784,32.9085745,{'building': 'warehouse'}
861058379,way,Unknown,,,,,50.2737606,32.9091813,{'building': 'warehouse'}
861058380,way,Unknown,,,,,50.2733949,32.9097551,{'building': 'warehouse'}
861058381,way,Unknown,,,,,50.2731715,32.9102248,{'building': 'warehouse'}
861091872,way,Unknown,,,,,50.2504914,29.7730239,{'building': 'warehouse'}
861340184,way,Unknown,,,,,49.8734823,24.0710619,{'building': 'warehouse'}
862493493,way,Склад,,,,,50.3889129,30.5664653,"{'addr:housenumber': '3Г', 'addr:street': 'Промислова вулиця', 'building': 'warehouse', 'name': 'Склад', 'name:uk': 'Склад', 'shop': 'storage_rental'}"
862493970,way,Unknown,,,,,50.3980033,30.3203154,"{'addr:housenumber': '144', 'addr:street': 'Соборна вулиця', 'building': 'warehouse'}"
863122390,way,Unknown,,,,,49.0987966,32.5443476,{'building': 'warehouse'}
863122391,way,Unknown,,,,,49.098515,32.5437656,{'building': 'warehouse'}
863122392,way,Unknown,,,,,49.0980581,32.5444976,{'building': 'warehouse'}
863122393,way,Unknown,,,,,49.097745,32.5440888,{'building': 'warehouse'}
863122394,way,Unknown,,,,,49.0986417,32.5427717,{'building': 'warehouse'}
863122395,way,Unknown,,,,,49.0971628,32.543843,{'building': 'warehouse'}
865674009,way,Unknown,,,,,50.2803859,28.7146829,{'building': 'warehouse'}
865674011,way,Unknown,,,,,50.2806376,28.7143615,"{'addr:housenumber': '43/1', 'addr:street': 'Київське шосе', 'building': 'warehouse'}"
865742730,way,Unknown,,,,,50.4472177,26.8963919,{'building': 'warehouse'}
866463350,way,Unknown,,,,,50.37286,30.3719445,"{'addr:housenumber': '8-Б', 'addr:street': 'вулиця Балукова', 'building': 'warehouse'}"
868100727,way,Unknown,,,,,50.2834826,28.7119567,{'building': 'warehouse'}
868833238,way,Unknown,,,,,50.4722443,30.634264,{'building': 'warehouse'}
868852693,way,Unknown,,,,,48.6230106,27.6310663,{'building': 'warehouse'}
870767990,way,Unknown,,,,,48.4138205,35.1126968,"{'building': 'warehouse', 'building:levels': '1', 'height': '5', 'roof:shape': 'flat'}"
870966831,way,Unknown,,,,,50.366826,30.2283465,"{'addr:housenumber': '159', 'addr:street': 'Володимирська вулиця', 'building': 'warehouse', 'building:levels': '1'}"
870966832,way,Unknown,,,,,50.3669609,30.2290608,{'building': 'warehouse'}
870966833,way,Unknown,,,,,50.3664852,30.2290333,{'building': 'warehouse'}
870966834,way,Unknown,,,,,50.3668248,30.2287603,{'building': 'warehouse'}
870966835,way,Unknown,,,,,50.3665124,30.2295797,{'building': 'warehouse'}
872307947,way,Unknown,,,,,50.4682694,24.2482296,"{'addr:unit': '3', 'building': 'warehouse'}"
872307948,way,Unknown,,,,,50.4685033,24.2476147,"{'addr:unit': '2', 'building': 'warehouse'}"
872307949,way,Unknown,,,,,50.469132,24.2477677,"{'addr:unit': '1', 'building': 'warehouse'}"
872815540,way,Unknown,,,,,45.4647446,28.2458156,{'building': 'warehouse'}
873206488,way,Unknown,,,,,50.333932,26.7384692,{'building': 'warehouse'}
874004828,way,Unknown,,,,,45.6046339,29.1635269,{'building': 'warehouse'}
874006413,way,Unknown,,,,,45.6072793,29.1682328,{'building': 'warehouse'}
874055979,way,Unknown,,,,,50.8956642,30.8660699,{'building': 'warehouse'}
874055981,way,Адміністрація,,,,,50.89558,30.8649272,"{'building': 'warehouse', 'name': 'Адміністрація', 'name:uk': 'Адміністрація'}"
874055982,way,Unknown,,,,,50.8947748,30.8661811,{'building': 'warehouse'}
874055983,way,Unknown,,,,,50.8947019,30.8655063,{'building': 'warehouse'}
874055984,way,Unknown,,,,,50.8946541,30.8650864,{'building': 'warehouse'}
874055985,way,Unknown,,,,,50.8944961,30.8652157,{'building': 'warehouse'}
874055986,way,Unknown,,,,,50.8942061,30.8652085,{'building': 'warehouse'}
874055987,way,Unknown,,,,,50.8941933,30.8660308,{'building': 'warehouse'}
874055988,way,Unknown,,,,,50.8942553,30.8656667,{'building': 'warehouse'}
874055989,way,Unknown,,,,,50.8944654,30.8662226,{'building': 'warehouse'}
874847471,way,Unknown,,,,,50.129568,26.8045196,{'building': 'warehouse'}
874847473,way,Unknown,,,,,50.1299016,26.8039783,{'building': 'warehouse'}
880349237,way,Unknown,,,,,49.5507764,22.8008447,{'building': 'warehouse'}
880537337,way,Unknown,,,,,50.2181087,30.3103445,{'building': 'warehouse'}
881362414,way,Unknown,,,,,49.0583188,34.0778836,{'building': 'warehouse'}
881362415,way,Unknown,,,,,49.0579825,34.0782193,{'building': 'warehouse'}
881362416,way,Unknown,,,,,49.0576751,34.0784955,{'building': 'warehouse'}
881362417,way,Unknown,,,,,49.057304,34.0790487,{'building': 'warehouse'}
881362418,way,Unknown,,,,,49.0568466,34.0792182,{'building': 'warehouse'}
881362419,way,Unknown,,,,,49.0584944,34.0793752,{'building': 'warehouse'}
881362420,way,Unknown,,,,,49.0580339,34.0793646,{'building': 'warehouse'}
881362421,way,Unknown,,,,,49.0578819,34.079996,{'building': 'warehouse'}
881843821,way,Unknown,,,,,49.8215074,32.9821241,{'building': 'warehouse'}
881861160,way,Unknown,,,,,50.4827833,28.7921203,{'building': 'warehouse'}
881906162,way,Unknown,,,,,48.9041855,24.7191823,"{'building': 'warehouse', 'building:levels': '1'}"
881951938,way,Unknown,,,,,50.4726969,28.8225091,{'building': 'warehouse'}
882764938,way,Unknown,,,,,49.4039244,27.0129005,{'building': 'warehouse'}
882764939,way,Unknown,,,,,49.404055,27.0121414,{'building': 'warehouse'}
883449996,way,Unknown,,,,,49.3779912,24.1593424,{'building': 'warehouse'}
883816770,way,Unknown,,,,,47.7643774,37.2203463,{'building': 'warehouse'}
883816772,way,Unknown,,,,,47.7639262,37.2226695,{'building': 'warehouse'}
883816777,way,Unknown,,,,,47.7636723,37.2197536,{'building': 'warehouse'}
883816778,way,Unknown,,,,,47.7647262,37.2227867,"{'addr:city': 'Павлівка', 'addr:housenumber': '58', 'addr:street': 'Набережна вулиця', 'building': 'warehouse', 'building:levels': '1', 'roof:shape': 'gabled', 'source:addr': 'kadastr'}"
884170758,way,Unknown,,,,,50.1113029,26.8221115,{'building': 'warehouse'}
884170759,way,Unknown,,,,,50.1112674,26.8214221,{'building': 'warehouse'}
884369460,way,Unknown,,,,,50.1094131,26.8363528,{'building': 'warehouse'}
884369461,way,Unknown,,,,,50.1090974,26.8363844,{'building': 'warehouse'}
884369462,way,Unknown,,,,,50.1088537,26.8337016,{'building': 'warehouse'}
884369463,way,Unknown,,,,,50.1090289,26.8349158,{'building': 'warehouse'}
884369464,way,Unknown,,,,,50.1093551,26.8346116,{'building': 'warehouse'}
884369465,way,Unknown,,,,,50.1100752,26.835761,{'building': 'warehouse'}
884369466,way,Unknown,,,,,50.1099539,26.8361668,{'building': 'warehouse'}
884369467,way,Unknown,,,,,50.1098155,26.836531,{'building': 'warehouse'}
884369468,way,Unknown,,,,,50.1095734,26.8367022,{'building': 'warehouse'}
884369469,way,Unknown,,,,,50.1094637,26.83724,{'building': 'warehouse'}
884369470,way,Unknown,,,,,50.1088788,26.8372896,{'building': 'warehouse'}
884369471,way,Unknown,,,,,50.1087863,26.8364628,{'building': 'warehouse'}
884369472,way,Unknown,,,,,50.1086444,26.8352799,{'building': 'warehouse'}
884369473,way,Unknown,,,,,50.1083727,26.8338166,{'building': 'warehouse'}
884372114,way,Unknown,,,,,50.1092679,26.8385377,{'building': 'warehouse'}
884372115,way,Unknown,,,,,50.1095665,26.838459,{'building': 'warehouse'}
884429014,way,Unknown,,,,,50.104784,26.8273846,{'building': 'warehouse'}
884429015,way,Unknown,,,,,50.1050558,26.8272318,{'building': 'warehouse'}
884429016,way,Unknown,,,,,50.1051797,26.8278283,{'building': 'warehouse'}
884429017,way,Unknown,,,,,50.1049699,26.8279734,{'building': 'warehouse'}
884429018,way,Unknown,,,,,50.1053115,26.8283116,{'building': 'warehouse'}
884429020,way,Unknown,,,,,50.1051935,26.8289862,{'building': 'warehouse'}
884452999,way,Unknown,,,,,50.1027449,26.8267517,{'building': 'warehouse'}
885410309,way,Unknown,,,,,47.572558,34.4531601,{'building': 'warehouse'}
885704628,way,Unknown,,,,,48.4616295,34.975662,"{'building': 'warehouse', 'building:levels': '1'}"
885842076,way,Unknown,,,,,47.5650842,34.4063719,{'building': 'warehouse'}
886377709,way,Unknown,,,,,50.0864526,26.8199669,{'building': 'warehouse'}
886377712,way,Unknown,,,,,50.086681,26.8191919,{'building': 'warehouse'}
886377713,way,Unknown,,,,,50.0865306,26.8186582,{'building': 'warehouse'}
886377714,way,Unknown,,,,,50.0865115,26.8181222,{'building': 'warehouse'}
886377715,way,Unknown,,,,,50.0864899,26.8175962,{'building': 'warehouse'}
886377717,way,Unknown,,,,,50.0866998,26.8165797,{'building': 'warehouse'}
886377718,way,Unknown,,,,,50.0866911,26.8160494,{'building': 'warehouse'}
886700784,way,Unknown,,,,,48.3581605,34.4897532,"{'building': 'warehouse', 'building:levels': '1', 'description': 'Склад сипучих матеріалів', 'description:ru': 'Склад для сыпучих материалов', 'description:uk': 'Склад сипучих матеріалів', 'height': '5'}"
887910265,way,Unknown,,,,,50.0815447,26.7129488,{'building': 'warehouse'}
888077209,way,Unknown,,,,,50.0388429,33.9951365,{'building': 'warehouse'}
888077210,way,Unknown,,,,,50.0390367,33.9943667,{'building': 'warehouse'}
888077211,way,Unknown,,,,,50.0392469,33.9936344,{'building': 'warehouse'}
888077212,way,Unknown,,,,,50.039625,33.9921592,{'building': 'warehouse'}
888077213,way,Unknown,,,,,50.0398206,33.9913908,{'building': 'warehouse'}
888077214,way,Unknown,,,,,50.0384535,33.9898578,{'building': 'warehouse'}
888077215,way,Unknown,,,,,50.0381125,33.99011,{'building': 'warehouse'}
888077216,way,Unknown,,,,,50.0380263,33.9904869,{'building': 'warehouse'}
888077217,way,Unknown,,,,,50.0388628,33.9907779,{'building': 'warehouse'}
888077218,way,Unknown,,,,,50.0386586,33.9915262,{'building': 'warehouse'}
888077219,way,Unknown,,,,,50.0382822,33.9930243,{'building': 'warehouse'}
888077220,way,Unknown,,,,,50.0384226,33.9943948,{'building': 'warehouse'}
888077221,way,Unknown,,,,,50.0388179,33.9929156,{'building': 'warehouse'}
888077222,way,Unknown,,,,,50.0392184,33.991439,{'building': 'warehouse'}
888077223,way,Unknown,,,,,50.0397843,33.9935432,{'building': 'warehouse'}
888077224,way,Unknown,,,,,50.0401789,33.9920615,{'building': 'warehouse'}
888244715,way,Unknown,,,,,49.5697026,33.1563641,{'building': 'warehouse'}
888244729,way,Unknown,,,,,49.5708347,33.1504576,{'building': 'warehouse'}
888244730,way,Unknown,,,,,49.5713899,33.1505952,{'building': 'warehouse'}
888244732,way,Unknown,,,,,49.5673381,33.1541795,{'building': 'warehouse'}
888244733,way,Unknown,,,,,49.5675569,33.154215,{'building': 'warehouse'}
888244734,way,Unknown,,,,,49.5680324,33.1533666,{'building': 'warehouse'}
888244735,way,Unknown,,,,,49.5682779,33.1525535,{'building': 'warehouse'}
888244736,way,Unknown,,,,,49.5686949,33.1511258,{'building': 'warehouse'}
888244737,way,Unknown,,,,,49.5691338,33.1498463,{'building': 'warehouse'}
888244738,way,Unknown,,,,,49.5694702,33.148714,{'building': 'warehouse'}
888606742,way,Unknown,,,,,48.3818514,29.9084631,{'building': 'warehouse'}
888606743,way,Unknown,,,,,48.3815235,29.908811,{'building': 'warehouse'}
888606746,way,Unknown,,,,,48.3825813,29.9079809,{'building': 'warehouse'}
888606747,way,Unknown,,,,,48.383196,29.9091289,{'building': 'warehouse'}
888606748,way,Unknown,,,,,48.3834973,29.9091438,{'building': 'warehouse'}
888606749,way,Unknown,,,,,48.3831541,29.9095434,{'building': 'warehouse'}
888606750,way,Unknown,,,,,48.3829936,29.9097886,{'building': 'warehouse'}
888606751,way,Unknown,,,,,48.3828147,29.910104,{'building': 'warehouse'}
888606752,way,Unknown,,,,,48.3832429,29.9107427,{'building': 'warehouse'}
888606753,way,Unknown,,,,,48.3825405,29.9104945,{'building': 'warehouse'}
888606755,way,Unknown,,,,,48.3832289,29.9154174,{'building': 'warehouse'}
888606756,way,Unknown,,,,,48.3831559,29.9158238,{'building': 'warehouse'}
888606757,way,Unknown,,,,,48.3828084,29.9163685,{'building': 'warehouse'}
889530525,way,Unknown,,,,,50.3123705,26.5306098,{'building': 'warehouse'}
889581316,way,Unknown,,,,,48.3193301,30.4303492,{'building': 'warehouse'}
889581317,way,Unknown,,,,,48.31903,30.4311577,{'building': 'warehouse'}
889581318,way,Unknown,,,,,48.319026,30.4322315,{'building': 'warehouse'}
889581335,way,Unknown,,,,,48.3260482,30.4576849,{'building': 'warehouse'}
889581336,way,Unknown,,,,,48.3254131,30.4567401,{'building': 'warehouse'}
889581337,way,Unknown,,,,,48.326392,30.460347,{'building': 'warehouse'}
889581338,way,Unknown,,,,,48.3257107,30.4599532,{'building': 'warehouse'}
889581339,way,Unknown,,,,,48.326139,30.4593013,{'building': 'warehouse'}
889581340,way,Unknown,,,,,48.3268183,30.45943,{'building': 'warehouse'}
889581341,way,Unknown,,,,,48.3272737,30.4571834,{'building': 'warehouse'}
889581342,way,Unknown,,,,,48.327904,30.4589913,{'building': 'warehouse'}
889581343,way,Unknown,,,,,48.3284629,30.4589147,{'building': 'warehouse'}
889581344,way,Unknown,,,,,48.3288804,30.4588002,{'building': 'warehouse'}
889581345,way,Unknown,,,,,48.328151,30.4570479,{'building': 'warehouse'}
889581346,way,Unknown,,,,,48.3286417,30.4569451,{'building': 'warehouse'}
889894978,way,Unknown,,,,,48.4941809,32.2693423,{'building': 'warehouse'}
890182771,way,Unknown,,,,,50.202402,34.4567261,{'building': 'warehouse'}
890182776,way,Unknown,,,,,50.2030792,34.4559299,{'building': 'warehouse'}
890182777,way,Unknown,,,,,50.2028208,34.4557664,{'building': 'warehouse'}
890182778,way,Unknown,,,,,50.2026378,34.4558406,{'building': 'warehouse'}
890182779,way,Unknown,,,,,50.202519,34.4557116,{'building': 'warehouse'}
890182780,way,Unknown,,,,,50.2022082,34.45577,{'building': 'warehouse'}
890182781,way,Unknown,,,,,50.2017886,34.4557021,{'building': 'warehouse'}
890182782,way,Unknown,,,,,50.2014332,34.4557701,{'building': 'warehouse'}
890182783,way,Unknown,,,,,50.2013766,34.4576007,{'building': 'warehouse'}
890182784,way,Unknown,,,,,50.2017824,34.4576294,{'building': 'warehouse'}
890182785,way,Unknown,,,,,50.2021055,34.4576633,{'building': 'warehouse'}
890182786,way,Unknown,,,,,50.2024505,34.4576816,{'building': 'warehouse'}
890984026,way,Unknown,,,,,50.3237176,26.5248329,{'building': 'warehouse'}
891004122,way,Unknown,,,,,49.8385997,23.9054175,{'building': 'warehouse'}
891449056,way,Unknown,,,,,50.3282198,26.5265796,{'building': 'warehouse'}
891975797,way,Unknown,,,,,44.5015587,34.1515794,{'building': 'warehouse'}
892485221,way,Пакгауз,,,,,48.2983741,25.2519462,"{'building': 'warehouse', 'building:colour': '#e09191', 'building:levels': '1', 'building:material': 'plaster', 'name': 'Пакгауз', 'name:uk': 'Пакгауз', 'roof:colour': 'gray', 'roof:material': 'eternit', 'roof:orientation': 'along', 'roof:shape': 'gabled'}"
892870516,way,Unknown,,,,,50.5235378,26.2534602,"{'building': 'warehouse', 'building:levels': '1', 'height': '3'}"
892943147,way,Unknown,,,,,50.3300713,26.493961,{'building': 'warehouse'}
892943148,way,Unknown,,,,,50.3303721,26.4943505,{'building': 'warehouse'}
892943149,way,Unknown,,,,,50.3309476,26.4942399,{'building': 'warehouse'}
893280923,way,Склад,,,,,46.5590005,34.1384933,"{'building': 'warehouse', 'name': 'Склад', 'name:uk': 'Склад'}"
893796753,way,Склад залізничників,,,,,47.0214392,30.0995372,"{'building': 'warehouse', 'name': 'Склад залізничників', 'name:uk': 'Склад залізничників'}"
895273047,way,Unknown,,,,,46.5822111,34.844916,{'building': 'warehouse'}
897281331,way,Unknown,,,,,49.2439577,25.8766212,{'building': 'warehouse'}
897281341,way,Unknown,,,,,49.2432915,25.8779054,{'building': 'warehouse'}
898485411,way,Unknown,,,,,46.3892979,30.6774954,"{'addr:housenumber': '16', 'addr:street': 'Будівельна вулиця', 'building': 'warehouse', 'building:levels': '3'}"
900283157,way,Unknown,,,,,49.9289779,34.0956229,{'building': 'warehouse'}
902141598,way,Unknown,,,,,48.2994405,25.2651263,{'building': 'warehouse'}
902141599,way,Unknown,,,,,48.2991585,25.2652355,{'building': 'warehouse'}
902141600,way,Unknown,,,,,48.2994611,25.265515,{'building': 'warehouse'}
905398883,way,Unknown,,,,,51.1144243,31.2965089,{'building': 'warehouse'}
905398884,way,Unknown,,,,,51.1142878,31.2963425,{'building': 'warehouse'}
905398885,way,Unknown,,,,,51.1141276,31.2960984,{'building': 'warehouse'}
905534994,way,Dry Storage Used Nuclear Fuel,,,,,47.5147654,34.594349,"{'barrier': 'wall', 'building': 'warehouse', 'height': '6', 'industrial': 'depot', 'material': 'concrete', 'name': 'Dry Storage Used Nuclear Fuel', 'name:uk': 'Dry Storage Used Nuclear Fuel', 'wall': 'concrete'}"
906587863,way,Unknown,,,,,51.1210938,32.8028217,{'building': 'warehouse'}
906587864,way,Unknown,,,,,51.1212245,32.8022589,{'building': 'warehouse'}
906587865,way,Unknown,,,,,51.1217886,32.8000662,{'building': 'warehouse'}
906587866,way,Unknown,,,,,51.1216168,32.8005395,{'building': 'warehouse'}
906587867,way,Unknown,,,,,51.1215368,32.801247,{'building': 'warehouse'}
906587868,way,Unknown,,,,,51.1211134,32.8025097,{'building': 'warehouse'}
908110929,way,Unknown,,,,,50.4343284,26.4961368,"{'building': 'warehouse', 'building:levels': '1'}"
908110930,way,Unknown,,,,,50.4345794,26.495496,"{'building': 'warehouse', 'building:levels': '1'}"
908110931,way,Unknown,,,,,50.4346941,26.4956944,"{'building': 'warehouse', 'building:levels': '1'}"
908110932,way,Unknown,,,,,50.4342527,26.4968609,"{'building': 'warehouse', 'building:levels': '1'}"
908110940,way,Unknown,,,,,50.4358433,26.4894359,"{'building': 'warehouse', 'building:levels': '1'}"
908127041,way,Unknown,,,,,50.4374582,26.488503,"{'building': 'warehouse', 'building:levels': '1'}"
908127042,way,Unknown,,,,,50.4374327,26.4881576,"{'building': 'warehouse', 'building:levels': '1'}"
908127043,way,Unknown,,,,,50.4379194,26.4869857,"{'building': 'warehouse', 'building:levels': '1'}"
908127044,way,Unknown,,,,,50.4377549,26.4865646,"{'building': 'warehouse', 'building:levels': '1'}"
908127046,way,Unknown,,,,,50.4375974,26.4871916,"{'building': 'warehouse', 'building:levels': '1'}"
908127047,way,Unknown,,,,,50.4374047,26.4868816,"{'building': 'warehouse', 'building:levels': '1'}"
908127048,way,Unknown,,,,,50.4371409,26.4865836,"{'building': 'warehouse', 'building:levels': '1'}"
908996173,way,Unknown,,,,,50.4386552,26.4923512,"{'building': 'warehouse', 'building:levels': '1'}"
909240824,way,Unknown,,,,,50.3638404,24.2163652,{'building': 'warehouse'}
909376854,way,Unknown,,,,,48.2888589,25.9510314,{'building': 'warehouse'}
911502090,way,Unknown,,,,,51.6765587,31.0720343,{'building': 'warehouse'}
911502091,way,Unknown,,,,,51.6772586,31.0715691,{'building': 'warehouse'}
911502092,way,Unknown,,,,,51.6752273,31.0694071,{'building': 'warehouse'}
911502093,way,Unknown,,,,,51.6754194,31.0678708,{'building': 'warehouse'}
911502094,way,Unknown,,,,,51.675802,31.0675416,{'building': 'warehouse'}
911502095,way,Unknown,,,,,51.6766211,31.0671003,{'building': 'warehouse'}
911502096,way,Unknown,,,,,51.6758686,31.0655172,{'building': 'warehouse'}
911502097,way,Unknown,,,,,51.6763648,31.065406,{'building': 'warehouse'}
911715842,way,Unknown,,,,,51.9567876,31.5183232,{'building': 'warehouse'}
911715843,way,Unknown,,,,,51.9564533,31.5174164,{'building': 'warehouse'}
911715844,way,Unknown,,,,,51.957365,31.5168853,{'building': 'warehouse'}
911715845,way,Unknown,,,,,51.9570115,31.5166493,{'building': 'warehouse'}
911715846,way,Unknown,,,,,51.9571787,31.5160271,{'building': 'warehouse'}
912793410,way,Unknown,,,,,50.1610068,33.5872564,{'building': 'warehouse'}
912793411,way,Unknown,,,,,50.1608545,33.5875528,{'building': 'warehouse'}
912793412,way,Unknown,,,,,50.1615276,33.5882461,{'building': 'warehouse'}
912793413,way,Unknown,,,,,50.1609858,33.5882511,{'building': 'warehouse'}
914148085,way,Unknown,,,,,51.4458448,32.0623621,{'building': 'warehouse'}
914340244,way,Unknown,,,,,50.5097427,31.7820348,{'building': 'warehouse'}
915139164,way,Unknown,,,,,50.3072286,26.6384052,"{'building': 'warehouse', 'height': '10'}"
915139165,way,Unknown,,,,,50.3075734,26.6370262,"{'building': 'warehouse', 'height': '10'}"
915139166,way,Unknown,,,,,50.3078989,26.6357204,"{'building': 'warehouse', 'height': '10'}"
915139167,way,Unknown,,,,,50.3082167,26.6344407,"{'building': 'warehouse', 'height': '10'}"
915139168,way,Unknown,,,,,50.3085075,26.6332885,"{'building': 'warehouse', 'height': '10'}"
915139170,way,Unknown,,,,,50.3080123,26.6312737,"{'building': 'warehouse', 'height': '10'}"
915139171,way,Unknown,,,,,50.3083141,26.6309588,"{'building': 'warehouse', 'height': '10'}"
916212193,way,Unknown,,,,,48.264959,25.9382223,{'building': 'warehouse'}
916557950,way,Unknown,,,,,51.807054,32.0401988,{'building': 'warehouse'}
916557951,way,Unknown,,,,,51.8067044,32.0412672,{'building': 'warehouse'}
916834266,way,Unknown,,,,,50.2799143,30.6989651,{'building': 'warehouse'}
916899564,way,Unknown,,,,,51.8815367,31.8552539,{'building': 'warehouse'}
916899585,way,Unknown,,,,,51.8753368,31.8487033,{'building': 'warehouse'}
916899586,way,Unknown,,,,,51.8756092,31.847927,{'building': 'warehouse'}
916899587,way,Unknown,,,,,51.8761212,31.8445879,{'building': 'warehouse'}
916899588,way,Unknown,,,,,51.8754229,31.8469579,{'building': 'warehouse'}
916899589,way,Unknown,,,,,51.8753434,31.8464665,{'building': 'warehouse'}
916899590,way,Unknown,,,,,51.8752399,31.8459373,{'building': 'warehouse'}
916899591,way,Unknown,,,,,51.8750987,31.8453312,{'building': 'warehouse'}
916899593,way,Unknown,,,,,51.8741061,31.8458207,{'building': 'warehouse'}
917327424,way,Unknown,,,,,50.6313165,32.8749442,{'building': 'warehouse'}
917327425,way,Unknown,,,,,50.6301599,32.8752189,{'building': 'warehouse'}
917327429,way,Unknown,,,,,50.6302299,32.8726731,{'building': 'warehouse'}
917327430,way,Unknown,,,,,50.6296394,32.8727566,{'building': 'warehouse'}
917746448,way,Unknown,,,,,50.5334326,32.3546071,{'building': 'warehouse'}
917746449,way,Unknown,,,,,50.5331717,32.3550891,{'building': 'warehouse'}
917746450,way,Unknown,,,,,50.533457,32.3552845,{'building': 'warehouse'}
917746458,way,Unknown,,,,,50.5341827,32.352436,{'building': 'warehouse'}
917746459,way,Unknown,,,,,50.534256,32.3515472,{'building': 'warehouse'}
917746460,way,Unknown,,,,,50.5342969,32.3511408,{'building': 'warehouse'}
917746461,way,Unknown,,,,,50.5343634,32.3504511,{'building': 'warehouse'}
918774243,way,Unknown,,,,,50.8202884,31.9835877,{'building': 'warehouse'}
919759780,way,Unknown,,,,,49.2936223,23.9658413,"{'building': 'warehouse', 'building:levels': '1'}"
919759781,way,Unknown,,,,,49.2937785,23.9662493,"{'building': 'warehouse', 'building:levels': '1'}"
920029723,way,Unknown,,,,,50.3926118,24.214992,{'building': 'warehouse'}
920208476,way,Unknown,,,,,50.3537131,24.2209463,{'building': 'warehouse'}
920208477,way,Unknown,,,,,50.3533423,24.2212321,{'building': 'warehouse'}
920630631,way,Unknown,,,,,50.3814337,30.3383668,"{'building': 'warehouse', 'roof:shape': 'round'}"
920981482,way,Unknown,,,,,50.6011806,32.0173066,{'building': 'warehouse'}
920981483,way,Unknown,,,,,50.6008448,32.0178068,{'building': 'warehouse'}
920981484,way,Unknown,,,,,50.6001545,32.0176609,{'building': 'warehouse'}
920990749,way,Unknown,,,,,49.6044698,34.55112,"{'building': 'warehouse', 'building:levels': '1', 'disused': 'yes'}"
921427927,way,Unknown,,,,,51.4479928,31.0629474,{'building': 'warehouse'}
921834927,way,Unknown,,,,,51.8328971,31.5936402,{'building': 'warehouse'}
921834928,way,Unknown,,,,,51.8329294,31.5922477,{'building': 'warehouse'}
922513088,way,Unknown,,,,,51.6807642,31.0518192,{'building': 'warehouse'}
922513089,way,Unknown,,,,,51.6802181,31.0500354,{'building': 'warehouse'}
922513090,way,Unknown,,,,,51.6800624,31.0496,{'building': 'warehouse'}
922513094,way,Unknown,,,,,51.6797362,31.0519646,{'building': 'warehouse'}
922513095,way,Unknown,,,,,51.6796516,31.0513826,{'building': 'warehouse'}
922513097,way,Unknown,,,,,51.6792277,31.0509715,{'building': 'warehouse'}
922513098,way,Unknown,,,,,51.6793881,31.050949,{'building': 'warehouse'}
922513099,way,Unknown,,,,,51.6788733,31.0529538,{'building': 'warehouse'}
922513100,way,Unknown,,,,,51.6784037,31.0516557,{'building': 'warehouse'}
922513101,way,Unknown,,,,,51.6786865,31.0489486,{'building': 'warehouse'}
922513102,way,Unknown,,,,,51.6795641,31.0485274,{'building': 'warehouse'}
922688639,way,Unknown,,,,,47.5895901,31.3160004,"{'addr:housenumber': '177', 'addr:postcode': '56500', 'addr:street': 'вулиця Соборності', 'building': 'warehouse'}"
923271779,way,Unknown,,,,,51.7872409,31.89689,{'building': 'warehouse'}
923271780,way,Unknown,,,,,51.7879315,31.8964846,{'building': 'warehouse'}
923271781,way,Unknown,,,,,51.7883659,31.8961369,{'building': 'warehouse'}
923271782,way,Unknown,,,,,51.7887184,31.8957606,{'building': 'warehouse'}
924460635,way,Unknown,,,,,46.4051338,30.6987868,{'building': 'warehouse'}
924460636,way,Unknown,,,,,46.4056495,30.6982102,{'building': 'warehouse'}
924709793,way,Unknown,,,,,48.2631823,37.1927184,{'building': 'warehouse'}
926301813,way,Unknown,,,,,50.6266801,30.4436014,{'building': 'warehouse'}
928822177,way,Unknown,,,,,51.0967638,31.8776625,{'building': 'warehouse'}
930161472,way,Склад тмц,,,,,49.9718546,28.3071487,"{'building': 'warehouse', 'building:levels': '1', 'name': 'Склад тмц', 'name:uk': 'Склад тмц'}"
932105246,way,Unknown,,,,,50.546958,30.2175507,"{'building': 'warehouse', 'building:levels': '1'}"
932510567,way,Unknown,,,,,46.6802218,32.6814081,{'building': 'warehouse'}
932651008,way,Unknown,,,,,49.3870455,24.1341734,{'building': 'warehouse'}
932651020,way,Unknown,,,,,49.3859473,24.1335923,{'building': 'warehouse'}
934340423,way,Unknown,,,,,49.4375557,32.0811386,"{'building': 'warehouse', 'building:levels': '2'}"
934911086,way,Unknown,,,,,46.6906089,33.2899974,{'building': 'warehouse'}
934911087,way,Unknown,,,,,46.6901888,33.2901576,{'building': 'warehouse'}
935521926,way,Unknown,,,,,50.5434417,30.6007673,"{'addr:housenumber': '62', 'addr:street': 'Погребський шлях', 'building': 'warehouse', 'building:levels': '2'}"
935525691,way,Unknown,,,,,50.5408761,30.598556,"{'building': 'warehouse', 'roof:shape': 'hipped'}"
935525692,way,Unknown,,,,,50.5405018,30.5980663,"{'building': 'warehouse', 'building:levels': '1', 'roof:shape': 'hipped'}"
935556192,way,Погреб.,,,,,47.9310752,38.1963486,"{'building': 'warehouse', 'building:levels': '0', 'name': 'Погреб.', 'name:uk': 'Погреб.'}"
935613340,way,Склади мешканців багатоквартирних будинків,,,,,47.9132,38.2087515,"{'building': 'warehouse', 'building:levels': '1', 'name': 'Склади мешканців багатоквартирних будинків', 'name:uk': 'Склади мешканців багатоквартирних будинків'}"
936504858,way,Unknown,,,,,49.5406298,25.6274158,{'building': 'warehouse'}
937535222,way,Unknown,,,,,52.1872099,32.9186536,{'building': 'warehouse'}
937535223,way,Unknown,,,,,52.1873258,32.9178189,{'building': 'warehouse'}
941357952,way,Unknown,,,,,50.5911857,30.9035829,{'building': 'warehouse'}
944203155,way,Unknown,,,,,49.708528,28.8256141,{'building': 'warehouse'}
944203183,way,Unknown,,,,,49.7194618,28.8184323,{'building': 'warehouse'}
944560252,way,Unknown,,,,,50.7330886,30.2428856,{'building': 'warehouse'}
945069609,way,Unknown,,,,,46.6289015,31.5662164,{'building': 'warehouse'}
945751300,way,Unknown,,,,,48.1574887,23.032208,{'building': 'warehouse'}
946061405,way,Unknown,,,,,46.6155184,31.529866,{'building': 'warehouse'}
946061406,way,Unknown,,,,,46.6156223,31.5296262,{'building': 'warehouse'}
946061407,way,Unknown,,,,,46.6156738,31.5294318,{'building': 'warehouse'}
946061409,way,Unknown,,,,,46.6144996,31.5293614,{'building': 'warehouse'}
948501419,way,Unknown,,,,,49.604622,34.550838,{'building': 'warehouse'}
951915044,way,Unknown,,,,,49.9441238,29.4564547,{'building': 'warehouse'}
951945203,way,Unknown,,,,,48.5991532,37.9926938,{'building': 'warehouse'}
952444296,way,Unknown,,,,,50.0630983,29.3570524,{'building': 'warehouse'}
952444297,way,Unknown,,,,,50.0627187,29.35718,{'building': 'warehouse'}
952444298,way,Unknown,,,,,50.0622958,29.357318,{'building': 'warehouse'}
952444307,way,Unknown,,,,,50.0619979,29.3543128,{'building': 'warehouse'}
952444308,way,Unknown,,,,,50.0614552,29.3545491,{'building': 'warehouse'}
957363281,way,Unknown,,,,,50.3765285,30.5495618,{'building': 'warehouse'}
957363333,way,Unknown,,,,,50.3703411,30.5482726,{'building': 'warehouse'}
961249529,way,Unknown,,,,,49.4358344,32.0900003,"{'building': 'warehouse', 'building:levels': '2'}"
962006265,way,Unknown,,,,,48.3669023,32.9494447,{'building': 'warehouse'}
962255737,way,Unknown,,,,,50.7696624,30.6655137,"{'addr:housenumber': '2-В', 'addr:street': 'Молодіжна вулиця', 'building': 'warehouse', 'source:addr': 'ДЗК'}"
963019858,way,Unknown,,,,,49.430441,26.9355385,{'building': 'warehouse'}
963883028,way,Unknown,,,,,46.7418324,31.2524588,{'building': 'warehouse'}
963891446,way,Unknown,,,,,50.5832976,30.5450805,{'building': 'warehouse'}
963891449,way,Unknown,,,,,50.5834936,30.5451043,{'building': 'warehouse'}
963891450,way,Unknown,,,,,50.5836343,30.545129,{'building': 'warehouse'}
963891451,way,Unknown,,,,,50.5827427,30.5444502,{'building': 'warehouse'}
965634041,way,Unknown,,,,,49.4825838,31.9716218,"{'building': 'warehouse', 'building:levels': '1', 'roof:shape': 'flat'}"
966992079,way,Unknown,,,,,48.4182746,22.6905104,"{'addr:city': 'Павшино', 'addr:housenumber': '23', 'addr:postcode': '89627', 'addr:street': 'вулиця Шевченка', 'building': 'warehouse'}"
971590340,way,Unknown,,,,,48.8591176,33.39485,{'building': 'warehouse'}
971590341,way,Unknown,,,,,48.8592649,33.3941916,{'building': 'warehouse'}
971590342,way,Unknown,,,,,48.8598711,33.3941581,{'building': 'warehouse'}
971590343,way,Unknown,,,,,48.8600591,33.3938268,{'building': 'warehouse'}
971590344,way,Unknown,,,,,48.8591837,33.3927445,{'building': 'warehouse'}
971590345,way,Unknown,,,,,48.8596285,33.3931348,{'building': 'warehouse'}
971590346,way,Unknown,,,,,48.8596235,33.3921135,{'building': 'warehouse'}
971590348,way,Unknown,,,,,48.8559402,33.3940602,{'building': 'warehouse'}
971590349,way,Unknown,,,,,48.8558345,33.3936415,{'building': 'warehouse'}
971590352,way,Unknown,,,,,48.8636324,33.3920332,{'building': 'warehouse'}
973018611,way,Unknown,,,,,50.4715081,30.6354398,{'building': 'warehouse'}
975339894,way,Unknown,,,,,47.4338264,33.9383031,{'building': 'warehouse'}
975339895,way,Unknown,,,,,47.4335796,33.9375972,{'building': 'warehouse'}
977136290,way,Unknown,,,,,46.9084487,32.0397982,{'building': 'warehouse'}
977150683,way,Unknown,,,,,48.6531076,30.7682765,{'building': 'warehouse'}
977150685,way,Unknown,,,,,48.6536085,30.7674571,{'building': 'warehouse'}
977150686,way,Unknown,,,,,48.6533477,30.7673061,{'building': 'warehouse'}
977150687,way,Unknown,,,,,48.6533291,30.766122,{'building': 'warehouse'}
977631565,way,Комбікорма,,,,,47.7530996,37.2264544,"{'building': 'warehouse', 'name': 'Комбікорма', 'name:ru': 'Комбикорма', 'name:uk': 'Комбікорма', 'opening_hours': 'Mo-Sa 08:00-12:00,13:00-17:00; Su off', 'payment:cards': 'no', 'payment:cash': 'yes', 'shop': 'agrarian'}"
978201885,way,Unknown,,,,,47.7642512,37.2203222,{'building': 'warehouse'}
978201887,way,Unknown,,,,,47.7637079,37.2226294,{'building': 'warehouse'}
978208532,way,Unknown,,,,,47.7456871,37.2203289,"{'building': 'warehouse', 'building:levels': '1', 'roof:shape': 'flat'}"
978534446,way,Unknown,,,,,45.7679149,29.4874983,{'building': 'warehouse'}
978534451,way,Unknown,,,,,45.7670998,29.4896247,{'building': 'warehouse'}
978534476,way,Unknown,,,,,45.7680889,29.4881241,{'building': 'warehouse'}
978534485,way,Unknown,,,,,45.7672317,29.4884451,{'building': 'warehouse'}
978534486,way,Unknown,,,,,45.7670332,29.487522,{'building': 'warehouse'}
981643525,way,Unknown,,,,,49.0244416,24.4601989,{'building': 'warehouse'}
981643526,way,Unknown,,,,,49.0242547,24.4598397,{'building': 'warehouse'}
983186343,way,Unknown,,,,,48.5935121,37.9870949,"{'building': 'warehouse', 'layer': '1'}"
983714353,way,Unknown,,,,,50.7343143,24.6507935,"{'building': 'warehouse', 'building:levels': '1', 'building:material': 'metal'}"
985632798,way,Unknown,,,,,50.7400685,24.6411726,"{'addr:housenumber': '34', 'building': 'warehouse'}"
985806378,way,Unknown,,,,,48.0519911,33.8844002,"{'building': 'warehouse', 'building:levels': '2'}"
987200520,way,Unknown,,,,,48.3432969,28.7647374,{'building': 'warehouse'}
987200527,way,Unknown,,,,,48.3430081,28.7636037,{'building': 'warehouse'}
987200529,way,Unknown,,,,,48.3429303,28.7634253,{'building': 'warehouse'}
987200542,way,Unknown,,,,,48.3435418,28.7660944,{'building': 'warehouse'}
987200546,way,Unknown,,,,,48.3442974,28.7645575,{'building': 'warehouse'}
987200553,way,Unknown,,,,,48.3420319,28.764425,{'building': 'warehouse'}
987200554,way,Unknown,,,,,48.3419184,28.7639343,{'building': 'warehouse'}
987200557,way,Unknown,,,,,48.3418483,28.763672,{'building': 'warehouse'}
987200560,way,Unknown,,,,,48.3413845,28.7639789,{'building': 'warehouse'}
987200563,way,Unknown,,,,,48.3415635,28.7633851,{'building': 'warehouse'}
987200569,way,Unknown,,,,,48.3412402,28.762783,{'building': 'warehouse'}
988620518,way,Unknown,,,,,45.7467243,33.768681,"{'building': 'warehouse', 'building:levels': '2'}"
988620524,way,Unknown,,,,,45.7479082,33.7724257,{'building': 'warehouse'}
988620525,way,Unknown,,,,,45.7478584,33.7727437,{'building': 'warehouse'}
988620527,way,Unknown,,,,,45.7477667,33.7729599,{'building': 'warehouse'}
988620530,way,Unknown,,,,,45.7480096,33.7738739,"{'building': 'warehouse', 'building:levels': '2'}"
988620531,way,Unknown,,,,,45.7479718,33.7733943,"{'building': 'warehouse', 'building:levels': '2'}"
988620532,way,Unknown,,,,,45.7478359,33.7738052,"{'building': 'warehouse', 'building:levels': '2'}"
988620533,way,Unknown,,,,,45.7479036,33.7733696,"{'building': 'warehouse', 'building:levels': '2'}"
988620534,way,Unknown,,,,,45.747727,33.7733551,{'building': 'warehouse'}
988620536,way,Unknown,,,,,45.7472044,33.7731498,{'building': 'warehouse'}
988620537,way,Unknown,,,,,45.7471603,33.7731647,{'building': 'warehouse'}
988620538,way,Unknown,,,,,45.7471128,33.7731562,{'building': 'warehouse'}
988620539,way,Unknown,,,,,45.7470769,33.7731449,{'building': 'warehouse'}
988620542,way,Unknown,,,,,45.7466469,33.7768161,"{'building': 'warehouse', 'building:levels': '2'}"
988620544,way,Unknown,,,,,45.7475848,33.7701304,{'building': 'warehouse'}
988620549,way,Unknown,,,,,45.7466352,33.7699365,{'building': 'warehouse'}
988620550,way,Unknown,,,,,45.7465818,33.7699576,{'building': 'warehouse'}
988620551,way,Unknown,,,,,45.7465253,33.769791,{'building': 'warehouse'}
988620559,way,Unknown,,,,,45.7461562,33.768563,{'building': 'warehouse'}
988620562,way,Unknown,,,,,45.7449378,33.7683628,{'building': 'warehouse'}
988620568,way,Unknown,,,,,45.7424122,33.7701427,{'building': 'warehouse'}
989875186,way,Unknown,,,,,50.1909062,30.3176966,{'building': 'warehouse'}
991081545,way,Unknown,,,,,49.9839652,36.2597999,{'building': 'warehouse'}
991755622,way,Unknown,,,,,48.418926,35.1743728,{'building': 'warehouse'}
992644630,way,Unknown,,,,,49.4321511,32.0926645,{'building': 'warehouse'}
993975997,way,Unknown,,,,,49.6211578,33.548026,{'building': 'warehouse'}
993975998,way,Unknown,,,,,49.6210255,33.5483757,{'building': 'warehouse'}
993975999,way,Unknown,,,,,49.6207148,33.5494865,{'building': 'warehouse'}
995520872,way,Unknown,,,,,46.8319914,36.2493565,{'building': 'warehouse'}
995520887,way,Unknown,,,,,46.829539,36.2457407,{'building': 'warehouse'}
995520890,way,Unknown,,,,,46.8292252,36.2454061,{'building': 'warehouse'}
995520892,way,Unknown,,,,,46.8292969,36.2467691,{'building': 'warehouse'}
995520897,way,Unknown,,,,,46.8279391,36.2457698,{'building': 'warehouse'}
995520903,way,Unknown,,,,,46.8277884,36.2434541,{'building': 'warehouse'}
995520906,way,Unknown,,,,,46.8263738,36.2428067,{'building': 'warehouse'}
995520909,way,Unknown,,,,,46.8272324,36.2426166,{'building': 'warehouse'}
995520915,way,Unknown,,,,,46.826779,36.240667,{'building': 'warehouse'}
995520916,way,Unknown,,,,,46.8270226,36.2410448,{'building': 'warehouse'}
995520920,way,Unknown,,,,,46.8281071,36.2411575,{'building': 'warehouse'}
995520922,way,Unknown,,,,,46.8290665,36.2408445,{'building': 'warehouse'}
995520924,way,Unknown,,,,,46.8286957,36.2420481,{'building': 'warehouse'}
995520926,way,Unknown,,,,,46.8286433,36.2416961,{'building': 'warehouse'}
995520937,way,Unknown,,,,,46.8248241,36.2372855,{'building': 'warehouse'}
995520947,way,Unknown,,,,,46.8233385,36.2335487,{'building': 'warehouse'}
997504266,way,Unknown,,,,,49.4373785,32.0833016,{'building': 'warehouse'}
997949368,way,Unknown,,,,,48.4087389,35.0354346,{'building': 'warehouse'}
998128695,way,Unknown,,,,,48.511184,35.0802706,{'building': 'warehouse'}
998128696,way,Unknown,,,,,48.5116232,35.0804208,{'building': 'warehouse'}
998693927,way,Unknown,,,,,49.4412995,32.0773723,"{'building': 'warehouse', 'building:levels': '2'}"
1001080198,way,Unknown,,,,,50.6036326,30.4521858,{'building': 'warehouse'}
1001211608,way,Unknown,,,,,47.752982,37.2262999,{'building': 'warehouse'}
1001211615,way,Unknown,,,,,47.75364,37.221527,"{'addr:housenumber': '57б', 'addr:street': 'Центральна вулиця', 'building': 'warehouse', 'source:addr': 'kadastr'}"
1002110466,way,Unknown,,,,,47.7556344,37.2183529,"{'building': 'warehouse', 'building:levels': '1', 'roof:shape': 'flat'}"
1002247115,way,Unknown,,,,,50.5811473,30.7840164,{'building': 'warehouse'}
1002776197,way,Unknown,,,,,50.386391,30.3165094,{'building': 'warehouse'}
1002776198,way,Unknown,,,,,50.3861961,30.3169952,{'building': 'warehouse'}
1002776199,way,Unknown,,,,,50.3858329,30.3166834,{'building': 'warehouse'}
1002974555,way,Загальний ринковий склад,,,,,48.6325188,38.648993,"{'building': 'warehouse', 'name': 'Загальний ринковий склад', 'name:uk': 'Загальний ринковий склад'}"
1006467572,way,Unknown,,,,,49.1477758,33.7337767,{'building': 'warehouse'}
1006467573,way,Unknown,,,,,49.1476493,33.7345488,{'building': 'warehouse'}
1007108960,way,Unknown,,,,,45.7021072,34.3740819,{'building': 'warehouse'}
1007108961,way,Unknown,,,,,45.7017343,34.3731281,{'building': 'warehouse'}
1007108962,way,Unknown,,,,,45.7010355,34.3723023,{'building': 'warehouse'}
1009135379,way,Unknown,,,,,49.70303,28.8249895,{'building': 'warehouse'}
1011836778,way,Unknown,,,,,45.550821,28.6583301,"{'building': 'warehouse', 'disused': 'yes'}"
1013072822,way,Unknown,,,,,47.7955389,35.1702188,{'building': 'warehouse'}
1013072823,way,Unknown,,,,,47.7949931,35.1698914,{'building': 'warehouse'}
1013072824,way,Unknown,,,,,47.7943891,35.1698892,{'building': 'warehouse'}
1013072834,way,Unknown,,,,,47.795127,35.1725251,{'building': 'warehouse'}
1013072853,way,Unknown,,,,,47.7914279,35.1731307,{'building': 'warehouse'}
1013072858,way,Unknown,,,,,47.7905367,35.1738827,{'building': 'warehouse'}
1013203479,way,Unknown,,,,,49.7199077,28.8180091,{'building': 'warehouse'}
1013593084,way,Unknown,,,,,49.7228982,28.8119562,{'building': 'warehouse'}
1013593085,way,Unknown,,,,,49.722822,28.812356,{'building': 'warehouse'}
1013593100,way,Unknown,,,,,49.7227478,28.8128112,{'building': 'warehouse'}
1013593105,way,Unknown,,,,,49.7230973,28.8109243,{'building': 'warehouse'}
1013593135,way,Unknown,,,,,49.7223944,28.809978,{'building': 'warehouse'}
1014315162,way,Афина,,,,,46.6246927,32.5533293,"{'addr:housenumber': '14', 'addr:street': 'Домбудівельна вулиця', 'building': 'warehouse', 'name': 'Афина', 'name:en': 'Afyna', 'name:uk': 'Афина'}"
1015292933,way,Unknown,,,,,50.7286879,24.6384831,"{'building': 'warehouse', 'building:levels': '1'}"
1015292934,way,Unknown,,,,,50.7286043,24.6381137,"{'building': 'warehouse', 'building:levels': '1'}"
1015292935,way,Unknown,,,,,50.7285178,24.6397591,"{'building': 'warehouse', 'building:levels': '1'}"
1015293551,way,Unknown,,,,,49.6165838,33.8824569,{'building': 'warehouse'}
1015293552,way,Unknown,,,,,49.6166308,33.8843534,{'building': 'warehouse'}
1015672742,way,Unknown,,,,,49.7254389,30.099212,{'building': 'warehouse'}
1015684207,way,Unknown,,,,,49.716679,30.1095022,{'building': 'warehouse'}
1015684208,way,Unknown,,,,,49.7166732,30.1097136,{'building': 'warehouse'}
1015684209,way,Unknown,,,,,49.7170571,30.1076033,{'building': 'warehouse'}
1015687260,way,Unknown,,,,,49.7164449,30.1096733,{'building': 'warehouse'}
1015938790,way,Unknown,,,,,50.7354,24.6501642,"{'building': 'warehouse', 'building:levels': '1'}"
1015995578,way,Unknown,,,,,49.8139405,30.1395175,{'building': 'warehouse'}
1016221321,way,Unknown,,,,,50.737833,24.6548851,"{'building': 'warehouse', 'building:levels': '1'}"
1016989655,way,Unknown,,,,,49.810434,25.2042129,{'building': 'warehouse'}
1016992011,way,Unknown,,,,,49.8603965,24.0185263,{'building': 'warehouse'}
1017162435,way,Unknown,,,,,48.2716168,22.5772752,{'building': 'warehouse'}
1017687881,way,Unknown,,,,,49.6968923,28.8107087,{'building': 'warehouse'}
1017948980,way,Unknown,,,,,48.1748295,25.3455592,"{'building': 'warehouse', 'building:levels': '2'}"
1017966316,way,Unknown,,,,,48.6662377,33.122887,"{'addr:housenumber': '2/9', 'addr:street': ""вулиця Левка Лук'яненка"", 'building': 'warehouse'}"
1017966317,way,Unknown,,,,,48.6660787,33.1230469,"{'addr:housenumber': '2/3', 'addr:street': ""вулиця Левка Лук'яненка"", 'building': 'warehouse'}"
1017966318,way,Unknown,,,,,48.6658368,33.1230979,"{'addr:housenumber': '2/4', 'addr:street': ""вулиця Левка Лук'яненка"", 'building': 'warehouse'}"
1017966319,way,Unknown,,,,,48.6655313,33.123167,"{'addr:housenumber': '2/11', 'addr:street': ""вулиця Левка Лук'яненка"", 'building': 'warehouse'}"
1017966320,way,Unknown,,,,,48.6653332,33.1232205,"{'addr:street': ""вулиця Левка Лук'яненка"", 'building': 'warehouse'}"
1017966321,way,Unknown,,,,,48.6651622,33.1232404,"{'addr:street': ""вулиця Левка Лук'яненка"", 'building': 'warehouse'}"
1017966322,way,Unknown,,,,,48.6649827,33.1232882,"{'addr:street': ""вулиця Левка Лук'яненка"", 'building': 'warehouse'}"
1017966323,way,Unknown,,,,,48.6647818,33.1234798,"{'addr:street': ""вулиця Левка Лук'яненка"", 'building': 'warehouse'}"
1017966324,way,Unknown,,,,,48.6650336,33.1237664,"{'addr:housenumber': '2/8', 'addr:street': ""вулиця Левка Лук'яненка"", 'building': 'warehouse'}"
1017966325,way,Unknown,,,,,48.6663118,33.1233924,"{'addr:housenumber': '2/2', 'addr:street': ""вулиця Левка Лук'яненка"", 'building': 'warehouse'}"
1017966326,way,Unknown,,,,,48.6654443,33.1236713,"{'addr:housenumber': '2/7', 'addr:street': ""вулиця Левка Лук'яненка"", 'building': 'warehouse'}"
1018576344,way,Unknown,,,,,47.7546979,37.2098375,"{'building': 'warehouse', 'building:levels': '2'}"
1018877809,way,Unknown,,,,,49.283637,32.3526641,{'building': 'warehouse'}
1019756123,way,Unknown,,,,,49.6970288,28.8109599,{'building': 'warehouse'}
1020606058,way,"Фермерське господарство ""ПАН БЕЙ""",,,,,50.6746962,24.7022308,"{'building': 'warehouse', 'name': 'Фермерське господарство ""ПАН БЕЙ""', 'name:uk': 'Фермерське господарство ""ПАН БЕЙ""'}"
1020949271,way,Unknown,,,,,49.7217035,30.2287379,{'building': 'warehouse'}
1020949274,way,Unknown,,,,,49.7209293,30.2273234,{'building': 'warehouse'}
1020949287,way,Unknown,,,,,49.7219802,30.2364096,{'building': 'warehouse'}
1020949288,way,Unknown,,,,,49.7219216,30.2367348,{'building': 'warehouse'}
1020949293,way,Unknown,,,,,49.723285,30.2304432,{'building': 'warehouse'}
1020957667,way,Unknown,,,,,49.7632468,30.1217677,{'building': 'warehouse'}
1021015522,way,Unknown,,,,,49.8784714,30.0841657,{'building': 'warehouse'}
1021019851,way,Unknown,,,,,49.8201193,30.0847277,{'building': 'warehouse'}
1021019854,way,Unknown,,,,,49.8213727,30.0817458,{'building': 'warehouse'}
1021088330,way,Unknown,,,,,45.3535555,28.8409339,{'building': 'warehouse'}
1021211631,way,Unknown,,,,,48.6451402,33.0641604,{'building': 'warehouse'}
1021359472,way,Unknown,,,,,47.7040622,37.2388235,"{'building': 'warehouse', 'building:levels': '1', 'roof:shape': 'gabled'}"
1021420972,way,Unknown,,,,,47.8125829,35.1701117,{'building': 'warehouse'}
1021653184,way,Unknown,,,,,47.7137592,37.2310698,"{'addr:housenumber': '42', 'addr:street': 'Степова вулиця', 'building': 'warehouse', 'building:levels': '1', 'roof:shape': 'gabled', 'source:addr': 'kadastr'}"
1021774862,way,Unknown,,,,,49.847008,36.6612359,{'building': 'warehouse'}
1021774863,way,Unknown,,,,,49.8470589,36.6610893,{'building': 'warehouse'}
1021774864,way,Unknown,,,,,49.8471218,36.6609442,{'building': 'warehouse'}
1021774865,way,Unknown,,,,,49.8471985,36.6608146,{'building': 'warehouse'}
1021774866,way,Unknown,,,,,49.8472487,36.6606582,{'building': 'warehouse'}
1021774867,way,Unknown,,,,,49.8473045,36.6604628,{'building': 'warehouse'}
1021774871,way,Unknown,,,,,49.8474671,36.6634222,{'building': 'warehouse'}
1021774872,way,Unknown,,,,,49.8472629,36.6632695,{'building': 'warehouse'}
1021774873,way,Unknown,,,,,49.8470532,36.6630704,{'building': 'warehouse'}
1021774874,way,Unknown,,,,,49.8468568,36.6629085,{'building': 'warehouse'}
1026457107,way,Unknown,,,,,47.8210059,37.30562,"{'building': 'warehouse', 'building:levels': '1', 'roof:shape': 'flat'}"
1026457108,way,Unknown,,,,,47.8208317,37.3058106,"{'building': 'warehouse', 'building:levels': '1', 'roof:shape': 'flat'}"
1026457109,way,Unknown,,,,,47.8207169,37.3059413,"{'building': 'warehouse', 'building:levels': '1', 'roof:shape': 'flat'}"
1026457110,way,Unknown,,,,,47.8215087,37.3106091,"{'building': 'warehouse', 'building:levels': '1', 'roof:shape': 'gabled'}"
1026495454,way,Unknown,,,,,48.2829964,25.931119,{'building': 'warehouse'}
1026495456,way,Unknown,,,,,48.282992,25.9307852,{'building': 'warehouse'}
1026495459,way,Unknown,,,,,48.283174,25.9308477,{'building': 'warehouse'}
1026608511,way,Unknown,,,,,51.0549527,34.6574557,{'building': 'warehouse'}
1026608512,way,Unknown,,,,,51.0548967,34.6572747,{'building': 'warehouse'}
1026608513,way,Unknown,,,,,51.0548385,34.6570929,{'building': 'warehouse'}
1026608514,way,Unknown,,,,,51.0547842,34.6569059,{'building': 'warehouse'}
1026608515,way,Unknown,,,,,51.0550749,34.6573652,{'building': 'warehouse'}
1026608516,way,Unknown,,,,,51.0550189,34.6571841,{'building': 'warehouse'}
1026608517,way,Unknown,,,,,51.0549608,34.6570024,{'building': 'warehouse'}
1026608518,way,Unknown,,,,,51.0549063,34.6568153,{'building': 'warehouse'}
1026845516,way,Unknown,,,,,47.7831303,37.4933928,"{'building': 'warehouse', 'building:levels': '1', 'roof:shape': 'gabled'}"
1026845517,way,Unknown,,,,,47.7845147,37.4933975,"{'building': 'warehouse', 'building:levels': '1', 'roof:shape': 'gabled'}"
1026849452,way,Unknown,,,,,48.2879672,25.9400635,{'building': 'warehouse'}
1026849453,way,Unknown,,,,,48.2880835,25.9399267,{'building': 'warehouse'}
1026955878,way,Unknown,,,,,50.3676968,30.8581861,{'building': 'warehouse'}
1026955879,way,Unknown,,,,,50.3640212,30.8576951,{'building': 'warehouse'}
1028134168,way,Unknown,,,,,49.2639611,23.8454666,{'building': 'warehouse'}
1028597512,way,Bon Bazar,,,,,50.4130034,30.5276396,"{'amenity': 'marketplace', 'building': 'warehouse', 'name': 'Bon Bazar', 'name:uk': 'Bon Bazar'}"
1029863253,way,Unknown,,,,,47.6502174,37.1731348,"{'building': 'warehouse', 'building:levels': '1', 'roof:material': 'tar_paper', 'roof:shape': 'flat'}"
1029863254,way,Unknown,,,,,47.6503723,37.1729668,"{'building': 'warehouse', 'building:levels': '1', 'roof:material': 'tar_paper', 'roof:shape': 'flat'}"
1029863263,way,Unknown,,,,,47.6500916,37.1733999,"{'building': 'warehouse', 'building:levels': '1', 'roof:shape': 'gabled'}"
1030182607,way,Unknown,,,,,48.9786666,37.8203898,{'building': 'warehouse'}
1030512372,way,Unknown,,,,,50.384606,30.4661573,{'building': 'warehouse'}
1030958326,way,Unknown,,,,,47.7941984,37.547952,"{'addr:housenumber': '31', 'addr:street': 'Соборна вулиця', 'building': 'warehouse', 'building:levels': '1', 'roof:shape': 'gabled', 'source:addr': 'kadastr'}"
1032004857,way,Unknown,,,,,47.705242,36.9501609,"{'building': 'warehouse', 'building:levels': '1', 'roof:shape': 'skillion'}"
1032007634,way,Unknown,,,,,48.2851737,25.9422434,{'building': 'warehouse'}
1032354759,way,Unknown,,,,,47.7110775,36.940967,"{'building': 'warehouse', 'building:levels': '1', 'roof:shape': 'gabled', 'source:geometry': 'опора Керменчик_14.12.16.jpg'}"
1032354760,way,Unknown,,,,,47.7109715,36.9425423,"{'building': 'warehouse', 'building:levels': '1', 'roof:shape': 'gabled', 'source:geometry': 'опора Керменчик_14.12.16.jpg'}"
1032561309,way,Unknown,,,,,48.2873785,25.950521,{'building': 'warehouse'}
1033283503,way,Unknown,,,,,50.4001188,30.5663295,{'building': 'warehouse'}
1033308965,way,Вайлдберрис,,,,,45.0326372,34.046026,"{'addr:city': 'Симферополь', 'addr:housenumber': '11', 'addr:street': 'Московское шоссе', 'building': 'warehouse', 'name': 'Вайлдберрис', 'name:uk': 'Валберіс'}"
1034160318,way,Unknown,,,,,49.5343515,25.6238709,{'building': 'warehouse'}
1034563054,way,Unknown,,,,,47.7336565,37.0276961,"{'building': 'warehouse', 'building:levels': '1', 'roof:shape': 'gabled'}"
1034941409,way,Unknown,,,,,50.4273139,30.9384216,{'building': 'warehouse'}
1035108073,way,Unknown,,,,,48.2864591,25.954596,{'building': 'warehouse'}
1039350999,way,Unknown,,,,,46.1960117,29.9052009,{'building': 'warehouse'}
1039567977,way,Unknown,,,,,49.9191985,24.6152846,{'building': 'warehouse'}
1042935653,way,Unknown,,,,,50.7690012,26.0987141,{'building': 'warehouse'}
1042935654,way,Unknown,,,,,50.7689347,26.0979428,{'building': 'warehouse'}
1042935655,way,Unknown,,,,,50.7678241,26.0988983,{'building': 'warehouse'}
1042935656,way,Unknown,,,,,50.7677726,26.0981096,{'building': 'warehouse'}
1042935657,way,Unknown,,,,,50.7666335,26.0982844,{'building': 'warehouse'}
1042935658,way,Unknown,,,,,50.7654507,26.0984347,{'building': 'warehouse'}
1042935659,way,Unknown,,,,,50.7654378,26.0976582,{'building': 'warehouse'}
1042935660,way,Unknown,,,,,50.7642781,26.0978249,{'building': 'warehouse'}
1042935661,way,Unknown,,,,,50.7642781,26.0986095,{'building': 'warehouse'}
1042935662,way,Unknown,,,,,50.7653658,26.0968776,{'building': 'warehouse'}
1042935663,way,Unknown,,,,,50.7665281,26.096707,{'building': 'warehouse'}
1042935664,way,Unknown,,,,,50.7665049,26.0959345,{'building': 'warehouse'}
1042935665,way,Unknown,,,,,50.7664681,26.095152,{'building': 'warehouse'}
1042935666,way,Unknown,,,,,50.7685012,26.0972104,{'building': 'warehouse'}
1042935667,way,Unknown,,,,,50.7684627,26.0964218,{'building': 'warehouse'}
1042935668,way,Unknown,,,,,50.7694681,26.095507,{'building': 'warehouse'}
1042935669,way,Unknown,,,,,50.7694244,26.0947264,{'building': 'warehouse'}
1042935670,way,Unknown,,,,,50.7695607,26.09706,{'building': 'warehouse'}
1042935671,way,Unknown,,,,,50.770638,26.0953404,{'building': 'warehouse'}
1042935672,way,Unknown,,,,,50.7706817,26.0961169,{'building': 'warehouse'}
1042935673,way,Unknown,,,,,50.772372,26.0971262,{'building': 'warehouse'}
1042935674,way,Unknown,,,,,50.772273,26.0965452,{'building': 'warehouse'}
1042935675,way,Unknown,,,,,50.7721785,26.0959521,{'building': 'warehouse'}
1042935676,way,Unknown,,,,,50.772078,26.095359,{'building': 'warehouse'}
1042935677,way,Unknown,,,,,50.7709983,26.0938163,{'building': 'warehouse'}
1042935678,way,Unknown,,,,,50.7705834,26.0938676,{'building': 'warehouse'}
1042935679,way,Unknown,,,,,50.7701872,26.0939243,{'building': 'warehouse'}
1042935680,way,Unknown,,,,,50.7696187,26.0940022,{'building': 'warehouse'}
1042935681,way,Unknown,,,,,50.7691889,26.0940553,{'building': 'warehouse'}
1042935682,way,Unknown,,,,,50.7686741,26.0941544,{'building': 'warehouse'}
1042935683,way,Unknown,,,,,50.76826,26.0942074,{'building': 'warehouse'}
1042935684,way,Unknown,,,,,50.7678571,26.0942676,{'building': 'warehouse'}
1042935685,way,Unknown,,,,,50.7663773,26.0975204,{'building': 'warehouse'}
1042935686,way,Unknown,,,,,50.7656553,26.0951215,{'building': 'warehouse'}
1042935687,way,Unknown,,,,,50.7644473,26.0970097,{'building': 'warehouse'}
1042935688,way,Unknown,,,,,50.7673994,26.0958078,{'building': 'warehouse'}
1042935689,way,Unknown,,,,,50.7673698,26.0950419,{'building': 'warehouse'}
1042935690,way,Unknown,,,,,50.7673343,26.0943507,{'building': 'warehouse'}
1042935691,way,Unknown,,,,,50.7686014,26.095635,{'building': 'warehouse'}
1042935692,way,Unknown,,,,,50.7698251,26.0978169,{'building': 'warehouse'}
1042935693,way,Unknown,,,,,50.7726502,26.0985988,{'building': 'warehouse'}
1042935694,way,Unknown,,,,,50.7718543,26.0936768,{'building': 'warehouse'}
1042938582,way,Unknown,,,,,50.7664549,26.0944535,{'building': 'warehouse'}
1043129819,way,Unknown,,,,,50.3857231,30.4278863,{'building': 'warehouse'}
1043129820,way,Unknown,,,,,50.3865058,30.4280718,{'building': 'warehouse'}
1043244074,way,Unknown,,,,,50.3920497,30.4160806,{'building': 'warehouse'}
1043244075,way,Unknown,,,,,50.3918085,30.4165388,{'building': 'warehouse'}
1043244076,way,Unknown,,,,,50.3916739,30.41682,{'building': 'warehouse'}
1043244077,way,Unknown,,,,,50.3915789,30.4170027,{'building': 'warehouse'}
1047100575,way,Unknown,,,,,47.5497286,33.5000826,{'building': 'warehouse'}
1047100577,way,Unknown,,,,,47.5489051,33.5003871,{'building': 'warehouse'}
1049709885,way,Unknown,,,,,48.3947821,34.9977908,"{'building': 'warehouse', 'height': '4'}"
1050955923,way,Unknown,,,,,48.433088,22.7296105,"{'addr:housenumber': '54', 'addr:street': 'вулиця Івана Франка', 'building': 'warehouse'}"
1052508641,way,Unknown,,,,,49.8217277,30.0856108,{'building': 'warehouse'}
1052964072,way,Боніфрут,,,,,50.0836261,25.7601791,"{'building': 'warehouse', 'building:levels': '3', 'height': '9', 'name': 'Боніфрут', 'name:uk': 'Боніфрут'}"
1053100162,way,Unknown,,,,,50.3784353,30.3405026,{'building': 'warehouse'}
1053100163,way,Unknown,,,,,50.3785206,30.3407057,{'building': 'warehouse'}
1053100164,way,Unknown,,,,,50.3792021,30.3398329,{'building': 'warehouse'}
1053100166,way,Unknown,,,,,50.3788417,30.3395941,{'building': 'warehouse'}
1053100167,way,Unknown,,,,,50.3789649,30.3403224,{'building': 'warehouse'}
1053361220,way,Unknown,,,,,45.4009547,33.1516998,{'building': 'warehouse'}
1053361224,way,Unknown,,,,,45.4019785,33.1509109,{'building': 'warehouse'}
1053361225,way,Unknown,,,,,45.4025534,33.1504044,{'building': 'warehouse'}
1053361226,way,Unknown,,,,,45.4025024,33.1484667,{'building': 'warehouse'}
1054232119,way,Unknown,,,,,45.0086524,34.0435362,"{'addr:city': 'Белоглинка', 'addr:housenumber': '42', 'addr:street': 'улица Салгирная', 'building': 'warehouse'}"
1054232124,way,Торгово-логистический центр Депо-22,,,,,45.0028581,34.042765,"{'building': 'warehouse', 'name': 'Торгово-логистический центр Депо-22'}"
1054232125,way,Чистый дом,,,,,45.0035407,34.0414737,"{'building': 'warehouse', 'name': 'Чистый дом'}"
1054534224,way,Unknown,,,,,48.4567375,35.1124138,"{'building': 'warehouse', 'building:levels': '1'}"
1056511244,way,Unknown,,,,,49.7150627,28.8493534,{'building': 'warehouse'}
1057999255,way,Unknown,,,,,49.7957543,30.1104887,{'building': 'warehouse'}
1058209230,way,Unknown,,,,,48.4722448,35.0088089,"{'addr:housenumber': '8', 'addr:street': 'вулиця Аптекарська Балка', 'building': 'warehouse'}"
1058342062,way,Unknown,,,,,49.3661373,23.4742581,{'building': 'warehouse'}
1058394741,way,Unknown,,,,,50.3945947,30.4157674,{'building': 'warehouse'}
1058394742,way,Unknown,,,,,50.3948529,30.4165353,{'building': 'warehouse'}
1058394743,way,Unknown,,,,,50.3944269,30.414825,{'building': 'warehouse'}
1058394744,way,Unknown,,,,,50.3936158,30.4162157,{'building': 'warehouse'}
1058394745,way,Unknown,,,,,50.3927943,30.4167288,{'building': 'warehouse'}
1058394757,way,Unknown,,,,,50.3932575,30.4177872,{'building': 'warehouse'}
1058595737,way,Unknown,,,,,49.4305194,29.5990705,{'building': 'warehouse'}
1058595738,way,Unknown,,,,,49.43045,29.5994942,{'building': 'warehouse'}
1059645062,way,Unknown,,,,,50.3324431,30.9652113,{'building': 'warehouse'}
1061706968,way,Unknown,,,,,48.8018898,34.9380317,{'building': 'warehouse'}
1062317218,way,Unknown,,,,,49.8054981,30.0340279,{'building': 'warehouse'}
1062331888,way,Unknown,,,,,49.7920817,30.0356793,{'building': 'warehouse'}
1062331889,way,Unknown,,,,,49.7921406,30.0399791,{'building': 'warehouse'}
1062361048,way,Unknown,,,,,49.8052112,30.0338016,{'building': 'warehouse'}
1062361049,way,Unknown,,,,,49.8049424,30.0337405,{'building': 'warehouse'}
1062361050,way,Unknown,,,,,49.8050511,30.0334433,{'building': 'warehouse'}
1062361052,way,Unknown,,,,,49.8051583,30.0340886,{'building': 'warehouse'}
1062361053,way,Unknown,,,,,49.8050761,30.0341643,{'building': 'warehouse'}
1062361054,way,Unknown,,,,,49.805113,30.0339816,{'building': 'warehouse'}
1062584362,way,Unknown,,,,,46.8114589,36.1890641,{'building': 'warehouse'}
1062584363,way,Unknown,,,,,46.8107833,36.1898956,{'building': 'warehouse'}
1062584364,way,Unknown,,,,,46.8104498,36.1900993,{'building': 'warehouse'}
1062584365,way,Unknown,,,,,46.8103169,36.1902447,{'building': 'warehouse'}
1062584366,way,Unknown,,,,,46.8102006,36.1904181,{'building': 'warehouse'}
1062584374,way,Unknown,,,,,46.8096439,36.1936164,{'building': 'warehouse'}
1062584378,way,Unknown,,,,,46.8144602,36.2071421,{'building': 'warehouse'}
1062584382,way,Unknown,,,,,46.8100934,36.2037876,{'building': 'warehouse'}
1062638173,way,Unknown,,,,,46.7099118,36.273371,{'building': 'warehouse'}
1062638174,way,Unknown,,,,,46.7101859,36.2743617,{'building': 'warehouse'}
1062638175,way,Unknown,,,,,46.710359,36.2737,{'building': 'warehouse'}
1062641054,way,Unknown,,,,,46.7086082,36.291765,{'building': 'warehouse'}
1063725764,way,Unknown,,,,,50.5959152,30.5733401,{'building': 'warehouse'}
1066055495,way,Unknown,,,,,47.6172358,31.3025502,"{'addr:housenumber': '287', 'addr:street': 'Київська вулиця', 'building': 'warehouse'}"
1066110539,way,Unknown,,,,,47.5906147,31.3161423,{'building': 'warehouse'}
1066981272,way,Unknown,,,,,49.9238304,29.5818667,{'building': 'warehouse'}
1066981273,way,Unknown,,,,,49.9236177,29.5819935,{'building': 'warehouse'}
1066981274,way,Unknown,,,,,49.9233987,29.582116,{'building': 'warehouse'}
1066981275,way,Unknown,,,,,49.9232027,29.5822302,{'building': 'warehouse'}
1067808050,way,Unknown,,,,,44.678367,33.5550701,{'building': 'warehouse'}
1067808051,way,Unknown,,,,,44.6779577,33.5547086,{'building': 'warehouse'}
1069106513,way,Unknown,,,,,49.7908306,32.1123208,{'building': 'warehouse'}
1069106514,way,Unknown,,,,,49.7907989,32.1128015,{'building': 'warehouse'}
1069106515,way,Unknown,,,,,49.7904444,32.112504,{'building': 'warehouse'}
1069106516,way,Unknown,,,,,49.7903055,32.1140814,{'building': 'warehouse'}
1069118966,way,Unknown,,,,,50.4468342,33.3993847,{'building': 'warehouse'}
1069118967,way,Unknown,,,,,50.4470405,33.399738,{'building': 'warehouse'}
1069118968,way,Unknown,,,,,50.4466632,33.4000331,{'building': 'warehouse'}
1069118969,way,Unknown,,,,,50.4470154,33.4005983,{'building': 'warehouse'}
1069118970,way,Unknown,,,,,50.4472564,33.3998778,{'building': 'warehouse'}
1069125522,way,Unknown,,,,,51.0433299,34.6318064,{'building': 'warehouse'}
1069125523,way,Unknown,,,,,51.0430588,34.6320721,{'building': 'warehouse'}
1069125524,way,Unknown,,,,,51.0428157,34.6323256,{'building': 'warehouse'}
1069125525,way,Unknown,,,,,51.0426152,34.632487,{'building': 'warehouse'}
1069125526,way,Unknown,,,,,51.042548,34.6319006,{'building': 'warehouse'}
1069496273,way,Unknown,,,,,49.8238455,30.1119449,{'building': 'warehouse'}
1069496274,way,Unknown,,,,,49.8240869,30.1108946,{'building': 'warehouse'}
1069496275,way,Unknown,,,,,49.8234159,30.1136614,{'building': 'warehouse'}
1069496278,way,Unknown,,,,,49.8226837,30.1179556,{'building': 'warehouse'}
1069496279,way,Unknown,,,,,49.8227213,30.1188848,{'building': 'warehouse'}
1069496280,way,Unknown,,,,,49.8226415,30.1192943,{'building': 'warehouse'}
1070634080,way,Unknown,,,,,50.3971422,30.4988161,{'building': 'warehouse'}
1070808135,way,Unknown,,,,,49.809944,30.1416114,{'building': 'warehouse'}
1070969998,way,Unknown,,,,,51.7194303,26.8278703,"{'building': 'warehouse', 'building:levels': '1'}"
1070970004,way,Unknown,,,,,51.719462,26.8276778,"{'building': 'warehouse', 'building:levels': '1'}"
1071092621,way,Unknown,,,,,49.9526637,36.2721138,{'building': 'warehouse'}
1071682698,way,Unknown,,,,,47.2235592,36.465994,{'building': 'warehouse'}
1071682699,way,Unknown,,,,,47.2237856,36.4675498,{'building': 'warehouse'}
1071682700,way,Unknown,,,,,47.2244357,36.4706216,{'building': 'warehouse'}
1071682703,way,Unknown,,,,,47.2248458,36.4691308,{'building': 'warehouse'}
1071682704,way,Unknown,,,,,47.2247084,36.4710054,{'building': 'warehouse'}
1071682705,way,Unknown,,,,,47.2255088,36.4718123,{'building': 'warehouse'}
1071682706,way,Unknown,,,,,47.2257329,36.4721109,{'building': 'warehouse'}
1071682707,way,Unknown,,,,,47.2266842,36.4710209,{'building': 'warehouse'}
1071682708,way,Unknown,,,,,47.2264213,36.4707717,{'building': 'warehouse'}
1071682709,way,Unknown,,,,,47.2263495,36.4724677,{'building': 'warehouse'}
1071682710,way,Unknown,,,,,47.2259237,36.4702044,{'building': 'warehouse'}
1071682711,way,Unknown,,,,,47.2256408,36.4699976,{'building': 'warehouse'}
1071682714,way,Unknown,,,,,47.2241454,36.4704343,{'building': 'warehouse'}
1071682715,way,Unknown,,,,,47.2261079,36.4750249,{'building': 'warehouse'}
1071682716,way,Unknown,,,,,47.2255426,36.4771417,{'building': 'warehouse'}
1071682717,way,Unknown,,,,,47.2251928,36.4772438,{'building': 'warehouse'}
1071682718,way,Unknown,,,,,47.2248263,36.4770461,{'building': 'warehouse'}
1071682719,way,Unknown,,,,,47.2243515,36.47649,{'building': 'warehouse'}
1071684544,way,Unknown,,,,,47.2687545,36.3739264,{'building': 'warehouse'}
1071684545,way,Unknown,,,,,47.2680344,36.3744959,{'building': 'warehouse'}
1071684546,way,Unknown,,,,,47.2698534,36.377392,{'building': 'warehouse'}
1071684547,way,Unknown,,,,,47.2696777,36.3780479,{'building': 'warehouse'}
1074927754,way,Unknown,,,,,45.6737181,29.3535628,{'building': 'warehouse'}
1074927755,way,Unknown,,,,,45.672455,29.3530857,{'building': 'warehouse'}
1074927756,way,Unknown,,,,,45.6723171,29.3526603,{'building': 'warehouse'}
1074927757,way,Unknown,,,,,45.6555452,29.3631625,"{'abandoned': 'yes', 'building': 'warehouse'}"
1074928725,way,Unknown,,,,,45.712861,29.3572161,{'building': 'warehouse'}
1074928726,way,Unknown,,,,,45.7130063,29.3570684,{'building': 'warehouse'}
1074928727,way,Unknown,,,,,45.7137538,29.3589863,{'building': 'warehouse'}
1075087081,way,Unknown,,,,,49.0124065,26.4989611,{'building': 'warehouse'}
1075453182,way,Unknown,,,,,47.75263,36.9649814,"{'building': 'warehouse', 'building:levels': '1', 'roof:shape': 'round'}"
1075453184,way,Unknown,,,,,47.7524906,36.9674977,"{'building': 'warehouse', 'building:levels': '1', 'roof:shape': 'round'}"
1075453187,way,Unknown,,,,,47.7524969,36.9664576,"{'building': 'warehouse', 'roof:shape': 'round'}"
1075453188,way,Unknown,,,,,47.7519165,36.9669187,"{'building': 'warehouse', 'roof:shape': 'round'}"
1075453192,way,Unknown,,,,,47.7523635,36.964311,"{'building': 'warehouse', 'building:levels': '1', 'roof:shape': 'round'}"
1075620114,way,Unknown,,,,,47.5607581,31.3350967,"{'addr:housenumber': '13', 'addr:street': 'вулиця Соборності', 'building': 'warehouse'}"
1076429872,way,Unknown,,,,,48.8821787,27.7968787,{'building': 'warehouse'}
1076592781,way,Unknown,,,,,44.5815679,33.3993669,{'building': 'warehouse'}
1076592782,way,Unknown,,,,,44.5813867,33.4000359,{'building': 'warehouse'}
1076592791,way,Unknown,,,,,44.5805678,33.3985474,{'building': 'warehouse'}
1076592793,way,Unknown,,,,,44.5808775,33.3986022,{'building': 'warehouse'}
1076735495,way,Unknown,,,,,44.7818597,33.5470941,{'building': 'warehouse'}
1076735496,way,Unknown,,,,,44.7820203,33.5466511,{'building': 'warehouse'}
1076735506,way,Unknown,,,,,44.7789418,33.5483209,{'building': 'warehouse'}
1076735507,way,Unknown,,,,,44.7789374,33.5478051,{'building': 'warehouse'}
1076786713,way,Unknown,,,,,48.8656664,27.8323488,{'building': 'warehouse'}
1076839608,way,Unknown,,,,,45.097993,33.5731452,{'building': 'warehouse'}
1076839613,way,Unknown,,,,,45.0990199,33.5732415,{'building': 'warehouse'}
1076839615,way,Unknown,,,,,45.0976137,33.5736311,{'building': 'warehouse'}
1076839616,way,Unknown,,,,,45.09765,33.5731712,{'building': 'warehouse'}
1076850948,way,Unknown,,,,,48.8754423,27.8039599,{'building': 'warehouse'}
1077681505,way,Handling area,,,,,46.684446,32.5066173,"{'building': 'warehouse', 'name': 'Handling area', 'name:uk': 'Handling area'}"
1079119722,way,Unknown,,,,,45.7675939,29.4889082,{'building': 'warehouse'}
1079611921,way,Unknown,,,,,45.7662354,29.4912002,{'building': 'warehouse'}
1079728798,way,Unknown,,,,,45.7654572,29.4905724,"{'building': 'warehouse', 'building:levels': '1', 'roof:levels': '1', 'roof:shape': 'gabled'}"
1079728799,way,Unknown,,,,,45.7654306,29.4900107,"{'building': 'warehouse', 'building:levels': '1', 'roof:levels': '1', 'roof:shape': 'gabled'}"
1080983266,way,Unknown,,,,,49.6728707,24.5627673,"{'building': 'warehouse', 'building:levels': '1', 'layer': '1', 'roof:colour': 'grey', 'roof:shape': 'gabled'}"
1081686713,way,Unknown,,,,,44.8871971,34.042695,{'building': 'warehouse'}
1081705654,way,Unknown,,,,,47.0256095,33.3789084,{'building': 'warehouse'}
1081705708,way,Unknown,,,,,47.0287904,33.3854559,{'building': 'warehouse'}
1081705744,way,Unknown,,,,,47.0280543,33.388649,{'building': 'warehouse'}
1081705774,way,Unknown,,,,,47.0244945,33.3776532,{'building': 'warehouse'}
1081705775,way,Unknown,,,,,47.0244057,33.3776136,{'building': 'warehouse'}
1081800892,way,Unknown,,,,,46.9216089,33.1019692,{'building': 'warehouse'}
1081800895,way,Unknown,,,,,46.9239582,33.0956716,{'building': 'warehouse'}
1081800928,way,Unknown,,,,,46.9147336,33.0956982,{'building': 'warehouse'}
1082292443,way,Unknown,,,,,46.8818997,32.8519137,"{'building': 'warehouse', 'building:levels': '1', 'roof:colour': 'red', 'roof:levels': '1', 'roof:material': 'metal', 'roof:shape': 'gabled'}"
1082292444,way,Unknown,,,,,46.8813431,32.8516192,"{'building': 'warehouse', 'building:levels': '1', 'roof:colour': 'red', 'roof:levels': '1', 'roof:material': 'metal', 'roof:shape': 'gabled'}"
1082350194,way,Unknown,,,,,50.8712528,27.8131939,{'building': 'warehouse'}
1082407459,way,Unknown,,,,,48.6123337,22.2721801,{'building': 'warehouse'}
1082486459,way,Unknown,,,,,46.8874726,32.8520205,"{'addr:housenumber': '6', 'building': 'warehouse'}"
1083574521,way,Unknown,,,,,48.5096064,28.5751792,{'building': 'warehouse'}
1084325833,way,Склад отрутохімікатів,,,,,45.5607301,29.3497783,"{'building': 'warehouse', 'name': 'Склад отрутохімікатів', 'name:uk': 'Склад отрутохімікатів'}"
1084557624,way,Unknown,,,,,48.2160001,32.8548294,{'building': 'warehouse'}
1085047773,way,Unknown,,,,,48.4755839,35.0065462,{'building': 'warehouse'}
1085796087,way,Unknown,,,,,45.3953897,33.1504372,{'building': 'warehouse'}
1085938659,way,Unknown,,,,,49.0167263,32.3884881,{'building': 'warehouse'}
1085938660,way,Unknown,,,,,49.0183859,32.3901566,{'building': 'warehouse'}
1085938661,way,Unknown,,,,,49.0189282,32.386021,{'building': 'warehouse'}
1085938662,way,Unknown,,,,,49.0196236,32.3846255,{'building': 'warehouse'}
1086760353,way,Unknown,,,,,45.549179,29.3332314,"{'addr:housenumber': '60', 'addr:postcode': '68332', 'addr:street': 'вулиця М. А. Музики', 'building': 'warehouse'}"
1086779957,way,Unknown,,,,,45.5859904,34.5421206,{'building': 'warehouse'}
1086779958,way,Unknown,,,,,45.5860953,34.5421661,{'building': 'warehouse'}
1086779959,way,Unknown,,,,,45.5861967,34.5422046,{'building': 'warehouse'}
1090827703,way,Unknown,,,,,50.5856214,30.4960817,{'building': 'warehouse'}
1090827705,way,Unknown,,,,,50.5854781,30.4959047,{'building': 'warehouse'}
1095629093,way,"Склад ПП ""Семидар""",,,,,51.498932,31.2460136,"{'addr:housenumber': '23', 'addr:postcode': '14010', 'addr:street': 'вулиця Тероборони', 'building': 'warehouse', 'building:colour': 'black', 'building:levels': '1', 'building:material': 'metal', 'description': 'Точка видачі габаритних будматеріалів та профнастилу', 'height': '7', 'mobile': '+380 93 766 780', 'name': 'Склад ПП ""Семидар""', 'name:uk': 'Склад ПП ""Семидар""', 'old_name': 'вулиця Гагаріна', 'opening_hours': 'Mo-Sa 08:30-17:00', 'operator': 'ПП ""Семидар""', 'roof:colour': 'black', 'wheelchair': 'yes'}"
1097958765,way,Unknown,,,,,48.5519937,22.9791598,{'building': 'warehouse'}
1098560588,way,Unknown,,,,,47.9423841,35.4324182,{'building': 'warehouse'}
1101203565,way,Unknown,,,,,48.9725921,26.7760848,{'building': 'warehouse'}
1101481720,way,Unknown,,,,,48.4243973,25.7132635,{'building': 'warehouse'}
1102618792,way,Unknown,,,,,49.698802,37.406452,{'building': 'warehouse'}
1102891904,way,Unknown,,,,,48.8856213,37.3695699,{'building': 'warehouse'}
1104938415,way,Unknown,,,,,50.5659822,30.2446925,"{'building': 'warehouse', 'building:levels': '1', 'building:material': 'plaster', 'height': '5.5', 'roof:angle': '15', 'roof:height': '1.75', 'roof:material': 'metal_sheet', 'roof:orientation': 'along', 'roof:shape': 'gabled'}"
1104947710,way,Unknown,,,,,44.5304969,33.5901235,{'building': 'warehouse'}
1105575980,way,Unknown,,,,,48.5813354,29.2831853,{'building': 'warehouse'}
1105575981,way,Unknown,,,,,48.581304,29.2838719,{'building': 'warehouse'}
1105575982,way,Unknown,,,,,48.581286,29.2843419,{'building': 'warehouse'}
1105575983,way,Unknown,,,,,48.5812698,29.284838,{'building': 'warehouse'}
1107135464,way,M10 Lviv Industrial Park,,,,,49.8719373,23.925146,"{'building': 'warehouse', 'name': 'M10 Lviv Industrial Park', 'operator': 'Dragon Capital'}"
1107335479,way,Unknown,,,,,45.323148,28.8417597,"{'building': 'warehouse', 'construction_date': '2022'}"
1111760754,way,Unknown,,,,,45.3219106,28.875174,"{'addr:housenumber': '2/1', 'building': 'warehouse'}"
1113616699,way,Unknown,,,,,45.8517333,29.4746859,"{'building': 'warehouse', 'building:levels': '1'}"
1117890129,way,Unknown,,,,,49.7806361,24.0939488,"{'addr:street': 'вулиця Дорожна', 'building': 'warehouse'}"
1117890137,way,Unknown,,,,,49.7809757,24.0951934,"{'addr:street': 'вулиця Дорожна', 'building': 'warehouse', 'destroyed:building': 'yes'}"
1117890138,way,Unknown,,,,,49.7805915,24.0926184,"{'addr:street': 'вулиця Дорожна', 'building': 'warehouse'}"
1119496942,way,Unknown,,,,,48.6540617,37.6733484,{'building': 'warehouse'}
1122142102,way,Unknown,,,,,48.4109814,35.0337277,{'building': 'warehouse'}
1125521158,way,Unknown,,,,,47.5716587,31.3334868,{'building': 'warehouse'}
1126553799,way,Unknown,,,,,48.837733,32.672101,{'building': 'warehouse'}
1131685018,way,Unknown,,,,,49.2064869,25.0403845,{'building': 'warehouse'}
1132278063,way,Unknown,,,,,49.7947286,23.7122799,"{'addr:unit': '8', 'building': 'warehouse'}"
1132278065,way,Unknown,,,,,49.7942259,23.7150223,{'building': 'warehouse'}
1133548869,way,Холодильний комплекс UNICEF,,,,,49.7962031,23.7146155,"{'building': 'warehouse', 'description': 'Склад-холодильник', 'name': 'Холодильний комплекс UNICEF'}"
1134010988,way,Unknown,,,,,47.5712116,31.3231823,{'building': 'warehouse'}
1134348784,way,Unknown,,,,,50.4819425,30.4933755,"{'addr:housenumber': '5', 'addr:street': 'Чорноморська вулиця', 'building': 'warehouse'}"
1135290995,way,Unknown,,,,,45.3342025,28.8285948,"{'addr:housenumber': '11', 'building': 'warehouse', 'construction_date': '2023'}"
1135684363,way,Unknown,,,,,47.5928501,31.3191606,"{'addr:housenumber': '218', 'addr:street': 'Київська вулиця', 'building': 'warehouse', 'building:levels': '1'}"
1135776008,way,Unknown,,,,,47.5905368,31.3182606,{'building': 'warehouse'}
1135776009,way,Unknown,,,,,47.5906683,31.3176863,{'building': 'warehouse'}
1135776013,way,Unknown,,,,,47.59054,31.3179973,{'building': 'warehouse'}
1135776015,way,Unknown,,,,,47.5906236,31.3174063,{'building': 'warehouse'}
1135776016,way,Unknown,,,,,47.5906014,31.3169951,{'building': 'warehouse'}
1135776020,way,Unknown,,,,,47.5910209,31.316051,{'building': 'warehouse'}
1135776022,way,Unknown,,,,,47.590972,31.3165618,{'building': 'warehouse'}
1135776023,way,Unknown,,,,,47.5911058,31.3172278,{'building': 'warehouse'}
1135776025,way,Unknown,,,,,47.5913304,31.3181097,{'building': 'warehouse'}
1135776026,way,Unknown,,,,,47.591275,31.3186569,{'building': 'warehouse'}
1136956104,way,Unknown,,,,,47.5927782,31.3305901,{'building': 'warehouse'}
1137543107,way,Unknown,,,,,47.6194225,31.2967076,"{'addr:street': 'Київська вулиця', 'building': 'warehouse', 'building:levels': '1'}"
1137624854,way,Unknown,,,,,45.7468756,29.1537549,{'building': 'warehouse'}
1137640191,way,Unknown,,,,,47.6182423,31.2963687,"{'building': 'warehouse', 'building:levels': '1'}"
1137645479,way,Unknown,,,,,47.6254902,31.2912819,{'building': 'warehouse'}
1138190483,way,Unknown,,,,,47.6171932,31.303502,"{'addr:housenumber': '287А/1', 'addr:street': 'Київська вулиця', 'building': 'warehouse'}"
1138190487,way,Unknown,,,,,47.6169342,31.302794,{'building': 'warehouse'}
1138190488,way,Unknown,,,,,47.6170317,31.3019315,"{'building': 'warehouse', 'building:levels': '2'}"
1139107776,way,Unknown,,,,,47.6182887,31.2994835,{'building': 'warehouse'}
1139107777,way,Unknown,,,,,47.6177307,31.3017291,{'building': 'warehouse'}
1141581787,way,Unknown,,,,,45.3613985,28.8052063,"{'addr:housenumber': '1', 'building': 'warehouse'}"
1148538822,way,Unknown,,,,,49.7251482,30.7125968,{'building': 'warehouse'}
1149976545,way,Unknown,,,,,50.4844255,30.4950386,"{'addr:housenumber': '8', 'addr:street': 'Корабельна вулиця', 'building': 'warehouse'}"
1151106877,way,Unknown,,,,,48.154448,23.0310689,"{'addr:housenumber': '30', 'addr:postcode': '90300', 'addr:street': 'вулиця Івана Ірлявського', 'building': 'warehouse'}"
1151433415,way,Unknown,,,,,50.5909106,27.6024829,{'building': 'warehouse'}
1152745242,way,Unknown,,,,,50.4230829,27.0861386,{'building': 'warehouse'}
1154772343,way,Склад сільскогосподарської техніки,,,,,49.8486369,24.6424432,"{'building': 'warehouse', 'name': 'Склад сільскогосподарської техніки', 'name:uk': 'Склад сільскогосподарської техніки'}"
1155843961,way,Unknown,,,,,48.415812,33.7345624,{'building': 'warehouse'}
1155843962,way,Unknown,,,,,48.4158678,33.7350671,{'building': 'warehouse'}
1155843963,way,Unknown,,,,,48.4158887,33.7355795,{'building': 'warehouse'}
1155843964,way,Unknown,,,,,48.4159197,33.7359676,{'building': 'warehouse'}
1156999916,way,Unknown,,,,,45.3402287,28.7997724,{'building': 'warehouse'}
1157418114,way,Unknown,,,,,49.7286617,25.1943769,{'building': 'warehouse'}
1159182812,way,Unknown,,,,,49.6239154,25.5653706,{'building': 'warehouse'}
1159182813,way,Unknown,,,,,49.6235856,25.5652064,{'building': 'warehouse'}
1159182814,way,Unknown,,,,,49.6229282,25.5661063,{'building': 'warehouse'}
1159182815,way,Unknown,,,,,49.6228139,25.5654417,{'building': 'warehouse'}
1160385851,way,Unknown,,,,,49.9804608,27.2231608,{'building': 'warehouse'}
1160675532,way,Unknown,,,,,48.4083793,35.1354801,"{'building': 'warehouse', 'building:levels': '1'}"
1160756228,way,Unknown,,,,,48.2628462,28.8313428,{'building': 'warehouse'}
1160833173,way,Unknown,,,,,48.263508,28.8339971,{'building': 'warehouse'}
1160833175,way,Unknown,,,,,48.2619842,28.8330141,{'building': 'warehouse'}
1161199064,way,Unknown,,,,,48.4038049,35.1345659,"{'building': 'warehouse', 'building:levels': '1'}"
1161530260,way,Unknown,,,,,48.4058853,35.1248115,"{'building': 'warehouse', 'building:levels': '1'}"
1161596125,way,Unknown,,,,,50.4892066,30.4717224,{'building': 'warehouse'}
1162065523,way,Unknown,,,,,49.6776617,32.2997828,{'building': 'warehouse'}
1162065526,way,Unknown,,,,,49.6780262,32.2979025,{'building': 'warehouse'}
1163649787,way,Unknown,,,,,49.0392244,30.9188895,{'building': 'warehouse'}
1163649788,way,Unknown,,,,,49.0387906,30.9183472,{'building': 'warehouse'}
1165916584,way,Unknown,,,,,48.5162955,34.6553119,{'building': 'warehouse'}
1165916585,way,Unknown,,,,,48.5160164,34.6552585,{'building': 'warehouse'}
1165916586,way,Unknown,,,,,48.5159852,34.6561791,{'building': 'warehouse'}
1165916587,way,Unknown,,,,,48.5157463,34.656002,{'building': 'warehouse'}
1165916588,way,Unknown,,,,,48.5158589,34.6578481,{'building': 'warehouse'}
1165916593,way,Unknown,,,,,48.5160828,34.6541148,{'building': 'warehouse'}
1165916594,way,Unknown,,,,,48.5159449,34.6535078,{'building': 'warehouse'}
1167940308,way,Склад № 3,,,,,45.340029,28.8010896,"{'building': 'warehouse', 'name': 'Склад № 3', 'name:en': 'Warehouse 3', 'name:ru': 'Склад № 3', 'name:uk': 'Склад № 3', 'ref': '3', 'start_date': '2022'}"
1167940309,way,Склад № 4,,,,,45.3400114,28.8009513,"{'building': 'warehouse', 'name': 'Склад № 4', 'name:en': 'Warehouse 4', 'name:ru': 'Склад № 4', 'name:uk': 'Склад № 4', 'ref': '4', 'start_date': '2022'}"
1167940310,way,Склад № 6,,,,,45.3399938,28.8008129,"{'building': 'warehouse', 'name': 'Склад № 6', 'name:en': 'Warehouse 6', 'name:ru': 'Склад № 6', 'name:uk': 'Склад № 6', 'ref': '6', 'start_date': '2022'}"
1167940314,way,Склад № 12,,,,,45.3417266,28.7981841,"{'building': 'warehouse', 'construction_date': '2022', 'name': 'Склад № 12', 'name:en': 'Warehouse 12', 'name:ru': 'Склад № 12', 'name:uk': 'Склад № 12', 'ref': '12'}"
1167940315,way,Склад № 11,,,,,45.3416923,28.7979202,"{'building': 'warehouse', 'construction_date': '2022', 'name': 'Склад № 11', 'name:en': 'Warehouse 11', 'name:ru': 'Склад № 11', 'name:uk': 'Склад № 11', 'ref': '11'}"
1167940316,way,Склад № 10,,,,,45.3416579,28.7976564,"{'building': 'warehouse', 'construction_date': '2022', 'name': 'Склад № 10', 'name:en': 'Warehouse 10', 'name:ru': 'Склад № 10', 'name:uk': 'Склад № 10', 'ref': '10'}"
1167940317,way,Склад № 9,,,,,45.3416236,28.7973925,"{'building': 'warehouse', 'construction_date': '2022', 'name': 'Склад № 9', 'name:en': 'Warehouse 9', 'name:ru': 'Склад № 9', 'name:uk': 'Склад № 9', 'ref': '9'}"
1167940318,way,Unknown,,,,,45.340781,28.7989679,"{'building': 'warehouse', 'construction_date': '2022', 'operator': 'ГК «Зернова Столиця»'}"
1167940319,way,Unknown,,,,,45.3407065,28.7984743,"{'building': 'warehouse', 'construction_date': '2022', 'operator': 'Vimeksim', 'operator:wikidata': 'Q56367534', 'ref': 'В1'}"
1167940320,way,Unknown,,,,,45.3406386,28.7980246,"{'building': 'warehouse', 'construction_date': '2022', 'operator': 'Kernel', 'operator:wikidata': 'Q56367534', 'ref': 'К2'}"
1167940321,way,Unknown,,,,,45.3405877,28.7976872,"{'building': 'warehouse', 'construction_date': '2022', 'operator': 'Kernel', 'operator:wikidata': 'Q56367534', 'ref': 'К3'}"
1167940324,way,Склад № 10,,,,,45.3393802,28.8040686,"{'building': 'warehouse', 'name': 'Склад № 10', 'name:en': 'Warehouse 10', 'name:ru': 'Склад № 10', 'name:uk': 'Склад № 10', 'ref': '6', 'start_date': '2023'}"
1168212753,way,Unknown,,,,,46.627391,32.5779644,{'building': 'warehouse'}
1168212754,way,Unknown,,,,,46.6273922,32.5794736,{'building': 'warehouse'}
1168479336,way,Unknown,,,,,47.4684584,30.835106,{'building': 'warehouse'}
1168494667,way,Unknown,,,,,49.389935,28.9151012,{'building': 'warehouse'}
1168494668,way,Unknown,,,,,49.3898038,28.9148274,{'building': 'warehouse'}
1168494669,way,Unknown,,,,,49.3903098,28.9147531,{'building': 'warehouse'}
1168888980,way,Unknown,,,,,50.669755,24.4875484,{'building': 'warehouse'}
1168920849,way,Unknown,,,,,50.6866483,31.3074188,{'building': 'warehouse'}
1168920850,way,Unknown,,,,,50.6857217,31.3070136,{'building': 'warehouse'}
1168920851,way,Unknown,,,,,50.6854307,31.30869,{'building': 'warehouse'}
1168920852,way,Unknown,,,,,50.6850886,31.3105907,{'building': 'warehouse'}
1168920853,way,Unknown,,,,,50.6861241,31.3107073,{'building': 'warehouse'}
1169296953,way,Unknown,,,,,46.6587736,32.6241317,{'building': 'warehouse'}
1169296954,way,Unknown,,,,,46.6590361,32.6238395,{'building': 'warehouse'}
1169296955,way,Unknown,,,,,46.6584194,32.6241482,{'building': 'warehouse'}
1169318541,way,Unknown,,,,,46.6199544,32.5902823,{'building': 'warehouse'}
1169318542,way,Unknown,,,,,46.620273,32.5902585,"{'addr:housenumber': '2-Б', 'addr:street': 'Острівське шосе', 'building': 'warehouse'}"
1169318545,way,Unknown,,,,,46.6202831,32.588269,{'building': 'warehouse'}
1169318546,way,Unknown,,,,,46.6206435,32.5885943,{'building': 'warehouse'}
1170860327,way,Unknown,,,,,48.6531336,32.0031038,{'building': 'warehouse'}
1170860328,way,Unknown,,,,,48.6527468,32.0020932,{'building': 'warehouse'}
1172707274,way,Unknown,,,,,50.5499201,30.6175298,"{'addr:housenumber': '29', 'addr:street': 'Погребський шлях', 'building': 'warehouse', 'building:levels': '4', 'roof:shape': 'gabled'}"
1173881238,way,Unknown,,,,,50.0023292,29.4233054,{'building': 'warehouse'}
1174889444,way,Unknown,,,,,49.9602417,36.2427787,{'building': 'warehouse'}
1174889445,way,Unknown,,,,,49.9605474,36.2432021,{'building': 'warehouse'}
1175002142,way,Unknown,,,,,45.6410155,29.4485948,{'building': 'warehouse'}
1175121144,way,УГМК Запоріжжя -,,,,,50.409427,30.5723715,"{'building': 'warehouse', 'name': 'УГМК Запоріжжя -', 'name:uk': 'УГМК Запоріжжя -'}"
1175121145,way,Unknown,,,,,50.4098701,30.5731499,{'building': 'warehouse'}
1175153916,way,Unknown,,,,,49.5490964,33.8106243,{'building': 'warehouse'}
1176115062,way,Unknown,,,,,48.1389214,22.9674119,"{'addr:housenumber': '2', 'addr:postcode': '90325', 'addr:street': 'Спортивна вулиця', 'building': 'warehouse'}"
1178795935,way,Склад комплектуючих,,,,,50.5036795,30.4641387,"{'building': 'warehouse', 'building:levels': '1', 'name': 'Склад комплектуючих', 'name:uk': 'Склад комплектуючих'}"
1179841266,way,Unknown,,,,,47.5148729,32.8911419,{'building': 'warehouse'}
1180954210,way,Unknown,,,,,48.8449617,32.4133237,{'building': 'warehouse'}
1181014308,way,Unknown,,,,,49.8552054,24.6282245,{'building': 'warehouse'}
1184261233,way,Unknown,,,,,48.5061051,35.1009589,{'building': 'warehouse'}
1185296790,way,Unknown,,,,,47.8821729,37.6700558,{'building': 'warehouse'}
1186129305,way,Unknown,,,,,50.3850634,30.5523448,{'building': 'warehouse'}
1186881033,way,Unknown,,,,,50.369935,30.5489929,{'building': 'warehouse'}
1187354883,way,Unknown,,,,,47.9961991,23.7022275,{'building': 'warehouse'}
1187702783,way,Занедбаний склад хімічних відходів,,,,,51.2548624,33.5666267,"{'building': 'warehouse', 'name': 'Занедбаний склад хімічних відходів', 'name:uk': 'Занедбаний склад хімічних відходів'}"
1188166286,way,Unknown,,,,,47.0307871,32.1678369,"{'building': 'warehouse', 'building:levels': '1'}"
1188166287,way,Unknown,,,,,47.0308965,32.1683295,"{'building': 'warehouse', 'building:levels': '1'}"
1188248188,way,Unknown,,,,,47.0527237,32.1995883,{'building': 'warehouse'}
1188248189,way,Unknown,,,,,47.0529296,32.1999315,{'building': 'warehouse'}
1188248190,way,Unknown,,,,,47.0523024,32.1992288,{'building': 'warehouse'}
1188248197,way,Unknown,,,,,47.0542216,32.1999648,{'building': 'warehouse'}
1188248198,way,Unknown,,,,,47.0543914,32.2003383,{'building': 'warehouse'}
1188248199,way,Unknown,,,,,47.054562,32.2007235,{'building': 'warehouse'}
1188588741,way,Unknown,,,,,45.340853,28.8018856,"{'building': 'warehouse', 'construction_date': '2023-06'}"
1189164776,way,Unknown,,,,,44.9356164,34.0503169,"{'building': 'warehouse', 'height': '8', 'roof:colour': '#C0C0C0', 'roof:shape': 'gabled', 'source': 'Bing'}"
1190237931,way,Unknown,,,,,50.7530876,31.9103637,{'building': 'warehouse'}
1190708199,way,Unknown,,,,,50.4309258,30.6224933,{'building': 'warehouse'}
1191948044,way,Unknown,,,,,48.1639337,22.9047793,{'building': 'warehouse'}
1191948051,way,Unknown,,,,,48.1627367,22.9049885,{'building': 'warehouse'}
1192179806,way,Unknown,,,,,48.3122876,29.9497635,{'building': 'warehouse'}
1192343976,way,Unknown,,,,,48.3176815,29.9518365,{'building': 'warehouse'}
1192343977,way,Unknown,,,,,48.3184594,29.9508316,{'building': 'warehouse'}
1192343978,way,Unknown,,,,,48.3184954,29.9494645,{'building': 'warehouse'}
1192343980,way,Unknown,,,,,48.3192252,29.9502484,{'building': 'warehouse'}
1192343981,way,Unknown,,,,,48.3189679,29.9493606,{'building': 'warehouse'}
1192343991,way,Unknown,,,,,48.317795,29.950324,{'building': 'warehouse'}
1192921760,way,Unknown,,,,,49.9711598,31.0999421,"{'building': 'warehouse', 'building:levels': '1'}"
1192921764,way,Unknown,,,,,49.9710127,31.0989017,{'building': 'warehouse'}
1192921765,way,Unknown,,,,,49.9712141,31.0990026,{'building': 'warehouse'}
1192921767,way,Unknown,,,,,49.9705956,31.0987395,{'building': 'warehouse'}
1192921770,way,Unknown,,,,,49.9709966,31.1005513,{'building': 'warehouse'}
1192921771,way,Unknown,,,,,49.9707118,31.101809,{'building': 'warehouse'}
1192921772,way,Unknown,,,,,49.9705981,31.1009982,{'building': 'warehouse'}
1192921774,way,Unknown,,,,,49.9702145,31.1012827,{'building': 'warehouse'}
1192921775,way,Unknown,,,,,49.9700699,31.1015788,{'building': 'warehouse'}
1193010328,way,Unknown,,,,,48.3231836,32.2746999,{'building': 'warehouse'}
1193010329,way,Unknown,,,,,48.3233455,32.2747679,{'building': 'warehouse'}
1194692383,way,Unknown,,,,,48.3446732,32.200969,"{'addr:housenumber': '2', 'building': 'warehouse'}"
1196901944,way,Unknown,,,,,48.9020283,30.7325517,{'building': 'warehouse'}
1197212720,way,Unknown,,,,,47.2877041,34.678438,{'building': 'warehouse'}
1197212721,way,Unknown,,,,,47.287357,34.6848681,{'building': 'warehouse'}
1200720828,way,Unknown,,,,,48.2400805,32.1395955,{'building': 'warehouse'}
1202481971,way,Unknown,,,,,50.4857175,30.4903325,{'building': 'warehouse'}
1202844660,way,Unknown,,,,,49.7773949,36.0252368,{'building': 'warehouse'}
1202996607,way,Unknown,,,,,48.2501292,32.1921552,"{'addr:housenumber': '1', 'building': 'warehouse', 'operator': 'Компаніївське РСТ'}"
1204047516,way,Unknown,,,,,48.9787245,24.8058611,{'building': 'warehouse'}
1204638794,way,Unknown,,,,,49.9230014,37.0733322,{'building': 'warehouse'}
1204638795,way,Unknown,,,,,49.9239266,37.0735663,{'building': 'warehouse'}
1206572786,way,База металу,,,,,48.4713454,35.0890936,"{'building': 'warehouse', 'layer': '-1', 'name': 'База металу', 'name:uk': 'База металу'}"
1206998814,way,Unknown,,,,,48.0736188,23.0129962,{'building': 'warehouse'}
1208150997,way,Unknown,,,,,48.2487192,32.2116816,"{'addr:housenumber': '34', 'building': 'warehouse'}"
1209787235,way,Unknown,,,,,48.0772076,23.0495046,{'building': 'warehouse'}
1210163262,way,Unknown,,,,,50.4315925,30.6292585,{'building': 'warehouse'}
1212562684,way,Unknown,,,,,48.3427324,31.7036451,"{'building': 'warehouse', 'height': '5', 'roof:colour': 'darkgreen', 'roof:height': '5', 'roof:shape': 'round'}"
1212562686,way,Unknown,,,,,48.3409578,31.6953557,"{'building': 'warehouse', 'height': '5', 'roof:colour': 'darkgreen', 'roof:height': '5', 'roof:shape': 'round'}"
1213285727,way,Unknown,,,,,49.1111947,27.7234194,{'building': 'warehouse'}
1213285728,way,Unknown,,,,,49.1108656,27.722506,{'building': 'warehouse'}
1213285729,way,Unknown,,,,,49.1130047,27.7252147,{'building': 'warehouse'}
1213285730,way,Unknown,,,,,49.1115397,27.7260896,{'building': 'warehouse'}
1213285731,way,Unknown,,,,,49.110994,27.7278413,{'building': 'warehouse'}
1213285733,way,Unknown,,,,,49.1119217,27.7176093,{'building': 'warehouse'}
1213285734,way,Unknown,,,,,49.1118851,27.7181839,{'building': 'warehouse'}
1213285735,way,Unknown,,,,,49.111272,27.7188505,{'building': 'warehouse'}
1213285738,way,Unknown,,,,,49.1107514,27.7265486,{'building': 'warehouse'}
1213285739,way,Unknown,,,,,49.1110534,27.7270043,{'building': 'warehouse'}
1213285741,way,Unknown,,,,,49.1105345,27.7251487,{'building': 'warehouse'}
1213285742,way,Unknown,,,,,49.1103071,27.7246678,{'building': 'warehouse'}
1213285743,way,Unknown,,,,,49.1101774,27.7241346,{'building': 'warehouse'}
1213285747,way,Unknown,,,,,49.110167,27.723451,{'building': 'warehouse'}
1213285748,way,Unknown,,,,,49.1090026,27.7243148,{'building': 'warehouse'}
1213285754,way,Unknown,,,,,49.1093689,27.7234085,{'building': 'warehouse'}
1213918279,way,Unknown,,,,,48.8776302,27.7645252,{'building': 'warehouse'}
1213918283,way,Unknown,,,,,48.8765837,27.7652309,{'building': 'warehouse'}
1215775770,way,Зерносклад,,,,,48.1630622,37.6513216,"{'addr:housenumber': '36', 'addr:street': 'Миру', 'building': 'warehouse', 'name': 'Зерносклад', 'name:uk': 'Зерносклад'}"
1215982520,way,Unknown,,,,,49.9917225,32.6267323,{'building': 'warehouse'}
1216411833,way,Unknown,,,,,48.4553735,35.0615316,"{'building': 'warehouse', 'building:levels': '1'}"
1216411834,way,Unknown,,,,,48.4553057,35.0616654,"{'building': 'warehouse', 'building:levels': '1'}"
1217021171,way,Unknown,,,,,45.7038205,29.0694936,{'building': 'warehouse'}
1218773608,way,Unknown,,,,,49.8726498,36.0735194,{'building': 'warehouse'}
1219863786,way,Unknown,,,,,47.552335,33.5018602,{'building': 'warehouse'}
1222970343,way,Unknown,,,,,48.2181176,32.3519646,{'building': 'warehouse'}
1222970344,way,Unknown,,,,,48.2203129,32.3528641,{'building': 'warehouse'}
1222970345,way,Unknown,,,,,48.2211447,32.353357,{'building': 'warehouse'}
1228086937,way,Unknown,,,,,48.1798445,32.2751906,{'building': 'warehouse'}
1228086938,way,Unknown,,,,,48.1799807,32.275929,{'building': 'warehouse'}
1229586387,way,Unknown,,,,,48.1320343,32.2917243,{'building': 'warehouse'}
1230287719,way,Unknown,,,,,48.1197454,32.3568385,{'building': 'warehouse'}
1230287720,way,Unknown,,,,,48.1201192,32.3564606,{'building': 'warehouse'}
1232757780,way,Unknown,,,,,46.6871465,32.6623901,{'building': 'warehouse'}
1232757781,way,Unknown,,,,,46.6868034,32.6627977,{'building': 'warehouse'}
1234783607,way,Unknown,,,,,48.1115621,22.8369676,{'building': 'warehouse'}
1237521094,way,Unknown,,,,,49.9666183,24.4883243,{'building': 'warehouse'}
1237521095,way,Unknown,,,,,49.9666295,24.4885197,{'building': 'warehouse'}
1237521096,way,Unknown,,,,,49.9663171,24.4888313,{'building': 'warehouse'}
1237521097,way,Unknown,,,,,49.9665498,24.4898169,{'building': 'warehouse'}
1237521100,way,Unknown,,,,,49.9665878,24.4889736,{'building': 'warehouse'}
1239510010,way,Unknown,,,,,50.4706036,34.9571315,{'building': 'warehouse'}
1241584985,way,Unknown,,,,,50.4708494,34.9573196,{'building': 'warehouse'}
1242806260,way,Unknown,,,,,48.6189581,31.6450261,{'building': 'warehouse'}
1242806263,way,Unknown,,,,,48.6200147,31.6455038,{'building': 'warehouse'}
1243012312,way,Unknown,,,,,48.6412184,31.5536097,{'building': 'warehouse'}
1244013742,way,Unknown,,,,,49.9092041,28.0943828,{'building': 'warehouse'}
1244013743,way,Unknown,,,,,49.9089762,28.0942107,{'building': 'warehouse'}
1244013744,way,Unknown,,,,,49.9091516,28.0928403,{'building': 'warehouse'}
1245585528,way,Unknown,,,,,50.4748697,34.9531588,{'building': 'warehouse'}
1245585529,way,Unknown,,,,,50.4748366,34.9534546,{'building': 'warehouse'}
1248886628,way,Unknown,,,,,46.4561582,30.7318923,{'building': 'warehouse'}
1248886629,way,Unknown,,,,,46.4561108,30.7321162,{'building': 'warehouse'}
1248886630,way,Unknown,,,,,46.4560608,30.7323339,{'building': 'warehouse'}
1248886631,way,Unknown,,,,,46.4560132,30.7325569,{'building': 'warehouse'}
1248886632,way,Unknown,,,,,46.4559427,30.7317057,{'building': 'warehouse'}
1248886633,way,Unknown,,,,,46.4559169,30.731934,{'building': 'warehouse'}
1248886634,way,Unknown,,,,,46.4558949,30.7322383,{'building': 'warehouse'}
1249025678,way,Unknown,,,,,49.1620997,26.7077714,{'building': 'warehouse'}
1249025679,way,Unknown,,,,,49.1619343,26.7079331,{'building': 'warehouse'}
1252857154,way,Unknown,,,,,48.5139586,32.1826035,{'building': 'warehouse'}
1256712272,way,Unknown,,,,,49.388462,33.2397675,{'building': 'warehouse'}
1257212906,way,Unknown,,,,,49.7198882,36.1854764,{'building': 'warehouse'}
1257591338,way,Unknown,,,,,49.7120612,36.1913286,{'building': 'warehouse'}
1257591339,way,Unknown,,,,,49.7119916,36.1914308,{'building': 'warehouse'}
1257591340,way,Unknown,,,,,49.7118713,36.1914483,{'building': 'warehouse'}
1257591341,way,Unknown,,,,,49.7116527,36.1918771,{'building': 'warehouse'}
1257591342,way,Unknown,,,,,49.7114407,36.1919146,{'building': 'warehouse'}
1258979133,way,Unknown,,,,,48.3035656,23.0908723,{'building': 'warehouse'}
1259809163,way,Unknown,,,,,49.0332187,28.0653056,{'building': 'warehouse'}
1263818340,way,Unknown,,,,,48.6056947,32.2313289,{'building': 'warehouse'}
1263818341,way,Unknown,,,,,48.6057088,32.2317411,{'building': 'warehouse'}
1263818342,way,Unknown,,,,,48.6054766,32.2310091,{'building': 'warehouse'}
1264549107,way,Unknown,,,,,49.2657571,38.906399,{'building': 'warehouse'}
1267099308,way,Unknown,,,,,48.7098341,32.6815124,{'building': 'warehouse'}
1267525392,way,Unknown,,,,,48.7283696,32.6885963,{'building': 'warehouse'}
1269207108,way,Unknown,,,,,48.1356435,22.8417141,{'building': 'warehouse'}
1269207109,way,Unknown,,,,,48.1353328,22.841784,{'building': 'warehouse'}
1269207110,way,Unknown,,,,,48.1351504,22.8423304,{'building': 'warehouse'}
1271841307,way,Unknown,,,,,50.7364601,25.595279,{'building': 'warehouse'}
1271841308,way,Unknown,,,,,50.7364954,25.5946732,{'building': 'warehouse'}
1273299048,way,склад твердого палива,,,,,49.1018866,24.3135307,"{'building': 'warehouse', 'building:levels': '1', 'height': '4', 'name': 'склад твердого палива', 'name:uk': 'Склад твердого палива'}"
1274403789,way,Unknown,,,,,49.0516922,27.6427144,{'building': 'warehouse'}
1274403809,way,Unknown,,,,,49.051344,27.6438721,{'building': 'warehouse'}
1274403814,way,Unknown,,,,,49.0520955,27.6503457,{'building': 'warehouse'}
1274461528,way,Unknown,,,,,49.1031845,27.5729916,{'building': 'warehouse'}
1274792700,way,Unknown,,,,,48.4567739,35.110609,"{'building': 'warehouse', 'building:levels': '1'}"
1280900835,way,Unknown,,,,,48.7400641,37.551017,{'building': 'warehouse'}
1280900836,way,Unknown,,,,,48.7396085,37.5509075,{'building': 'warehouse'}
1280900837,way,Unknown,,,,,48.7388632,37.5507966,{'building': 'warehouse'}
1280900838,way,Unknown,,,,,48.7386586,37.550067,{'building': 'warehouse'}
1280900839,way,Unknown,,,,,48.7391838,37.5503734,{'building': 'warehouse'}
1280900841,way,Unknown,,,,,48.7390246,37.5502617,{'building': 'warehouse'}
1285913323,way,Unknown,,,,,47.8858457,29.3439463,"{'building': 'warehouse', 'layer': '-1'}"
1285913324,way,Unknown,,,,,47.8850419,29.345721,{'building': 'warehouse'}
1285913326,way,Unknown,,,,,47.8870947,29.3412277,{'building': 'warehouse'}
1285913814,way,Unknown,,,,,47.8864511,29.343542,{'building': 'warehouse'}
1285915903,way,Unknown,,,,,47.9861966,29.2561295,{'building': 'warehouse'}
1285915904,way,Unknown,,,,,47.9863618,29.2564567,{'building': 'warehouse'}
1285919040,way,Unknown,,,,,48.0941301,29.115381,{'building': 'warehouse'}
1285919042,way,Unknown,,,,,48.0943671,29.1160371,{'building': 'warehouse'}
1285919043,way,Unknown,,,,,48.0938252,29.1166874,{'building': 'warehouse'}
1285919044,way,Unknown,,,,,48.0933152,29.1167925,{'building': 'warehouse'}
1285938860,way,Unknown,,,,,51.5384131,31.2347557,"{'addr:housenumber': '18', 'addr:postcode': '14026', 'addr:street': 'вулиця Прикордонників', 'building': 'warehouse', 'height': '7', 'operator': 'Нова Пошта'}"
1287953962,way,Unknown,,,,,51.4898149,31.2703988,"{'building': 'warehouse', 'building:levels': '1'}"
1290129673,way,Unknown,,,,,48.1402189,22.8343336,{'building': 'warehouse'}
1290796460,way,Unknown,,,,,48.1644188,32.2060488,{'building': 'warehouse'}
1290796465,way,Unknown,,,,,48.1602042,32.1995781,{'building': 'warehouse'}
1290796514,way,Unknown,,,,,48.1537588,32.183573,{'building': 'warehouse'}
1292503725,way,Unknown,,,,,48.1557301,32.1343127,{'building': 'warehouse'}
1292551361,way,Unknown,,,,,48.1928671,32.0640574,{'building': 'warehouse'}
1295246279,way,Unknown,,,,,49.0786724,29.446682,{'building': 'warehouse'}
1296268488,way,Unknown,,,,,47.9834346,34.846813,{'building': 'warehouse'}
1296268489,way,Unknown,,,,,47.9836411,34.8467566,{'building': 'warehouse'}
1296340151,way,Unknown,,,,,46.6512257,32.5977891,"{'addr:housenumber': '3', 'addr:street': 'Залізнична вулиця', 'building': 'warehouse', 'building:levels': '1'}"
1298603448,way,Unknown,,,,,49.218812,29.3217064,{'building': 'warehouse'}
1298603449,way,Склад зерна,,,,,49.2169385,29.314842,"{'building': 'warehouse', 'name': 'Склад зерна'}"
1303035328,way,Ungurian Trans,,,,,48.2112846,26.0314762,"{'industrial': 'logistics', 'landuse': 'industrial', 'name': 'Ungurian Trans'}"
1304557413,way,Unknown,,,,,49.7787591,24.0951185,"{'addr:street': 'вулиця Дорожна', 'building': 'warehouse', 'destroyed:building': 'yes'}"
1304557415,way,Unknown,,,,,49.7793047,24.0965719,"{'addr:street': 'вулиця Дорожна', 'building': 'warehouse'}"
1304557416,way,Unknown,,,,,49.7782171,24.0972411,"{'addr:street': 'вулиця Дорожна', 'building': 'warehouse'}"
1305040449,way,Unknown,,,,,48.040864,37.8589931,"{'building': 'warehouse', 'building:levels': '1', 'roof:colour': '#999999', 'roof:shape': 'flat'}"
1305040450,way,Unknown,,,,,48.0412345,37.8588632,"{'building': 'warehouse', 'building:levels': '1', 'roof:colour': '#999999', 'roof:shape': 'flat'}"
1306225651,way,Unknown,,,,,48.2599226,31.7810749,{'building': 'warehouse'}
1311809112,way,Unknown,,,,,49.462291,34.257137,{'building': 'warehouse'}
1311809113,way,Unknown,,,,,49.462318,34.2577515,{'building': 'warehouse'}
1313549133,way,Unknown,,,,,49.3808152,32.9778583,{'building': 'warehouse'}
1313549134,way,Unknown,,,,,49.3805699,32.9774923,{'building': 'warehouse'}
1313549140,way,Unknown,,,,,49.3772813,32.9694176,{'building': 'warehouse'}
1313549142,way,Unknown,,,,,49.3765672,32.9682258,{'building': 'warehouse'}
1313749921,way,Unknown,,,,,49.8451647,26.2836615,{'building': 'warehouse'}
1313749923,way,Unknown,,,,,49.8462113,26.2844695,{'building': 'warehouse'}
1313749924,way,Unknown,,,,,49.8462308,26.285659,{'building': 'warehouse'}
1313749925,way,Unknown,,,,,49.8462727,26.2867735,{'building': 'warehouse'}
1313749926,way,Unknown,,,,,49.8483244,26.2928621,{'building': 'warehouse'}
1313812966,way,Unknown,,,,,49.845104,26.2858122,{'building': 'warehouse'}
1314011148,way,Unknown,,,,,49.8447251,26.2870508,{'building': 'warehouse'}
1314213072,way,Unknown,,,,,48.7251646,32.6812486,{'building': 'warehouse'}
1314299099,way,Unknown,,,,,49.8392239,26.3165236,{'building': 'warehouse'}
1314639722,way,Unknown,,,,,49.8358217,26.2915571,{'building': 'warehouse'}
1314639723,way,Unknown,,,,,49.8357132,26.2911202,{'building': 'warehouse'}
1315292937,way,Unknown,,,,,51.2632912,32.7909191,{'building': 'warehouse'}
1316211328,way,Unknown,,,,,50.0931932,34.6102363,{'building': 'warehouse'}
1316211329,way,Unknown,,,,,50.0937726,34.6116141,{'building': 'warehouse'}
1316211330,way,Unknown,,,,,50.0937166,34.6121265,{'building': 'warehouse'}
1316211331,way,Unknown,,,,,50.0938999,34.6111511,{'building': 'warehouse'}
1316211332,way,Unknown,,,,,50.093955,34.6107955,{'building': 'warehouse'}
1316392867,way,Unknown,,,,,50.0944236,34.6516678,{'building': 'warehouse'}
1316392868,way,Unknown,,,,,50.0948106,34.652012,{'building': 'warehouse'}
1316392873,way,Unknown,,,,,50.0930274,34.6530332,{'building': 'warehouse'}
1316392874,way,Unknown,,,,,50.0940062,34.6513639,{'building': 'warehouse'}
1316392875,way,Unknown,,,,,50.0934271,34.6513561,{'building': 'warehouse'}
1316392878,way,Unknown,,,,,50.0948422,34.6535338,{'building': 'warehouse'}
1317894518,way,Unknown,,,,,45.3818237,28.8286225,{'building': 'warehouse'}
1317944265,way,Unknown,,,,,49.7452152,34.7091024,{'building': 'warehouse'}
1317944273,way,Unknown,,,,,49.7455686,34.7111593,{'building': 'warehouse'}
1317944274,way,Unknown,,,,,49.7448502,34.7104798,{'building': 'warehouse'}
1317944275,way,Unknown,,,,,49.7465232,34.709673,{'building': 'warehouse'}
1317944276,way,Unknown,,,,,49.7461867,34.7094152,{'building': 'warehouse'}
1317944277,way,Unknown,,,,,49.74569,34.7089535,{'building': 'warehouse'}
1321138782,way,Unknown,,,,,49.3487915,23.5289664,{'building': 'warehouse'}
1322580690,way,Unknown,,,,,50.3572178,30.5602948,"{'building': 'warehouse', 'building:colour': 'gray;blue'}"
1329150575,way,Unknown,,,,,48.1550512,28.4919521,{'building': 'warehouse'}
1329150578,way,Unknown,,,,,48.1544902,28.4914069,{'building': 'warehouse'}
1329150579,way,Unknown,,,,,48.1544098,28.4925945,{'building': 'warehouse'}
1329150580,way,Unknown,,,,,48.1566081,28.4915355,{'building': 'warehouse'}
1329150582,way,Unknown,,,,,48.156603,28.4892326,{'building': 'warehouse'}
1329150583,way,Unknown,,,,,48.1553648,28.4903522,{'building': 'warehouse'}
1329150584,way,Unknown,,,,,48.1535872,28.4911473,{'building': 'warehouse'}
1329150586,way,Unknown,,,,,48.1547707,28.4916693,{'building': 'warehouse'}
1329150587,way,Unknown,,,,,48.1550894,28.4900659,{'building': 'warehouse'}
1329150589,way,Unknown,,,,,48.1560094,28.4929187,{'building': 'warehouse'}
1329150590,way,Unknown,,,,,48.1556381,28.4906284,{'building': 'warehouse'}
1329150591,way,Unknown,,,,,48.156159,28.4910847,{'building': 'warehouse'}
1329151053,way,Unknown,,,,,48.1617035,28.49834,{'building': 'warehouse'}
1329154222,way,Unknown,,,,,48.1808724,28.5149354,{'building': 'warehouse'}
1330606187,way,Unknown,,,,,48.4448979,35.0763974,"{'building': 'warehouse', 'building:levels': '1'}"
1330606200,way,Unknown,,,,,48.4440976,35.0759215,{'building': 'warehouse'}
1334174416,way,Unknown,,,,,49.4641103,23.1714757,{'building': 'warehouse'}
1334491306,way,Unknown,,,,,49.5891996,34.5573974,{'building': 'warehouse'}
1334664523,way,Unknown,,,,,50.3177919,34.1721701,{'building': 'warehouse'}
1336472120,way,Unknown,,,,,49.7486066,27.1952674,{'building': 'warehouse'}
1336472121,way,Unknown,,,,,49.7483397,27.1960301,{'building': 'warehouse'}
1336472126,way,Unknown,,,,,49.748698,27.1958379,{'building': 'warehouse'}
1336528072,way,Unknown,,,,,49.4274671,26.9454855,"{'addr:housenumber': '3/2', 'addr:street': 'вулиця Степанкова', 'building': 'warehouse', 'layer': '1'}"
1337744648,way,"Склади ТОВ ""Пфанер-Бар""",,,,,49.1493646,27.6371934,"{'building': 'warehouse', 'name': 'Склади ТОВ ""Пфанер-Бар""', 'name:uk': 'Склади ТОВ ""Пфанер-Бар""'}"
1346196794,way,Unknown,,,,,49.4894466,35.0956194,{'building': 'warehouse'}
1348175410,way,Unknown,,,,,49.6565285,34.6903304,{'building': 'warehouse'}
1348175411,way,Unknown,,,,,49.6564587,34.690839,{'building': 'warehouse'}
1348721152,way,Unknown,,,,,47.579532,35.7872287,{'building': 'warehouse'}
1348721166,way,Unknown,,,,,47.5777322,35.7862705,"{'building': 'warehouse', 'height': '6.5'}"
1348721182,way,Unknown,,,,,47.5755831,35.7889383,{'building': 'warehouse'}
1349073061,way,Unknown,,,,,49.7747429,34.7574434,{'building': 'warehouse'}
1349073062,way,Unknown,,,,,49.7746303,34.7578022,{'building': 'warehouse'}
1349073063,way,Unknown,,,,,49.7744846,34.7580825,{'building': 'warehouse'}
1349077031,way,Unknown,,,,,48.4365022,29.750072,{'building': 'warehouse'}
1349077032,way,Unknown,,,,,48.4358884,29.7501909,{'building': 'warehouse'}
1349077033,way,Unknown,,,,,48.4385962,29.7461165,{'building': 'warehouse'}
1349216390,way,Unknown,,,,,49.8185812,34.7632179,{'building': 'warehouse'}
1349216391,way,Unknown,,,,,49.8187154,34.7601562,{'building': 'warehouse'}
1349216392,way,Unknown,,,,,49.8183693,34.760773,{'building': 'warehouse'}
1349216393,way,Unknown,,,,,49.8180644,34.7610247,{'building': 'warehouse'}
1349216397,way,Unknown,,,,,49.8176909,34.758921,{'building': 'warehouse'}
1349216398,way,Unknown,,,,,49.8187703,34.7579353,{'building': 'warehouse'}
1349216399,way,Unknown,,,,,49.8182939,34.7571956,{'building': 'warehouse'}
1349216400,way,Unknown,,,,,49.818136,34.7569515,{'building': 'warehouse'}
1349216401,way,Unknown,,,,,49.817996,34.7566763,{'building': 'warehouse'}
1349238800,way,Unknown,,,,,49.9296723,34.7731474,{'building': 'warehouse'}
1349532294,way,Unknown,,,,,49.8852187,34.8282304,{'building': 'warehouse'}
1349550311,way,Unknown,,,,,49.8867663,34.8035741,{'building': 'warehouse'}
1349550314,way,Unknown,,,,,49.8869685,34.8027456,{'building': 'warehouse'}
1349550315,way,Unknown,,,,,49.8870618,34.8019249,{'building': 'warehouse'}
1349550317,way,Unknown,,,,,49.8872195,34.800463,{'building': 'warehouse'}
1349550318,way,Unknown,,,,,49.8861395,34.8009941,{'building': 'warehouse'}
1349550319,way,Unknown,,,,,49.886228,34.800233,{'building': 'warehouse'}
1349550320,way,Unknown,,,,,49.8860194,34.8023583,{'building': 'warehouse'}
1349550321,way,Unknown,,,,,49.8860299,34.8032623,{'building': 'warehouse'}
1349550322,way,Unknown,,,,,49.8854694,34.8037309,{'building': 'warehouse'}
1349550323,way,Unknown,,,,,49.8854261,34.8025525,{'building': 'warehouse'}
1349550324,way,Unknown,,,,,49.8887193,34.8030718,{'building': 'warehouse'}
1349550325,way,Unknown,,,,,49.8881916,34.8032525,{'building': 'warehouse'}
1349550326,way,Unknown,,,,,49.8884664,34.8025124,{'building': 'warehouse'}
1349550327,way,Unknown,,,,,49.8892044,34.8031679,{'building': 'warehouse'}
1351784889,way,Unknown,,,,,48.6505134,32.4944814,{'building': 'warehouse'}
1353670752,way,Unknown,,,,,50.276853,28.6294144,{'building': 'warehouse'}
1355620119,way,Unknown,,,,,47.9933124,37.853268,{'building': 'warehouse'}
1355620120,way,Unknown,,,,,47.993269,37.8530872,{'building': 'warehouse'}
1356649025,way,Unknown,,,,,48.3244307,23.0410022,"{'building': 'warehouse', 'building:levels': '1', 'height': '9'}"
1357548071,way,Unknown,,,,,48.6646026,32.3013974,{'building': 'warehouse'}
1360151928,way,Склад,,,,,47.7636727,33.590934,"{'building': 'warehouse', 'name': 'Склад'}"
1360389877,way,Unknown,,,,,49.9859985,36.2224572,"{'addr:housenumber': '6', 'addr:street': 'Конторський провулок', 'building': 'warehouse'}"
1361241084,way,Unknown,,,,,48.4667724,26.8370687,{'building': 'warehouse'}
1363041796,way,Unknown,,,,,47.5913063,31.3163817,{'building': 'warehouse'}
1363041797,way,Unknown,,,,,47.591313,31.3166848,{'building': 'warehouse'}
1364385203,way,Unknown,,,,,48.7473914,32.5700788,{'building': 'warehouse'}
1369227365,way,Unknown,,,,,48.8447734,32.413906,{'building': 'warehouse'}
1370963053,way,Unknown,,,,,50.4095235,33.1541084,{'building': 'warehouse'}
1370963054,way,Unknown,,,,,50.4095474,33.1548449,{'building': 'warehouse'}
1370963056,way,Unknown,,,,,50.4093913,33.1558163,{'building': 'warehouse'}
1371834733,way,Unknown,,,,,50.4465293,33.068121,{'building': 'warehouse'}
1371834735,way,Unknown,,,,,50.4463883,33.0666878,{'building': 'warehouse'}
1371834736,way,Unknown,,,,,50.4460333,33.0670543,{'building': 'warehouse'}
1373123530,way,Unknown,,,,,50.4745778,34.951948,{'building': 'warehouse'}
1373123531,way,Unknown,,,,,50.4744396,34.9518712,{'building': 'warehouse'}
1373123533,way,Unknown,,,,,50.4743524,34.9515802,{'building': 'warehouse'}
1373787840,way,Unknown,,,,,49.7776202,24.0978616,"{'addr:street': 'вулиця Дорожна', 'building': 'warehouse'}"
1373877805,way,Unknown,,,,,50.8147242,24.4476261,{'building': 'warehouse'}
1374004490,way,Unknown,,,,,49.3980984,33.9080503,{'building': 'warehouse'}
1374004491,way,Unknown,,,,,49.3974762,33.9085681,{'building': 'warehouse'}
1375131860,way,Unknown,,,,,48.8863048,31.979056,"{'addr:housenumber': '1', 'building': 'warehouse'}"
1378602928,way,Unknown,,,,,49.4018801,24.9658462,{'building': 'warehouse'}
1379314811,way,Unknown,,,,,48.6389347,35.2540963,"{'building': 'warehouse', 'man_made': 'tower'}"
1380339116,way,Unknown,,,,,49.7770911,24.096897,"{'addr:street': 'вулиця Дорожна', 'building': 'warehouse', 'office': 'yes'}"
1380339117,way,Unknown,,,,,49.7778897,24.0961755,"{'addr:street': 'вулиця Дорожна', 'building': 'warehouse'}"
1382241442,way,Unknown,,,,,49.2756552,27.5916178,{'building': 'warehouse'}
1382241443,way,Unknown,,,,,49.2761996,27.592213,{'building': 'warehouse'}
1385288240,way,Unknown,,,,,45.3800869,28.8290761,{'building': 'warehouse'}
1387471120,way,Unknown,,,,,48.7182661,33.3633767,{'building': 'warehouse'}
1387477082,way,Unknown,,,,,48.7239029,33.3617147,{'building': 'warehouse'}
1387821652,way,Unknown,,,,,49.1608517,27.7990038,{'building': 'warehouse'}
1387821656,way,Unknown,,,,,49.1586139,27.8007907,{'building': 'warehouse'}
1389595961,way,Unknown,,,,,50.0223503,33.9425399,{'building': 'warehouse'}
1389595962,way,Unknown,,,,,50.0222093,33.9432226,{'building': 'warehouse'}
1389595963,way,Unknown,,,,,50.0214241,33.9433271,"{'addr:housenumber': '79', 'addr:street': 'вулиця Гоголя', 'building': 'warehouse'}"
1389713253,way,Unknown,,,,,48.7311176,31.5653898,{'building': 'warehouse'}
1390745071,way,Unknown,,,,,49.6940679,37.1832055,{'building': 'warehouse'}
1390745072,way,Unknown,,,,,49.6936189,37.1831056,{'building': 'warehouse'}
1390745073,way,Unknown,,,,,49.6938864,37.1811291,{'building': 'warehouse'}
1390926158,way,Unknown,,,,,49.1630371,27.7990186,{'building': 'warehouse'}
1390926159,way,Unknown,,,,,49.1629651,27.799556,{'building': 'warehouse'}
1391305143,way,Unknown,,,,,50.0368865,33.9273776,{'building': 'warehouse'}
1391305145,way,Unknown,,,,,50.0367784,33.9270211,{'building': 'warehouse'}
1391372792,way,Unknown,,,,,49.1602265,27.8007467,{'building': 'warehouse'}
1391372794,way,Unknown,,,,,49.1605065,27.8031006,{'building': 'warehouse'}
1391372798,way,Unknown,,,,,49.1612241,27.8022157,{'building': 'warehouse'}
1391813418,way,Unknown,,,,,49.059864,32.6757974,{'building': 'warehouse'}
1392304664,way,Unknown,,,,,48.7566883,33.2448399,{'building': 'warehouse'}
1393769484,way,Unknown,,,,,50.0049041,33.9294759,{'building': 'warehouse'}
1393769492,way,Unknown,,,,,50.0077739,33.9532558,{'building': 'warehouse'}
1393769493,way,Unknown,,,,,50.0074451,33.9533074,{'building': 'warehouse'}
1393769494,way,Unknown,,,,,50.0070772,33.9533177,{'building': 'warehouse'}
1394121854,way,Unknown,,,,,50.5472012,30.6612072,"{'addr:housenumber': '4-А', 'addr:street': 'Лісова вулиця', 'building': 'warehouse'}"
1395494653,way,Unknown,,,,,50.5372995,30.6445161,{'building': 'warehouse'}
1395494871,way,Unknown,,,,,50.5477489,30.6066112,"{'addr:housenumber': '8', 'addr:street': 'Приміська вулиця', 'building': 'warehouse', 'roof:shape': 'flat'}"
1395494872,way,Unknown,,,,,50.5475366,30.6068866,"{'addr:housenumber': '6', 'addr:street': 'Приміська вулиця', 'building': 'warehouse', 'roof:shape': 'flat'}"
1395494873,way,Unknown,,,,,50.5473355,30.6071484,"{'addr:housenumber': '4', 'addr:street': 'Приміська вулиця', 'building': 'warehouse', 'roof:shape': 'flat'}"
1395494874,way,Unknown,,,,,50.5471307,30.6074048,"{'addr:housenumber': '2', 'addr:street': 'Приміська вулиця', 'building': 'warehouse', 'roof:shape': 'flat'}"
1395568345,way,Unknown,,,,,49.8481541,23.8980454,{'building': 'warehouse'}
1395568346,way,Unknown,,,,,49.8476361,23.8984619,{'building': 'warehouse'}
1395568347,way,Unknown,,,,,49.8469246,23.8985186,{'building': 'warehouse'}
1408543358,way,"ТОВ ""АКВІЯ""",,,,,49.7815404,24.0892138,"{'addr:housenumber': '48', 'addr:street': 'вулиця Дорожна', 'building': 'warehouse', 'name': 'ТОВ ""АКВІЯ""'}"
1409261291,way,Unknown,,,,,48.3091335,32.5374772,{'building': 'warehouse'}
1409261292,way,Unknown,,,,,48.3095859,32.5365573,{'building': 'warehouse'}
1409261293,way,Unknown,,,,,48.3081624,32.534295,{'building': 'warehouse'}
1412339824,way,Unknown,,,,,48.5046926,35.1005914,{'building': 'warehouse'}
1412339825,way,Unknown,,,,,48.5045262,35.1005274,{'building': 'warehouse'}
1412339826,way,Unknown,,,,,48.5043962,35.1004575,{'building': 'warehouse'}
1412339827,way,Unknown,,,,,48.5042665,35.1003999,{'building': 'warehouse'}
1412339828,way,Unknown,,,,,48.504137,35.1003398,{'building': 'warehouse'}
1412469033,way,Unknown,,,,,49.6945188,37.1642583,{'building': 'warehouse'}
1412469034,way,Unknown,,,,,49.6942489,37.164248,{'building': 'warehouse'}
1413309673,way,Unknown,,,,,48.6345415,35.2510468,{'building': 'warehouse'}
1413651016,way,Unknown,,,,,48.6387385,35.2515992,{'building': 'warehouse'}
1414694701,way,Unknown,,,,,48.6372044,35.2510362,{'building': 'warehouse'}
1415299542,way,Unknown,,,,,48.3631591,32.7580926,{'building': 'warehouse'}
1415299543,way,Unknown,,,,,48.3633472,32.7583664,{'building': 'warehouse'}
1415299552,way,Unknown,,,,,48.3625515,32.7580097,{'building': 'warehouse'}
1415299553,way,Unknown,,,,,48.3625705,32.7582503,{'building': 'warehouse'}
1416286630,way,Unknown,,,,,50.0897316,33.9397395,{'building': 'warehouse'}
1416286632,way,Unknown,,,,,50.0895446,33.9405093,{'building': 'warehouse'}
1416286633,way,Unknown,,,,,50.0893116,33.9409256,{'building': 'warehouse'}
1416286634,way,Unknown,,,,,50.0891673,33.9407115,{'building': 'warehouse'}
1417963215,way,Wildberries,,,,,45.0120061,34.1777013,"{'building': 'warehouse', 'name': 'Wildberries'}"
1418631363,way,Unknown,,,,,49.2016105,31.8914868,{'building': 'warehouse'}
1418633280,way,Unknown,,,,,50.1439234,33.928386,{'building': 'warehouse'}
1418633281,way,Unknown,,,,,50.143599,33.9310332,{'building': 'warehouse'}
1418633282,way,Unknown,,,,,50.1437571,33.9306946,{'building': 'warehouse'}
1418633284,way,Unknown,,,,,50.1438947,33.9316121,{'building': 'warehouse'}
1418633343,way,Unknown,,,,,50.13986,33.9375959,{'building': 'warehouse'}
1418633344,way,Unknown,,,,,50.1393921,33.936275,{'building': 'warehouse'}
1418698107,way,Unknown,,,,,48.4498777,32.9613611,{'building': 'warehouse'}
1419143830,way,Unknown,,,,,50.4579201,33.5771092,{'building': 'warehouse'}
1419143884,way,Unknown,,,,,50.456191,33.5805672,{'building': 'warehouse'}
1419143885,way,Unknown,,,,,50.4566679,33.5807415,{'building': 'warehouse'}
1419143886,way,Unknown,,,,,50.4563032,33.5798334,{'building': 'warehouse'}
1419143889,way,Unknown,,,,,50.4574155,33.5793831,{'building': 'warehouse'}
1419143890,way,Unknown,,,,,50.4570311,33.5781629,{'building': 'warehouse'}
1419155315,way,Unknown,,,,,50.4539276,33.5882826,{'building': 'warehouse'}
1419155316,way,Unknown,,,,,50.4544762,33.587053,{'building': 'warehouse'}
1423498274,way,Склад електроцеха,,,,,48.4965057,34.67859,"{'building': 'warehouse', 'name': 'Склад електроцеха'}"
1423981587,way,Unknown,,,,,49.9612032,36.0987339,{'building': 'warehouse'}
1424970263,way,Unknown,,,,,48.0280835,37.8244186,{'building': 'warehouse'}
1426640450,way,Unknown,,,,,47.8689766,29.6392604,{'building': 'warehouse'}
1426641905,way,Вугільний склад,,,,,47.8723712,29.6319265,"{'addr:housenumber': '2', 'addr:postcode': '66161', 'addr:street': 'Залізнична вулиця', 'building': 'warehouse', 'building:levels': '1', 'height': '3', 'name': 'Вугільний склад', 'phone': '+380992546409'}"
1426642402,way,Вугільний склад,,,,,47.8722605,29.6316746,"{'addr:housenumber': '2', 'addr:postcode': '66161', 'addr:street': 'Залізнична вулиця', 'building': 'warehouse', 'building:levels': '1', 'height': '3', 'name': 'Вугільний склад', 'phone': '+380992546409'}"
1427074099,way,Unknown,,,,,50.3872075,30.4311918,{'building': 'warehouse'}
1427546754,way,Unknown,,,,,48.9102395,32.0429154,{'building': 'warehouse'}
1430224797,way,Unknown,,,,,49.4780296,33.2208179,{'building': 'warehouse'}
1431244229,way,Unknown,,,,,48.8906554,32.2328023,{'building': 'warehouse'}
1431244230,way,Unknown,,,,,48.8907385,32.2341228,{'building': 'warehouse'}
1431244231,way,Unknown,,,,,48.8910529,32.2319222,{'building': 'warehouse'}
1431244232,way,Unknown,,,,,48.8912468,32.2332108,{'building': 'warehouse'}
1431244233,way,Unknown,,,,,48.8910673,32.2337304,{'building': 'warehouse'}
1433327248,way,Unknown,,,,,48.2882716,26.035017,{'building': 'warehouse'}
1434143775,way,Unknown,,,,,49.7577231,27.2401175,{'building': 'warehouse'}
1434143776,way,Unknown,,,,,49.757749,27.2405609,{'building': 'warehouse'}
1434143779,way,Unknown,,,,,49.7582455,27.2401678,{'building': 'warehouse'}
1434146438,way,Unknown,,,,,49.758059,27.2552547,{'building': 'warehouse'}
1434146439,way,Unknown,,,,,49.7578674,27.256298,{'building': 'warehouse'}
1434146440,way,Unknown,,,,,49.7577837,27.2568732,{'building': 'warehouse'}
1434147516,way,Unknown,,,,,49.7574515,27.2583552,{'building': 'warehouse'}
1434147519,way,Unknown,,,,,49.7574018,27.2587389,{'building': 'warehouse'}
1434147520,way,Unknown,,,,,49.7571913,27.2592384,{'building': 'warehouse'}
1434157616,way,Unknown,,,,,49.7584801,27.2538776,{'building': 'warehouse'}
1434157617,way,Unknown,,,,,49.7576328,27.2573375,{'building': 'warehouse'}
1434157618,way,Unknown,,,,,49.7568085,27.2607701,{'building': 'warehouse'}
1434157622,way,Unknown,,,,,49.7566564,27.2602361,{'building': 'warehouse'}
1434349762,way,Unknown,,,,,48.0472659,37.8672464,{'building': 'warehouse'}
1434854238,way,"Склади меблевої фабрики ""Ясен""",,,,,49.7391236,27.2503346,"{'building': 'warehouse', 'name': 'Склади меблевої фабрики ""Ясен""'}"
1434854674,way,Unknown,,,,,49.7396059,27.251635,{'building': 'warehouse'}
1434854675,way,Unknown,,,,,49.7391473,27.2510767,{'building': 'warehouse'}
1434854676,way,Unknown,,,,,49.7389225,27.2509113,{'building': 'warehouse'}
1434858818,way,Unknown,,,,,49.7380484,27.2559315,{'building': 'warehouse'}
1435857803,way,Unknown,,,,,50.4498299,30.6673158,"{'addr:housenumber': '15', 'addr:street': 'Опришківська вулиця', 'building': 'warehouse'}"
1441595853,way,Unknown,,,,,49.8601887,24.0448108,"{'addr:housenumber': '52-Б', 'addr:postcode': '79024', 'addr:street': 'Промислова вулиця', 'building': 'warehouse', 'building:levels': '2'}"
1443752953,way,Unknown,,,,,50.2235426,33.0262117,{'building': 'warehouse'}
1443752954,way,Unknown,,,,,50.2230719,33.0259041,{'building': 'warehouse'}
1443752955,way,Unknown,,,,,50.221784,33.0306917,{'building': 'warehouse'}
1443752958,way,Unknown,,,,,50.2071218,33.0341271,{'building': 'warehouse'}
1446579211,way,Unknown,,,,,49.3716012,23.5934882,{'building': 'warehouse'}
1446579213,way,Unknown,,,,,49.372335,23.5940704,{'building': 'warehouse'}
1450114092,way,ПУД РЦ,,,,,44.8776704,34.0299212,"{'addr:city': 'Чистенькое', 'addr:housenumber': '3', 'addr:street': 'Симферополь-Бахчисарай-Севастополь, километр 9-й', 'building': 'warehouse', 'name': 'ПУД РЦ'}"
1451080289,way,Unknown,,,,,50.045195,24.0012023,{'building': 'warehouse'}
1451080290,way,Unknown,,,,,50.0443676,24.0012027,{'building': 'warehouse'}
1451080292,way,Unknown,,,,,50.0445021,24.0005021,{'building': 'warehouse'}
1456543908,way,Unknown,,,,,44.8756529,34.0324004,"{'addr:city': 'Чистенькое', 'addr:housenumber': '2', 'addr:street': 'Симферополь-Бахчисарай-Севастополь, километр 9-й', 'building': 'warehouse'}"
1456543909,way,ПУД магазин,,,,,44.874623,34.0320119,"{'addr:city': 'Чистенькое', 'addr:housenumber': '3А', 'addr:street': 'Симферополь-Бахчисарай-Севастополь, километр 9-й', 'building': 'warehouse', 'name': 'ПУД магазин', 'shop': 'supermarket'}"
1456543910,way,Unknown,,,,,44.8778664,34.0264024,{'building': 'warehouse'}
1456687111,way,Unknown,,,,,44.8884742,34.0795487,{'building': 'warehouse'}
1456687953,way,67/6,,,,,44.888678,34.0795999,"{'addr:city': 'село Фонтаны', 'addr:housenumber': '67/6', 'addr:street': 'улица Чкалова', 'building': 'warehouse', 'name': '67/6'}"
1456692264,way,65Нс4,,,,,44.8973693,34.0780717,"{'addr:city': 'село Фонтаны', 'addr:housenumber': '65Нс4', 'addr:street': 'улица Чкалова', 'building': 'warehouse', 'name': '65Нс4'}"
1456726399,way,Unknown,,,,,45.032866,34.043616,"{'addr:city': 'Симферополь', 'addr:housenumber': '11Б', 'addr:street': 'Московское шоссе', 'building': 'warehouse'}"
1456727134,way,Вайлдберрис,,,,,45.0320627,34.046014,"{'addr:city': 'Симферополь', 'addr:housenumber': '11с1', 'addr:street': 'Московское шоссе', 'building': 'warehouse', 'name': 'Вайлдберрис'}"
1456727135,way,Unknown,,,,,45.0314262,34.0460144,"{'addr:city': 'Симферополь', 'addr:housenumber': '12с2', 'addr:street': 'Московское шоссе', 'building': 'warehouse'}"
1456729620,way,Unknown,,,,,44.8900655,34.0787016,{'building': 'warehouse'}
1456730660,way,Идеал-Крым,,,,,44.8905565,34.0795349,"{'addr:city': 'село Фонтаны', 'addr:housenumber': '69В', 'addr:street': 'улица Чкалова', 'building': 'warehouse', 'name': 'Идеал-Крым'}"
1456730661,way,Unknown,,,,,44.8910785,34.0796984,"{'addr:city': 'село Фонтаны', 'addr:housenumber': '69в ст2', 'addr:street': 'улица Чкалова', 'building': 'warehouse'}"
1456730662,way,Unknown,,,,,44.8906023,34.0800455,"{'addr:city': 'село Фонтаны', 'addr:housenumber': '69в ст3', 'addr:street': 'улица Чкалова', 'building': 'warehouse'}"
1456828795,way,Unknown,,,,,44.9418334,34.0162702,{'building': 'warehouse'}
1456978018,way,Unknown,,,,,44.8798445,34.0422304,{'building': 'warehouse'}
1456978019,way,Unknown,,,,,44.8799706,34.0423908,{'building': 'warehouse'}
1456993851,way,14А,,,,,44.8807324,34.0431,"{'addr:city': 'село Чистенькое', 'addr:housenumber': '14А', 'addr:street': 'улица Чапаева', 'building': 'warehouse', 'name': '14А'}"
1457069405,way,Unknown,,,,,44.8857029,34.0453443,"{'building': 'warehouse', 'man_made': 'works'}"
1457357303,way,Unknown,,,,,50.4496178,30.6538181,{'building': 'warehouse'}
1457475627,way,Unknown,,,,,48.2779348,23.4439817,{'building': 'warehouse'}
1457760095,way,Unknown,,,,,44.8909709,34.0779444,{'building': 'warehouse'}
1457760096,way,Unknown,,,,,44.891529,34.0767803,{'building': 'warehouse'}
1457760100,way,Unknown,,,,,44.891572,34.0759961,{'building': 'warehouse'}
1457791059,way,Unknown,,,,,49.9423482,36.2260982,{'building': 'warehouse'}
1457830165,way,Unknown,,,,,45.0120413,34.1855083,{'building': 'warehouse'}
1458035767,way,Unknown,,,,,44.8948518,34.0740368,{'building': 'warehouse'}
1458035768,way,Unknown,,,,,44.8939739,34.0744229,{'building': 'warehouse'}
1458043022,way,Unknown,,,,,44.8873606,34.0429319,{'building': 'warehouse'}
1458045394,way,Unknown,,,,,44.8348714,33.9759693,{'building': 'warehouse'}
1458223622,way,Unknown,,,,,44.8879539,34.0779184,"{'addr:city': 'село Фонтаны', 'addr:housenumber': '67Б ст2', 'addr:street': 'улица Чкалова', 'building': 'warehouse'}"
1458223623,way,Unknown,,,,,44.8872591,34.0792213,"{'addr:city': 'село Фонтаны', 'addr:housenumber': '67/4А', 'addr:street': 'улица Чкалова', 'building': 'warehouse'}"
1458223624,way,Unknown,,,,,44.8882181,34.0759087,"{'addr:city': 'село Фонтаны', 'addr:housenumber': '67/6 к1', 'addr:street': 'улица Чкалова', 'building': 'warehouse'}"
1458271703,way,Unknown,,,,,44.8836433,34.0490052,{'building': 'warehouse'}
1458271704,way,Unknown,,,,,44.8837632,34.0490961,{'building': 'warehouse'}
1458271705,way,Unknown,,,,,44.8834333,34.0491868,{'building': 'warehouse'}
1458271940,way,Unknown,,,,,44.88347,34.0494161,{'building': 'warehouse'}
1458271941,way,Unknown,,,,,44.8831796,34.0493286,{'building': 'warehouse'}
1458271942,way,Unknown,,,,,44.8833259,34.0490043,{'building': 'warehouse'}
1458275709,way,Unknown,,,,,44.8874937,34.0466887,{'building': 'warehouse'}
1459247550,way,Unknown,,,,,48.4067318,34.9988276,{'building': 'warehouse'}
1459795048,way,Unknown,,,,,49.9519824,24.988386,{'building': 'warehouse'}
1459831390,way,Unknown,,,,,48.8972785,26.3740601,{'building': 'warehouse'}
1459831399,way,Unknown,,,,,48.8978604,26.373129,{'building': 'warehouse'}
1459831400,way,Unknown,,,,,48.8977753,26.3730536,{'building': 'warehouse'}
1459831403,way,Unknown,,,,,48.8978989,26.3727394,{'building': 'warehouse'}
1459864423,way,Unknown,,,,,44.8821785,34.0404392,{'building': 'warehouse'}
1461633906,way,Unknown,,,,,48.5367986,35.0495578,{'building': 'warehouse'}
1463880677,way,Unknown,,,,,49.5001568,34.5386245,{'building': 'warehouse'}
1463880678,way,Unknown,,,,,49.5005181,34.5383926,{'building': 'warehouse'}
1463880679,way,Unknown,,,,,49.500881,34.5383681,{'building': 'warehouse'}
1464165975,way,Unknown,,,,,44.9419129,34.0159698,{'building': 'warehouse'}
1464173877,way,Unknown,,,,,44.9416401,34.0183534,{'building': 'warehouse'}
1465192632,way,Unknown,,,,,50.8331005,26.9720599,{'building': 'warehouse'}
1468734382,way,Unknown,,,,,49.8123367,24.6552858,{'building': 'warehouse'}
1469483655,way,Unknown,,,,,46.7207052,32.09142,{'building': 'warehouse'}
1469492061,way,Unknown,,,,,44.9593877,34.0708468,{'building': 'warehouse'}
1478584141,way,Unknown,,,,,49.5972477,32.883584,{'building': 'warehouse'}
1478584145,way,Unknown,,,,,49.5977556,32.8854961,{'building': 'warehouse'}
1478584147,way,Unknown,,,,,49.5982914,32.8864076,{'building': 'warehouse'}
1478584148,way,Unknown,,,,,49.5980473,32.8862199,{'building': 'warehouse'}
1478584149,way,Unknown,,,,,49.5979001,32.8864367,{'building': 'warehouse'}
1478584150,way,Unknown,,,,,49.597745,32.8865117,{'building': 'warehouse'}
1478584151,way,Unknown,,,,,49.5975979,32.8867568,{'building': 'warehouse'}
1478584152,way,Unknown,,,,,49.5974355,32.8867794,{'building': 'warehouse'}
1478584153,way,Unknown,,,,,49.5972845,32.8868032,{'building': 'warehouse'}
1478584154,way,Unknown,,,,,49.5974454,32.8854489,{'building': 'warehouse'}
1478732871,way,Unknown,,,,,49.6203579,32.8765354,{'building': 'warehouse'}
1478732872,way,Unknown,,,,,49.6203369,32.877438,{'building': 'warehouse'}
1478732873,way,Unknown,,,,,49.6204208,32.8771671,{'building': 'warehouse'}
1478732874,way,Unknown,,,,,49.6200577,32.8766351,{'building': 'warehouse'}
1481540206,way,Unknown,,,,,45.0327592,35.363725,"{'addr:housenumber': '10И', 'addr:street': 'улица Челнокова', 'building': 'warehouse'}"
1481540207,way,Unknown,,,,,45.0325117,35.3652723,{'building': 'warehouse'}
1484013237,way,Unknown,,,,,50.3847009,33.3015953,{'building': 'warehouse'}
1484013238,way,Unknown,,,,,50.3844646,33.3017787,{'building': 'warehouse'}
1484013239,way,Unknown,,,,,50.3841382,33.3014914,{'building': 'warehouse'}
1484013258,way,Unknown,,,,,50.3856022,33.3001628,{'building': 'warehouse'}
1484964098,way,Мінеральні добрива Ерідон,,,,,51.3610661,31.2855069,"{'addr:housenumber': '87', 'addr:postcode': '15562', 'addr:street': 'вулиця Дружби', 'building': 'warehouse', 'name': 'Мінеральні добрива Ерідон', 'name:uk': 'Мінеральні добрива Ерідон', 'website': 'https://www.eridon.ua/vidkrittya-novogo-ofisno-skladskogo-kompleksu-eridon-na-chernigivschini'}"
1485488832,way,Unknown,,,,,48.4167425,32.0139686,{'building': 'warehouse'}
1487145121,way,Unknown,,,,,49.3905307,36.8719452,{'building': 'warehouse'}
1487145122,way,Unknown,,,,,49.3900357,36.8723907,{'building': 'warehouse'}
1487145123,way,Unknown,,,,,49.3902958,36.8733796,{'building': 'warehouse'}
1487145124,way,Unknown,,,,,49.3906798,36.8726832,{'building': 'warehouse'}
1487145126,way,Unknown,,,,,49.3853029,36.8889381,{'building': 'warehouse'}
1487145127,way,Unknown,,,,,49.3851065,36.8883803,{'building': 'warehouse'}
1487145128,way,Unknown,,,,,49.385259,36.8906159,{'building': 'warehouse'}
1487145129,way,Unknown,,,,,49.3852252,36.8880533,{'building': 'warehouse'}
1487622641,way,Unknown,,,,,48.633057,35.2600724,{'building': 'warehouse'}
1487995068,way,Unknown,,,,,48.6325194,35.2516717,"{'building': 'warehouse', 'bunker_type': 'air_raid_shelter'}"
1487995069,way,Unknown,,,,,48.6324549,35.2518611,"{'building': 'warehouse', 'bunker_type': 'air_raid_shelter'}"
1487995070,way,Unknown,,,,,48.632256,35.2520062,"{'building': 'warehouse', 'bunker_type': 'air_raid_shelter'}"
1487995071,way,Unknown,,,,,48.6321967,35.2521881,"{'building': 'warehouse', 'bunker_type': 'air_raid_shelter'}"
1487995073,way,Unknown,,,,,48.6324789,35.2514536,"{'building': 'warehouse', 'building:levels': '1'}"
1489808264,way,Unknown,,,,,50.1728447,36.1254734,{'building': 'warehouse'}
1489808265,way,Unknown,,,,,50.172641,36.1252729,{'building': 'warehouse'}
1489808266,way,Unknown,,,,,50.1723837,36.1250196,{'building': 'warehouse'}
1489808267,way,Unknown,,,,,50.1730306,36.1254147,{'building': 'warehouse'}
1489808268,way,Unknown,,,,,50.1732119,36.1255628,{'building': 'warehouse'}
1489808269,way,Unknown,,,,,50.1736242,36.1251492,{'building': 'warehouse'}
1490534948,way,Unknown,,,,,51.5136923,31.2647671,"{'addr:housenumber': '39', 'addr:street': 'Громадська вулиця', 'building': 'warehouse'}"
1491395258,way,Unknown,,,,,49.5937213,32.7929575,{'building': 'warehouse'}
1492205459,way,Папірус,,,,,50.3891856,30.2871359,"{'building': 'warehouse', 'name': 'Папірус', 'name:uk': 'Папірус'}"
1508928348,way,Брейв логістик,,,,,49.8548406,24.0894198,"{'building': 'warehouse', 'name': 'Брейв логістик'}"
1510606097,way,Unknown,,,,,48.51904,35.0885868,"{'building': 'warehouse', 'building:levels': '1'}"
1510606098,way,Unknown,,,,,48.5184092,35.0891112,"{'building': 'warehouse', 'building:levels': '1'}"
1510606099,way,Unknown,,,,,48.5187167,35.0892187,{'building': 'warehouse'}
1510606101,way,Unknown,,,,,48.5193281,35.0876695,"{'building': 'warehouse', 'building:levels': '1'}"
1510606102,way,Unknown,,,,,48.5189366,35.087996,"{'building': 'warehouse', 'building:levels': '1'}"
1510606103,way,Unknown,,,,,48.5185124,35.0883398,"{'building': 'warehouse', 'building:levels': '1'}"
1510606104,way,Unknown,,,,,48.5180995,35.0886754,"{'building': 'warehouse', 'building:levels': '1'}"
1511512955,way,Unknown,,,,,49.7095755,36.3690865,{'building': 'warehouse'}
1514904106,way,Unknown,,,,,48.5385541,35.0727229,{'building': 'warehouse'}
1514904107,way,Unknown,,,,,48.538579,35.0725428,{'building': 'warehouse'}
1514904108,way,Unknown,,,,,48.5385301,35.0729116,{'building': 'warehouse'}
1514904109,way,Unknown,,,,,48.5385071,35.0730967,{'building': 'warehouse'}
1518642369,way,Unknown,,,,,49.0290726,24.3498442,{'building': 'warehouse'}
1518642372,way,Unknown,,,,,49.0288661,24.3509308,{'building': 'warehouse'}
1518644932,way,Unknown,,,,,49.0274577,24.3504481,{'building': 'warehouse'}
1518708901,way,Unknown,,,,,49.7805383,24.0912767,"{'addr:street': 'вулиця Дорожна', 'building': 'warehouse'}"
1519946450,way,Unknown,,,,,48.4722065,35.0879325,{'building': 'warehouse'}
1519946451,way,Unknown,,,,,48.4721256,35.0880603,{'building': 'warehouse'}
1526871111,way,TD-2,,,,,51.5472535,31.5099412,"{'building': 'warehouse', 'height': '8', 'name': 'TD-2'}"
1526881373,way,Unknown,,,,,51.5471239,31.514427,{'building': 'warehouse'}
1526881387,way,TD-1,,,,,51.5449024,31.5103143,"{'building': 'warehouse', 'height': '7', 'name': 'TD-1'}"
1527575625,way,Unknown,,,,,47.8183078,34.9405272,{'building': 'warehouse'}
1527837723,way,Unknown,,,,,45.3544891,28.8071227,{'building': 'warehouse'}
1527837724,way,Unknown,,,,,45.3545827,28.8067616,{'building': 'warehouse'}
1527837725,way,Unknown,,,,,45.3546683,28.8064207,{'building': 'warehouse'}
1529680876,way,Unknown,,,,,45.9023459,29.704105,"{'addr:housenumber': '53', 'building': 'warehouse', 'roof:colour': 'grey', 'roof:levels': '1', 'roof:shape': 'gabled'}"
1530340212,way,Unknown,,,,,51.5007297,31.262979,"{'addr:housenumber': '6', 'addr:postcode': '14021', 'addr:street': 'Ріпкинська вулиця', 'building': 'warehouse'}"
1530340213,way,Unknown,,,,,51.5007447,31.2623539,"{'addr:housenumber': '6', 'addr:postcode': '14021', 'addr:street': 'Ріпкинська вулиця', 'building': 'warehouse'}"
1530760594,way,Unknown,,,,,49.3648773,33.3159109,{'building': 'warehouse'}
1530859276,way,Unknown,,,,,49.3806952,33.2874404,{'building': 'warehouse'}
1530859277,way,Unknown,,,,,49.3807838,33.2879815,{'building': 'warehouse'}
1530859278,way,Unknown,,,,,49.3810889,33.287857,{'building': 'warehouse'}
1530859279,way,Unknown,,,,,49.3808992,33.2868633,{'building': 'warehouse'}
1531926255,way,Unknown,,,,,49.5147219,33.184264,{'building': 'warehouse'}
1531926256,way,Unknown,,,,,49.5135256,33.1846525,{'building': 'warehouse'}
1531926257,way,Unknown,,,,,49.5138407,33.1836409,{'building': 'warehouse'}
1531926258,way,Unknown,,,,,49.5144971,33.1836854,{'building': 'warehouse'}
1533583989,way,Unknown,,,,,49.4651049,33.455295,{'building': 'warehouse'}
1533583990,way,Unknown,,,,,49.4647894,33.455299,{'building': 'warehouse'}
1533583991,way,Unknown,,,,,49.4646609,33.4542782,{'building': 'warehouse'}
1533583992,way,Unknown,,,,,49.4643012,33.4547539,{'building': 'warehouse'}
1533583993,way,Unknown,,,,,49.4637852,33.4550793,{'building': 'warehouse'}
1533583994,way,Unknown,,,,,49.4640445,33.4538556,{'building': 'warehouse'}
1533583995,way,Unknown,,,,,49.4636866,33.4543276,{'building': 'warehouse'}
1533583996,way,Unknown,,,,,49.4642278,33.4535592,{'building': 'warehouse'}
1533583997,way,Unknown,,,,,49.4639029,33.4533342,{'building': 'warehouse'}
1533583998,way,Unknown,,,,,49.4619749,33.4567222,{'building': 'warehouse'}
1533583999,way,Unknown,,,,,49.4613882,33.4572921,{'building': 'warehouse'}
1534367418,way,Unknown,,,,,48.8761779,24.6190592,{'building': 'warehouse'}
1534451882,way,Kormotech,,,,,49.795602,23.7127538,"{'addr:unit': '9', 'building': 'warehouse', 'contact:website': 'https://kormotech.com', 'description': 'Склад-холодильник', 'name': 'Kormotech'}"
1534451887,way,Захід Ресурс,,,,,49.7936201,23.7148798,"{'industrial': 'logistics', 'landuse': 'industrial', 'name': 'Захід Ресурс'}"
1534460868,way,Unknown,,,,,50.8715683,24.3071988,{'building': 'warehouse'}
1534561889,way,Unknown,,,,,47.5244828,35.9124276,{'building': 'warehouse'}
1534720393,way,Unknown,,,,,50.4687891,24.2491411,"{'addr:unit': '5', 'building': 'warehouse'}"
1534720411,way,Unknown,,,,,50.4682428,24.2491386,"{'addr:unit': '4', 'building': 'warehouse'}"
1534744790,way,Склад пектину,,,,,49.7814352,23.6814767,"{'building': 'warehouse', 'building:levels': '1', 'name': 'Склад пектину'}"
1534744797,way,Tank Trans,,,,,49.7804821,23.6791621,"{'industrial': 'logistics', 'landuse': 'industrial', 'name': 'Tank Trans', 'name:uk': 'Танк Транс'}"
1536093306,way,Unknown,,,,,49.4284501,33.4289409,{'building': 'warehouse'}
1536093307,way,Unknown,,,,,49.4282148,33.4281262,{'building': 'warehouse'}
1537245383,way,Unknown,,,,,48.1204867,23.784677,"{'building': 'warehouse', 'building:levels': '1', 'height': '6'}"
1537649523,way,Unknown,,,,,48.1208285,23.7862197,"{'building': 'warehouse', 'building:levels': '1', 'height': '6', 'roof:colour': '#8bf893'}"
1538441378,way,Unknown,,,,,48.4751429,25.3159221,{'building': 'warehouse'}
1540186645,way,Unknown,,,,,50.0433185,34.7639621,{'building': 'warehouse'}
1540715620,way,Unknown,,,,,50.0830651,34.741618,{'building': 'warehouse'}
1540725194,way,Unknown,,,,,50.0567279,34.748851,{'building': 'warehouse'}
1540725195,way,Unknown,,,,,50.0566512,34.7495006,{'building': 'warehouse'}
1540725196,way,Unknown,,,,,50.0557868,34.7498318,{'building': 'warehouse'}
1540754896,way,Unknown,,,,,50.0642543,34.7579855,{'building': 'warehouse'}
1540754897,way,Unknown,,,,,50.0643056,34.7584888,{'building': 'warehouse'}
1540754898,way,Unknown,,,,,50.0639766,34.758339,{'building': 'warehouse'}
1540754899,way,Unknown,,,,,50.0645217,34.7591798,{'building': 'warehouse'}
1540754921,way,Unknown,,,,,50.0681352,34.7702195,{'building': 'warehouse'}
1540771025,way,Unknown,,,,,50.0657467,34.7375337,{'building': 'warehouse'}
1540929861,way,Unknown,,,,,50.0584575,34.743712,{'building': 'warehouse'}
1540929862,way,Unknown,,,,,50.0653806,34.7293335,{'building': 'warehouse'}
1540929863,way,Unknown,,,,,50.0652147,34.7296695,{'building': 'warehouse'}
1540990262,way,Unknown,,,,,50.0632322,34.7561808,{'building': 'warehouse'}
1543005927,way,Unknown,,,,,50.073083,34.7470021,{'building': 'warehouse'}
1543005928,way,Unknown,,,,,50.0732814,34.747401,{'building': 'warehouse'}
1544367218,way,Unknown,,,,,49.8702149,34.7762696,{'building': 'warehouse'}
1544367219,way,Unknown,,,,,49.870504,34.7761452,{'building': 'warehouse'}
1544367220,way,Unknown,,,,,49.8701906,34.7746516,{'building': 'warehouse'}
1544367221,way,Unknown,,,,,49.8703495,34.7752861,{'building': 'warehouse'}
1544367222,way,Unknown,,,,,49.8701079,34.7755713,{'building': 'warehouse'}
1544367223,way,Unknown,,,,,49.8698564,34.7759152,{'building': 'warehouse'}
1544373443,way,Unknown,,,,,49.880869,34.7569574,{'building': 'warehouse'}
1544373445,way,Unknown,,,,,49.8807711,34.7574686,{'building': 'warehouse'}
1544373446,way,Unknown,,,,,49.8812405,34.7603333,{'building': 'warehouse'}
1544373447,way,Unknown,,,,,49.881345,34.7597713,{'building': 'warehouse'}
1544373448,way,Unknown,,,,,49.8815533,34.7591379,{'building': 'warehouse'}
1544373449,way,Unknown,,,,,49.8817104,34.7585863,{'building': 'warehouse'}
1545047869,way,Unknown,,,,,50.0538342,34.7518524,{'building': 'warehouse'}
1545122701,way,Unknown,,,,,51.7473456,25.7053669,{'building': 'warehouse'}
4780464,relation,Unknown,,,,,50.7684571,25.348899,"{'building': 'warehouse', 'building:levels': '1', 'roof:shape': 'skillion', 'type': 'multipolygon'}"
4780465,relation,Unknown,,,,,50.7668022,25.3482499,"{'building': 'warehouse', 'building:levels': '1', 'roof:shape': 'skillion', 'type': 'multipolygon'}"
4780466,relation,Unknown,,,,,50.7675654,25.34792,"{'building': 'warehouse', 'building:levels': '1', 'roof:shape': 'gabled', 'type': 'multipolygon'}"
4780467,relation,Unknown,,,,,50.7676667,25.3484585,"{'building': 'warehouse', 'building:levels': '1', 'roof:shape': 'skillion', 'type': 'multipolygon'}"
4780468,relation,Unknown,,,,,50.7679706,25.3482864,"{'building': 'warehouse', 'building:levels': '1', 'roof:shape': 'gabled', 'type': 'multipolygon'}"
5427990,relation,Unknown,,,,,50.7639885,25.3363295,"{'building': 'warehouse', 'building:levels': '1', 'roof:shape': 'gabled', 'type': 'multipolygon'}"
5435090,relation,Unknown,,,,,50.7537602,25.3471773,"{'building': 'warehouse', 'building:levels': '1', 'roof:shape': 'pitched', 'type': 'multipolygon'}"
5447610,relation,Unknown,,,,,47.2347383,35.7135099,"{'building': 'warehouse', 'type': 'multipolygon'}"
5469485,relation,Unknown,,,,,50.2680041,24.6166943,"{'building': 'warehouse', 'type': 'multipolygon'}"
5469486,relation,Unknown,,,,,50.2679895,24.6169392,"{'building': 'warehouse', 'type': 'multipolygon'}"
8338111,relation,Unknown,,,,,49.8157471,24.062272,"{'addr:housenumber': '147б', 'addr:street': 'Зелена вулиця', 'building': 'warehouse', 'type': 'multipolygon'}"
8338112,relation,Unknown,,,,,49.8157411,24.0620654,"{'addr:housenumber': '147з', 'addr:street': 'Зелена вулиця', 'building': 'warehouse', 'type': 'multipolygon'}"
8338113,relation,Unknown,,,,,49.8157351,24.0618587,"{'addr:housenumber': '147ж', 'addr:street': 'Зелена вулиця', 'building': 'warehouse', 'type': 'multipolygon'}"
9340758,relation,Склад,,,,,50.7613824,29.2752301,"{'addr:housenumber': '1-А', 'addr:street': 'Городищанська вулиця', 'building': 'warehouse', 'name': 'Склад', 'name:en': 'Warehouse', 'name:uk': 'Склад', 'type': 'multipolygon'}"
9744358,relation,Unknown,,,,,48.4955338,32.3095616,"{'building': 'warehouse', 'type': 'multipolygon'}"
9744360,relation,Unknown,,,,,48.4957111,32.3113436,"{'building': 'warehouse', 'type': 'multipolygon'}"
9744362,relation,Unknown,,,,,48.4956775,32.3110594,"{'building': 'warehouse', 'type': 'multipolygon'}"
10409074,relation,Склад дров,,,,,50.7734752,29.2548599,"{'building': 'warehouse', 'name': 'Склад дров', 'name:uk': 'Склад дров', 'type': 'multipolygon'}"
11050129,relation,Unknown,,,,,48.2800372,37.1997432,"{'building': 'warehouse', 'type': 'multipolygon'}"
11503111,relation,Unknown,,,,,50.7625281,25.3392445,"{'building': 'warehouse', 'building:levels': '1', 'building:roof': 'flat', 'type': 'multipolygon'}"
11998874,relation,Unknown,,,,,48.5294402,32.2171569,"{'building': 'warehouse', 'type': 'multipolygon'}"
13827642,relation,Unknown,,,,,49.6046952,34.5502511,"{'building': 'warehouse', 'type': 'multipolygon'}"
21053566,relation,Unknown,,,,,48.8760934,24.6192717,"{'industrial': 'logistics', 'landuse': 'industrial', 'operator': 'ТОВ ""Ярополк""', 'type': 'multipolygon'}"
