osm_id,type,name,minlat,minlon,maxlat,maxlon,center_lat,center_lon,tags
7920340234,node,Unknown,50.6000095,30.5591674,50.6000095,30.5591674,50.6000095,30.5591674,"{'plant:method': 'photovoltaic', 'plant:output:electricity': 'yes', 'plant:source': 'solar', 'power': 'plant'}"
23652365,way,Чорнобильська Атомна Електростанція,,,,,51.389778,30.1042742,"{'alt_name:de': 'Kernkraftwerk Tschernobyl „W. I. Lenin“', 'alt_name:en': 'Chernobyl Nuclear Power Station', 'alt_name:fr': 'Centrales nucléaires de Tchernobyl', 'alt_name:it': ""Centrale nucleare di Černobyl'"", 'alt_name:nb': 'Tsjernobyl kjernekraftverk', 'alt_name:zh': '切尔诺贝利核电站', 'end_date': '2000-12-15', 'hazard': 'nuclear', 'landuse': 'industrial', 'name': 'Чорнобильська Атомна Електростанція', 'name:ar': 'مفاعل تشيرنوبل', 'name:az': 'Çernobıl AES', 'name:ba': 'Чернобыль АЭС-ы', 'name:be': 'Чарнобыльская АЭС', 'name:bg': 'Чернобилска АЕЦ', 'name:bn': 'চেরনোবিল পারমাণবিক বিদ্যুৎ কেন্দ্র', 'name:bs': 'Černobiljska nuklearna elektrana', 'name:ca': 'Central nuclear de Txornòbil', 'name:cs': 'Jaderná elektrárna Černobyl', 'name:da': 'Tjernobyl-atomkraftværket', 'name:de': 'Kernkraftwerk Tschornobyl „W. I. Lenin“', 'name:el': 'Πυρηνικός Σταθμός Παραγωγής Ενέργειας του Τσερνόμπιλ', 'name:en': 'Chornobyl Nuclear Power Plant', 'name:eo': 'Nuklea centralo de Ĉernobilo', 'name:es': 'Central nuclear de Chernóbil', 'name:et': 'Tšornobõli tuumaelektrijaam', 'name:eu': 'Txernobylgo zentral nuklearra', 'name:fa': 'نیروگاه هسته\u200cای چرنوبیل', 'name:fi': 'Tšernobylin ydinvoimalaitos', 'name:fr': 'Centrales nucléaires de Tchornobyl', 'name:he': ""תחנת הכוח הגרעינית צ'רנוביל"", 'name:hi': 'चेरनोबिल परमाणु ऊर्जा संयंत्र', 'name:hu': 'Csernobili atomerőmű', 'name:hy': 'Չեռնոբիլի ատոմակայան', 'name:id': 'Pembangkit Listrik Tenaga Nuklir Chernobyl', 'name:it': ""Centrale nucleare di Čornobyl'"", 'name:ja': 'チェルノブイリ原子力発電所', 'name:ka': 'ჩერნობილის ატომური ელექტროსადგური', 'name:ko': '체르노빌 원자력 발전소', 'name:lt': 'Černobilio atominė elektrinė', 'name:lv': 'Čornobiļas atomelektrostacija', 'name:ml': 'ചെർണോബിൽ ആണവോർജ്ജനിലയം', 'name:ms': 'Loji Kuasa Nuklear Chornobyl', 'name:nb': 'Tsjornobyl kjernekraftverk', 'name:nl': 'Kerncentrale Tsjernobyl', 'name:pl': 'Czarnobylska Elektrownia Jądrowa', 'name:pt': 'Usina Nuclear de Chernobil', 'name:ro': 'Centrala nucleară de la Cernobîl', 'name:ru': 'Чернобыльская атомная электростанция', 'name:sk': 'Jadrová elektráreň Černobyl', 'name:sl': 'Jedrska elektrarna Černobil', 'name:sr': 'Чернобиљска нуклеарна електрана', 'name:sv': 'Tjernobyls kärnkraftverk', 'name:th': 'โรงไฟฟ้านิวเคลียร์เชียร์โนบีล', 'name:tr': 'Çernobil Nükleer Santrali', 'name:uk': 'Чорнобильська Атомна Електростанція', 'name:vi': 'Nhà máy điện hạt nhân Chernobyl', 'name:zh': '車諾比核電站', 'old_name:en': 'V.I. Lenin Nuclear Power Station', 'operator': 'НАЕК Енергоатом', 'plant:method': 'fission', 'plant:output:electricity': '0', 'plant:source': 'nuclear', 'power': 'plant', 'short_name:uk': 'ЧАЕС', 'source:name:fr': 'https://books.google.com.ua/books?id=1KCMtpvYXC4C&pg=PA211&dq=Tchornobyl&hl=uk&sa=X&ved=0ahUKEwiDkry-pvzfAhWJiaYKHQj8C3g4ChDoAQg_MAU#v=onepage&q=Tchornobyl&f=false', 'source:name:hu': 'https://helyesiras.mta.hu/helyesiras/default/predict?q=Csernobil; http://www.e-nyelv.hu/2009-10-10/csernobil/', 'start_date': '1978-05-27', 'status': 'disused', 'wikidata': 'Q215419', 'wikipedia': 'uk:Чорнобильська АЕС'}"
28877239,way,Запорізька ТЕС,,,,,47.5076492,34.6250217,"{'landuse': 'industrial', 'name': 'Запорізька ТЕС', 'name:de': 'Gaskraftwerk Saporischschja', 'name:en': 'Zaporizhzhia Power Plant', 'name:fr': 'Centrale thermique', 'name:uk': 'Запорізька ТЕС', 'plant:output:electricity': '3650 MW', 'plant:source': 'gas;coal', 'power': 'plant', 'wikidata': 'Q3365756', 'wikipedia': 'uk:Запорізька ТЕС'}"
28878631,way,Хмельницька атомна електростанція,,,,,50.3019805,26.647958,"{'landuse': 'industrial', 'name': 'Хмельницька атомна електростанція', 'name:en': 'Khmelnytskyi Nuclear Power Plant', 'name:uk': 'Хмельницька атомна електростанція', 'plant:method': 'fission', 'plant:output:electricity': '2000 MW', 'plant:source': 'nuclear', 'power': 'plant', 'wikidata': 'Q1037144', 'wikipedia': 'uk:Хмельницька АЕС'}"
28878854,way,Рівненська АЕС,,,,,51.3252634,25.8968651,"{'name': 'Рівненська АЕС', 'name:de': 'Kernkraftwerk Riwne', 'name:en': 'Rivne Nuclear Power Plant', 'name:fr': 'Centrale nucléaire de Rovno', 'name:it': 'Centrale nucleare di Rìvnens’ka', 'name:pl': 'Elektrownia Jądrowa Równe', 'name:ru': 'Ровенская АЭС', 'name:uk': 'Рівненська АЕС', 'operator': 'НАЕК Енергоатом', 'plant:method': 'fission', 'plant:output:electricity': '2.835 GW', 'plant:source': 'nuclear', 'power': 'plant', 'short_name': 'ВП РАЕС ДП НАЕК ""Енергоатом""', 'start_date': '1981-09-21', 'wikidata': 'Q301915', 'wikipedia': 'uk:Рівненська атомна електростанція', 'wikipedia:ru': 'Ровенская АЭС'}"
35003388,way,Unknown,,,,,50.4994578,30.5872688,"{'landuse': 'industrial', 'power': 'plant'}"
37379306,way,Unknown,,,,,48.2821213,25.9770031,"{'building': 'yes', 'power': 'plant'}"
45020410,way,ТЕЦ-2,,,,,49.2305602,28.4281347,"{'building': 'industrial', 'name': 'ТЕЦ-2', 'name:uk': 'ТЕЦ-2', 'operator': 'Винницагортеплоэнерго', 'power': 'plant'}"
52153391,way,Вінницька ТЕЦ,,,,,49.234865,28.4783792,"{'building': 'industrial', 'name': 'Вінницька ТЕЦ', 'name:ru': 'Винницкая ТЭЦ', 'name:uk': 'Вінницька ТЕЦ', 'operator': 'Вінницяміськтеплоенерго', 'power': 'plant'}"
53542058,way,Unknown,,,,,51.5001779,31.2825304,"{'landuse': 'industrial', 'power': 'plant', 'substation': 'minor_distribution'}"
67514627,way,Unknown,,,,,49.2327026,28.4438883,"{'building': 'industrial', 'plant:method': 'combustion', 'plant:output:hot_water': 'yes', 'plant:source': 'gas', 'power': 'plant'}"
73199860,way,Канівська ГЕС,,,,,49.7611577,31.4731312,"{'landuse': 'industrial', 'name': 'Канівська ГЕС', 'name:ru': 'Каневская ГЭС', 'name:uk': 'Канівська ГЕС', 'plant:method': 'run-of-the-river', 'plant:output:electricity': '472 MW', 'plant:source': 'hydro', 'power': 'plant', 'wikidata': 'Q2027431', 'wikipedia': 'uk:Канівська ГЕС'}"
81520678,way,Unknown,,,,,48.2974554,25.9496235,"{'landuse': 'industrial', 'power': 'plant'}"
86492178,way,ТЕЦ-5,,,,,49.9707269,36.1129474,"{'landuse': 'industrial', 'name': 'ТЕЦ-5', 'name:en': 'Kharkiv-5 Power Plant', 'name:ru': 'ТЭЦ-5', 'name:uk': 'ТЕЦ-5', 'plant:method': 'combustion', 'plant:output:electricity': '540 MW', 'plant:output:hot_water': '1651 MW', 'plant:source': 'gas', 'power': 'plant', 'start_date': '1979', 'website': 'http://www.chpp5.kharkiv.com/', 'wikidata': 'Q2498653', 'wikipedia': 'uk:Харківська ТЕЦ-5'}"
90151946,way,Unknown,,,,,48.4634092,35.0307637,"{'addr:housenumber': '8', 'building': 'yes', 'plant:output:hot_water': 'yes', 'power': 'plant'}"
90163313,way,Дністровська гідроелектротанція Nº2 (ГЕС-2) / Centrala Hidro-Electrică de pe Nistru nr.2 (CHE-2),,,,,48.48711,27.5709638,"{'landuse': 'industrial', 'name': 'Дністровська гідроелектротанція Nº2 (ГЕС-2) / Centrala Hidro-Electrică de pe Nistru nr.2 (CHE-2)', 'name:en': 'Dnestrovskaya HPP-2', 'name:ro': 'Centrala Hidro-Electrică de pe Nistru nr.2 (CHE-2)', 'name:ru': 'Днестровская ГЭС-2', 'name:uk': 'Дністровська гідроелектротанція Nº2 (ГЕС-2) / Centrala Hidro-Electrică de pe Nistru nr.2 (CHE-2)', 'official_name': 'Дністровська гідроелектротанція Nº2 (ГЕС-2)', 'plant:output:electricity': '40.8 MW', 'plant:source': 'hydro', 'power': 'plant', 'start_date': '1999', 'wikidata': 'Q4163276', 'wikipedia': 'uk:Дністровська ГЕС-2'}"
92006649,way,Unknown,,,,,44.9447708,34.1622212,"{'building': 'industrial', 'description': 'Котельная, гараж, прачечная', 'power': 'plant'}"
95093483,way,Unknown,,,,,44.9163165,34.0700511,"{'addr:housenumber': '52', 'addr:street': 'Заводской переулок', 'building': 'industrial', 'power': 'plant', 'source': 'Bing'}"
95347896,way,Unknown,,,,,44.9512347,34.1342872,"{'landuse': 'industrial', 'power': 'plant'}"
95348506,way,Unknown,,,,,44.9499413,34.1294382,"{'building': 'industrial', 'description': 'Котельная', 'plant:output:hot_water': 'yes', 'power': 'plant'}"
96765157,way,Симферопольская ТЭЦ,,,,,45.0126363,34.0361843,"{'barrier': 'wall', 'landuse': 'industrial', 'name': 'Симферопольская ТЭЦ', 'operator': 'КрымТЭЦ', 'plant:method': 'combustion', 'plant:output:electricity': '100 MW', 'plant:output:hot_water': 'yes', 'plant:source': 'gas', 'power': 'plant', 'source': 'Bing', 'start_date': '1958', 'wikidata': 'Q12159431', 'wikipedia': 'ru:Симферопольская ТЭЦ'}"
98105538,way,ЦТП №1715,,,,,44.9738896,34.1339861,"{'addr:housenumber': '210А', 'addr:street': 'проспект Победы', 'building': 'industrial', 'landuse': 'industrial', 'name': 'ЦТП №1715', 'name:uk': 'ЦТП №1715', 'operator': 'ГУП РК ""Крымтеплокоммунэнерго""', 'phone': '+7 3652 61-52-52', 'plant:output:hot_water': 'yes', 'power': 'plant'}"
98939355,way,Unknown,,,,,49.7967467,30.1880301,"{'building': 'yes', 'landuse': 'industrial', 'power': 'plant'}"
99180521,way,Білоцерківська ТЕЦ,,,,,49.7975894,30.1889236,"{'landuse': 'industrial', 'name': 'Білоцерківська ТЕЦ', 'name:en': 'Bilotserkivska TPP', 'name:ru': 'Белоцерковская ТЭЦ', 'name:uk': 'Білоцерківська ТЕЦ', 'plant:output:electricity': '120 MW', 'plant:output:hot_water': 'yes', 'plant:source': 'oil;gas', 'power': 'plant', 'start_date': '1971', 'wikidata': 'Q12086812', 'wikipedia': 'uk:Білоцерківська ТЕЦ'}"
100224830,way,Unknown,,,,,50.4526581,30.4815303,"{'landuse': 'industrial', 'power': 'plant'}"
100506730,way,Unknown,,,,,50.4068293,30.5026873,"{'addr:housenumber': '126-Б', 'addr:street': 'проспект Валерія Лобановського', 'building': 'service', 'landuse': 'industrial', 'power': 'plant'}"
100738832,way,Unknown,,,,,50.4799404,30.4469424,"{'addr:housenumber': '2', 'addr:street': 'Бакинська вулиця', 'building': 'industrial', 'landuse': 'industrial', 'operator': 'Київенерго', 'power': 'plant', 'power:output:hot_water': 'yes'}"
102671380,way,Unknown,,,,,50.4688465,30.4878358,"{'landuse': 'industrial', 'power': 'plant'}"
103454222,way,Unknown,,,,,48.5081459,32.2230593,"{'building': 'industrial', 'operator': 'ДП ""Кіровоградтепло"" ТОВ ""ЦНТІ УНГА""', 'power': 'plant'}"
103875942,way,Теплопункт,,,,,48.5070516,32.2618601,"{'building': 'industrial', 'building:levels': '2', 'industrial': 'heating_station', 'name': 'Теплопункт', 'name:uk': 'Теплопункт', 'power': 'plant', 'roof:colour': '#808080'}"
105512958,way,Unknown,,,,,51.498369,31.2947312,"{'landuse': 'industrial', 'power': 'plant'}"
105614457,way,Unknown,,,,,51.5000425,31.2880765,"{'landuse': 'industrial', 'power': 'plant'}"
105716746,way,Unknown,,,,,51.5200143,31.2316318,"{'landuse': 'industrial', 'power': 'plant'}"
106099185,way,Unknown,,,,,51.4985726,31.284524,"{'landuse': 'industrial', 'power': 'plant'}"
106296381,way,Київська ТЕЦ-6,,,,,50.5312327,30.6669845,"{'landuse': 'industrial', 'name': 'Київська ТЕЦ-6', 'name:en': 'Kyiv CHP-6 Power Plant', 'plant:method': 'combustion', 'plant:output:electricity': '500 MW', 'plant:output:hot_water': 'yes', 'plant:source': 'gas', 'power': 'plant', 'wikidata': 'Q12110203', 'wikipedia': 'uk:Київська ТЕЦ-6'}"
107630433,way,Unknown,,,,,51.5060892,31.2779552,"{'landuse': 'industrial', 'power': 'plant'}"
107701636,way,Unknown,,,,,50.5009899,30.4319561,"{'landuse': 'industrial', 'power': 'plant'}"
108150147,way,ЦТП-8 Херсонтеплоенерго,,,,,46.6453187,32.5678175,"{'building': 'yes', 'height': '15', 'landuse': 'industrial', 'name': 'ЦТП-8 Херсонтеплоенерго', 'name:uk': 'Теплоцентраль', 'power': 'plant'}"
108210603,way,Unknown,,,,,51.5084101,31.3343127,"{'landuse': 'industrial', 'power': 'plant'}"
110195596,way,Unknown,,,,,47.9998655,37.8285012,"{'building:levels': '2', 'landuse': 'industrial', 'power': 'plant'}"
110368566,way,Unknown,,,,,51.4994325,31.276523,"{'building': 'industrial', 'building:levels': '2', 'plant:output:hot_water': 'yes', 'power': 'plant'}"
111525413,way,Unknown,,,,,47.9903972,37.7873091,"{'addr:housenumber': '12а', 'addr:street': 'Стадіонна вулиця', 'power': 'plant'}"
112468309,way,Unknown,,,,,44.5782579,33.753452,"{'landuse': 'industrial', 'power': 'plant'}"
112635459,way,Unknown,,,,,51.4930229,31.2849015,"{'addr:housenumber': '9', 'landuse': 'industrial', 'power': 'plant'}"
112636273,way,Unknown,,,,,51.515662,31.2799164,"{'building': 'industrial', 'building:levels': '2', 'power': 'plant'}"
112979890,way,Unknown,,,,,50.4237895,30.5070019,"{'addr:housenumber': '2', 'addr:street': 'вулиця Миколи Грінченка', 'building': 'industrial', 'building:levels': '2', 'operator': 'БЦ ""Протасів""', 'plant:method': 'combustion', 'plant:output:electricity': 'yes', 'plant:source': 'gas', 'power': 'plant', 'roof:shape': 'skillion'}"
113308943,way,Дніпровська ГЕС,,,,,47.8679295,35.0858217,"{'alt_name': 'Дніпрогес', 'alt_name:ru': 'Днепрогэс', 'generator:source': 'hydro', 'image': 'https://upload.wikimedia.org/wikipedia/commons/3/3e/Дніпрогес_з_висоти.jpg', 'landuse': 'industrial', 'name': 'Дніпровська ГЕС', 'name:de': 'DniproHES', 'name:en': 'Dnieper Hydroelectric Station', 'name:hr': 'DniproGES', 'name:ru': 'Днепровская ГЭС', 'name:uk': 'Дніпровська ГЕС', 'name:zh': '第聂伯河水电站', 'plant:method': 'water-storage', 'plant:output:electricity': '1578,6 MW', 'plant:source': 'hydro', 'power': 'plant', 'start_date': '1932-10-10', 'waterway': 'dam', 'wikidata': 'Q738619', 'wikipedia': 'uk:Дніпровська ГЕС'}"
113718118,way,Unknown,,,,,47.9524426,37.7960334,"{'landuse': 'industrial', 'power': 'plant'}"
113757400,way,Чернігівська ТЕЦ,,,,,51.4519648,31.2662994,"{'landuse': 'industrial', 'name': 'Чернігівська ТЕЦ', 'name:en': 'Chernihiv Power Plant', 'name:ru': 'Черниговская ТЭЦ', 'name:uk': 'Чернігівська ТЕЦ', 'plant:method': 'combustion', 'plant:output:electricity': '210 MW', 'plant:output:hot_water': 'yes', 'plant:source': 'coal', 'power': 'plant', 'start_date': '1964', 'wikidata': 'Q6665156', 'wikipedia': 'uk:Чернігівська ТЕЦ'}"
113939539,way,Unknown,,,,,47.9222925,38.1991366,"{'landuse': 'industrial', 'power': 'plant'}"
113939619,way,Unknown,,,,,47.9170898,38.2034468,"{'landuse': 'industrial', 'power': 'plant'}"
113939620,way,Unknown,,,,,47.9147078,38.2084023,"{'landuse': 'industrial', 'power': 'plant'}"
114389760,way,Первомайська ГЕС,,,,,48.0415329,30.8394492,"{'building': 'industrial', 'layer': '1', 'name': 'Первомайська ГЕС', 'name:uk': 'Первомайська ГЕС', 'operator': 'Тов ""Емза""', 'plant:method': 'run-of-the-river', 'plant:output:electricity': '2135kW', 'plant:source': 'hydro', 'power': 'plant', 'start_date': '2021'}"
115824367,way,Котельня,,,,,48.5901119,37.9575303,"{'landuse': 'industrial', 'name': 'Котельня', 'name:uk': 'Котельня', 'power': 'plant', 'source': 'Bing'}"
116771060,way,Unknown,,,,,48.010198,37.8146833,"{'landuse': 'industrial', 'plant:output:hot_water': 'yes', 'power': 'plant'}"
118390439,way,Unknown,,,,,48.016885,37.7850703,"{'building': 'industrial', 'power': 'plant'}"
119025179,way,Котельня,,,,,48.5293015,35.041939,"{'landuse': 'industrial', 'name': 'Котельня', 'name:uk': 'Котельня', 'power': 'plant'}"
119550249,way,Тарханкутская ВЭС,,,,,45.4246346,32.7689459,"{'landuse': 'industrial', 'name': 'Тарханкутская ВЭС', 'plant:method': 'wind_turbine', 'plant:output:electricity': '15.5 MW', 'plant:source': 'wind', 'power': 'plant', 'wikidata': 'Q4452226'}"
120495170,way,Котельня,,,,,48.3253812,38.1443898,"{'addr:housenumber': '38', 'building:levels': '5', 'landuse': 'industrial', 'name': 'Котельня', 'name:uk': 'Котельня', 'power': 'plant'}"
120495290,way,Котельня,,,,,48.3252605,38.1438388,"{'landuse': 'industrial', 'name': 'Котельня', 'name:uk': 'Котельня', 'power': 'plant'}"
122000673,way,Unknown,,,,,48.5255402,35.0448801,"{'addr:housenumber': '82-К', 'addr:street': 'Старочумацька вулиця', 'building': 'yes', 'plant:output:hot_water': 'yes', 'power': 'plant'}"
124061051,way,Криворізька ТЕС,,,,,47.5452524,33.6594829,"{'frequency': '50', 'generator:method': 'combustion', 'landuse': 'industrial', 'name': 'Криворізька ТЕС', 'name:en': 'Kryvoy Rog TEPS', 'name:ru': 'Криворожская ТЭС', 'name:uk': 'Криворізька ТЕС', 'plant:output:electricity': '2820 MW', 'plant:source': 'coal', 'power': 'plant', 'start_date': '1965', 'wikidata': 'Q11982263', 'wikipedia': 'uk:Криворізька ТЕС'}"
124990635,way,Unknown,,,,,46.6240233,32.7447362,"{'landuse': 'industrial', 'power': 'plant', 'source': 'local knowledge'}"
125306370,way,Unknown,,,,,47.9605947,33.4278933,"{'building': 'service', 'plant:output:hot_water': 'yes', 'power': 'plant'}"
127118790,way,Unknown,,,,,51.5044441,31.2811554,"{'building': 'yes', 'landuse': 'industrial', 'power': 'plant'}"
127163069,way,Мигіївська ГЕС,,,,,48.0302018,30.943902,"{'building': 'industrial', 'layer': '1', 'name': 'Мигіївська ГЕС', 'name:uk': 'Мигіївська ГЕС', 'operator': 'Тов ""Емза""', 'plant:method': 'run-of-the-river', 'plant:output:electricity': '904kW', 'plant:source': 'hydro', 'power': 'plant', 'start_date': '1950'}"
127178818,way,Котельная 8 мкрн.,,,,,45.2072795,33.3365756,"{'addr:city': 'Евпатория', 'addr:housenumber': '119', 'addr:street': 'Чапаева', 'fixme': 'resurvey', 'landuse': 'industrial', 'name': 'Котельная 8 мкрн.', 'power': 'plant', 'start_date': '1985'}"
127598540,way,Unknown,,,,,46.797474,36.7837956,"{'landuse': 'industrial', 'plant:source': 'solar', 'power': 'plant', 'start_date': '2021'}"
128559513,way,Таврическая ТЭС,,,,,44.9434983,34.2200102,"{'alt_name': 'Симферопольская ПГУ-ТЭС', 'landuse': 'industrial', 'name': 'Таврическая ТЭС', 'name:en': 'Tavricheskaya (Tavri) Power Plant', 'plant:method': 'combustion', 'plant:output:electricity': '470 MW', 'plant:source': 'gas', 'power': 'plant', 'source': 'https://www.gem.wiki/Tavri_power_station', 'start_date': '2019-02-18', 'wikidata': 'Q48922473', 'wikipedia': 'ru:Таврическая ТЭС'}"
130070266,way,Unknown,,,,,48.032024,37.8124442,"{'landuse': 'industrial', 'power': 'plant'}"
130440900,way,Unknown,,,,,48.0108051,37.8586935,"{'building': 'industrial', 'building:levels': '1', 'plant:method': 'combustion', 'plant:output:hot_water': 'yes', 'plant:source': 'gas', 'power': 'plant'}"
130541851,way,Unknown,,,,,49.4245305,26.9984248,"{'addr:housenumber': '48', 'addr:postcode': '29001', 'addr:street': 'Водопровідна вулиця', 'building': 'industrial', 'power': 'plant'}"
130697711,way,Київська ГЕС,,,,,50.5884416,30.5123457,"{'landuse': 'industrial', 'name': 'Київська ГЕС', 'name:de': 'Wasserkraftwerk Kiew', 'name:en': 'Kiev Hydroelectric Power Plant', 'name:ru': 'Киевская ГЭС', 'name:uk': 'Київська ГЕС', 'plant:output:electricity': '440 MW', 'plant:source': 'hydro', 'power': 'plant', 'start_date': '1964', 'waterway': 'dam', 'wikidata': 'Q3443779', 'wikipedia': 'uk:Київська ГЕС'}"
130845121,way,СЭС Родниковое,,,,,45.0380611,33.9311419,"{'landuse': 'industrial', 'name': 'СЭС Родниковое', 'operator': 'Activ Solar', 'plant:method': 'photovoltaic', 'plant:output:electricity': '7.5 MW', 'plant:source': 'solar', 'power': 'plant', 'source': 'Bing', 'start_date': '2011', 'wikidata': 'Q4395941', 'wikipedia': 'ru:Родниковое (электростанция)'}"
132697290,way,Вуглегірська ТЕС,,,,,48.4663163,38.1991173,"{'landuse': 'industrial', 'name': 'Вуглегірська ТЕС', 'name:de': 'Kraftwerk Wuhlehirsk', 'name:en': 'Vuhlehirska (Vuglegirska) power station', 'name:ko': '부흘레히르스카 발전소', 'name:ru': 'Углегорская ТЭС', 'name:sr': 'Угљегорска термоелектрана', 'name:uk': 'Вуглегірська ТЕС', 'operator': 'ПАТ ""Центренерго""', 'plant:method': 'combustion', 'plant:output:electricity': '1200 MW', 'plant:source': 'coal', 'power': 'plant', 'wikidata': 'Q2566637', 'wikipedia': 'uk:Вуглегірська ТЕС'}"
133272041,way,Котельня,,,,,49.4128327,26.9661925,"{'addr:housenumber': '4', 'addr:street': 'вулиця Хотовицького', 'building:levels': '1', 'landuse': 'industrial', 'name': 'Котельня', 'name:uk': 'Котельня', 'operator': ""КП''Південно-Західні тепломережі''"", 'power': 'plant'}"
134121454,way,Unknown,,,,,45.1530192,33.2798398,"{'landuse': 'industrial', 'power': 'plant'}"
135732385,way,Районна котельня «Північна-1»,,,,,46.5769739,30.7868818,"{'generator:output:cold_water': 'yes', 'generator:output:hot_water': 'yes', 'landuse': 'industrial', 'name': 'Районна котельня «Північна-1»', 'name:ru': 'Районная котельная «Северная-1»', 'name:uk': 'Районна котельня «Північна-1»', 'power': 'plant', 'website': 'https://teplo.od.ua/'}"
136057743,way,Ташлицька ГАЕС,,,,,47.7956521,31.1820937,"{'landuse': 'industrial', 'name': 'Ташлицька ГАЕС', 'name:en': 'Tashlyk Pumped-Storage Power Plant', 'name:ru': 'Ташлыкская ГАЭС', 'name:uk': 'Ташлицька ГАЕС', 'plant:method': 'water-pumped-storage', 'plant:output:electricity': '302 MW', 'plant:source': 'hydro', 'power': 'plant', 'wikidata': 'Q4453055', 'wikipedia': 'uk:Ташлицька ГАЕС'}"
136285278,way,Unknown,,,,,48.6680333,33.1228536,"{'landuse': 'industrial', 'note': 'розмічено згідно https://wiki.openstreetmap.org/wiki/Tag:power%3Dplant', 'plant:output:hot_water': 'yes', 'power': 'plant'}"
145984859,way,Unknown,,,,,49.4363951,26.9895226,"{'building': 'industrial', 'power': 'plant'}"
146304115,way,Unknown,,,,,46.3071385,30.6491329,"{'addr:housenumber': '2', 'addr:street': 'Садова вулиця', 'building': 'industrial', 'generator:output:hot_water': 'yes', 'landuse': 'industrial', 'power': 'plant'}"
146789351,way,ТЕЦ-4,,,,,49.9602272,36.3801271,"{'landuse': 'industrial', 'name': 'ТЕЦ-4', 'name:uk': 'ТЕЦ-4', 'power': 'plant'}"
147144980,way,Котельна,,,,,49.4447524,26.995321,"{'landuse': 'industrial', 'name': 'Котельна', 'name:uk': 'Котельна', 'power': 'plant'}"
147292548,way,"ДП ТЕЦ-2 ""Есхар""",,,,,49.8037986,36.5999293,"{'addr:housenumber': '16', 'addr:postcode': '63524', 'addr:street': '152 Стрілецької дивізії вулиця', 'generator:source': 'coal', 'landuse': 'industrial', 'name': 'ДП ТЕЦ-2 ""Есхар""', 'name:en': 'SE TES-2 Eshar', 'name:ru': 'ГП ТЭЦ-2 Эсхар', 'name:uk': 'ДП ТЕЦ-2 ""Есхар""', 'official_name': 'ДЕРЖАВНЕ ПІДПРИЄМСТВО ""ТЕПЛОЕЛЕКТРОЦЕНТРАЛЬ-2 ""ЕСХАР""', 'operator': 'МІНІСТЕРСТВО ЕНЕРГЕТИКИ ТА ВУГІЛЬНОЇ ПРОМИСЛОВОСТІ УКРАЇНИ', 'plant:method': 'combustion', 'plant:output:electricity': '150 MW', 'plant:source': 'coal', 'power': 'plant', 'start_date': '1930'}"
147909824,way,Котельня,,,,,47.9295567,37.6604412,"{'building': 'yes', 'name': 'Котельня', 'name:uk': 'Котельня', 'plant:source': 'gas', 'power': 'plant'}"
148046504,way,Черноморская ВЭС,,,,,45.4857629,32.7445366,"{'generator:source': 'wind', 'name': 'Черноморская ВЭС', 'name:uk': 'Чорноморська ВЕС', 'plant:method': 'wind_turbine', 'plant:output:electricity': '1.2 MW', 'plant:source': 'wind', 'power': 'plant'}"
148113897,way,Unknown,,,,,48.4161249,35.0078608,"{'addr:housenumber': '28-А', 'building': 'industrial', 'building:levels': '1', 'plant:output:hot_water': 'yes', 'power': 'plant'}"
149960475,way,Unknown,,,,,47.7513576,38.0267566,"{'landuse': 'industrial', 'power': 'plant'}"
149960500,way,"""котельная администрации""",,,,,47.7493054,38.0355455,"{'landuse': 'industrial', 'name': '""котельная администрации""', 'power': 'plant'}"
150158208,way,Середньодніпровська ГЕС,,,,,48.5478894,34.541264,"{'landuse': 'industrial', 'name': 'Середньодніпровська ГЕС', 'name:ru': 'Среднеднепровская ГЭС', 'name:uk': 'Середньодніпровська ГЕС', 'old_name': 'Дніпродзержинська ГЕС', 'plant:output:electricity': '352 MW', 'plant:source': 'hydro', 'power': 'plant', 'wikidata': 'Q3379468', 'wikipedia': 'uk:Середньодніпровська ГЕС'}"
151690126,way,Unknown,,,,,47.6636676,33.2716575,"{'barrier': 'wall', 'plant:source': 'solar', 'power': 'plant'}"
153382389,way,Unknown,,,,,49.279062,23.5086384,"{'building': 'industrial', 'building:levels': '2', 'landuse': 'industrial', 'power': 'plant'}"
153400591,way,Котельня,,,,,49.272278,23.5065982,"{'building': 'yes', 'landuse': 'industrial', 'name': 'Котельня', 'name:uk': 'Котельня', 'power': 'plant'}"
153454058,way,Котельня,,,,,49.2993103,23.5587289,"{'building': 'yes', 'landuse': 'industrial', 'name': 'Котельня', 'name:uk': 'Котельня', 'power': 'plant'}"
153476589,way,Котельня,,,,,49.3039375,23.5671463,"{'building': 'yes', 'landuse': 'industrial', 'name': 'Котельня', 'name:uk': 'Котельня', 'power': 'plant'}"
155052832,way,Unknown,,,,,48.5904714,34.6079096,"{'building': 'industrial', 'landuse': 'industrial', 'power': 'plant'}"
155769292,way,Unknown,,,,,49.0228124,24.361283,"{'building': 'industrial', 'plant:output:hot_water': 'yes', 'plant:source': 'gas', 'power': 'plant'}"
155849406,way,Unknown,,,,,51.5304306,31.2377026,"{'landuse': 'industrial', 'power': 'plant'}"
157679293,way,Unknown,,,,,49.8624131,24.0104484,"{'addr:housenumber': '11а', 'addr:postcode': '79020', 'addr:street': 'Випасова вулиця', 'building': 'yes', 'building:levels': '2', 'landuse': 'industrial', 'power': 'plant'}"
160736318,way,Котельня,,,,,50.4561275,30.4778805,"{'building': 'industrial', 'name': 'Котельня', 'name:uk': 'Котельня', 'power': 'plant'}"
162343886,way,Unknown,,,,,49.8185665,24.054734,"{'addr:housenumber': '8а', 'addr:postcode': '79035', 'addr:street': 'Дністерська вулиця', 'building:levels': '1', 'landuse': 'industrial', 'power': 'plant'}"
164920951,way,Слов'янська ТЕС,,,,,48.8722548,37.7647519,"{'frequency': '50', 'landuse': 'industrial', 'name': ""Слов'янська ТЕС"", 'name:en': 'Slavyansk power station', 'name:ru': 'Славянская ТЭС', 'name:uk': ""Слов'янська ТЕС"", 'operator': 'Донбассэнерго', 'plant:output:electricity': '880 MW', 'plant:output:steam': 'yes', 'plant:source': 'coal;oil', 'power': 'plant', 'start_date': '1954', 'wikidata': 'Q3443767', 'wikipedia': ""uk:Слов'янська ТЕС""}"
165285596,way,Unknown,,,,,50.181617,30.3106622,"{'landuse': 'industrial', 'power': 'plant'}"
166075552,way,Котельня,,,,,49.8361331,24.0151967,"{'building': 'service', 'name': 'Котельня', 'name:uk': 'Котельня', 'plant:output:hot_water': 'yes', 'plant:source': 'gas', 'power': 'plant'}"
166624062,way,Unknown,,,,,50.1112277,36.1075666,"{'landuse': 'industrial', 'power': 'plant'}"
166697268,way,Котельная,,,,,44.4104984,34.0311628,"{'building': 'service', 'landuse': 'industrial', 'name': 'Котельная', 'name:ru': 'Котельная', 'power': 'plant'}"
168281210,way,Unknown,,,,,50.2159037,30.3134843,"{'landuse': 'industrial', 'power': 'plant'}"
170142732,way,Котельня,,,,,49.9019491,24.0921184,"{'addr:housenumber': '18', 'landuse': 'industrial', 'name': 'Котельня', 'name:uk': 'Котельня', 'operator': 'Дублянська ОТГ', 'power': 'plant'}"
170269625,way,Unknown,,,,,47.9937238,37.8821154,"{'landuse': 'industrial', 'power': 'plant'}"
170853672,way,Теплопункт та обслуговування ліфтів багатоповерхівок,,,,,48.0582668,38.1416463,"{'landuse': 'industrial', 'name': 'Теплопункт та обслуговування ліфтів багатоповерхівок', 'name:uk': 'Теплопункт та обслуговування ліфтів багатоповерхівок', 'power': 'plant'}"
170873031,way,Unknown,,,,,50.1883097,30.3000303,"{'landuse': 'industrial', 'power': 'plant'}"
170873115,way,Котельня,,,,,50.1909115,30.2972936,"{'building:levels': '2', 'landuse': 'industrial', 'name': 'Котельня', 'name:uk': 'Котельня', 'power': 'plant'}"
170932761,way,Unknown,,,,,50.1914694,30.2999856,"{'landuse': 'industrial', 'power': 'plant'}"
170959690,way,Теплопункт,,,,,48.0572897,38.1338168,"{'landuse': 'industrial', 'name': 'Теплопункт', 'name:uk': 'Теплопункт', 'power': 'plant'}"
170960960,way,Теплопункт,,,,,48.056805,38.1371309,"{'landuse': 'industrial', 'name': 'Теплопункт', 'name:uk': 'Теплопункт', 'power': 'plant'}"
170960967,way,Теплопункт,,,,,48.056097,38.1354517,"{'landuse': 'industrial', 'name': 'Теплопункт', 'name:uk': 'Теплопункт', 'power': 'plant'}"
171002064,way,"Котельня КПТМ ""Криворізька Тепломережа""",,,,,48.0072265,33.3145902,"{'landuse': 'industrial', 'name': 'Котельня КПТМ ""Криворізька Тепломережа""', 'name:uk': 'Котельня КПТМ ""Криворізька Тепломережа""', 'operator': 'КПТМ ""Криворізька Тепломережа""', 'plant:source': 'gas', 'power': 'plant'}"
171046769,way,Unknown,,,,,50.1795642,30.3190553,"{'landuse': 'industrial', 'power': 'plant'}"
171064197,way,Котельня,,,,,48.0537126,38.1425948,"{'landuse': 'industrial', 'name': 'Котельня', 'name:uk': 'Котельня', 'power': 'plant'}"
172457875,way,Котельня,,,,,48.5324677,37.0667719,"{'landuse': 'industrial', 'name': 'Котельня', 'name:uk': 'Котельня', 'power': 'plant'}"
172837735,way,Unknown,,,,,48.0977493,37.968367,"{'addr:street': 'квартал шахтерский', 'building': 'industrial', 'power': 'plant', 'power:output:hot_water': 'yes'}"
178442928,way,Котельня,,,,,49.8429536,23.9620911,"{'addr:housenumber': '86а', 'addr:street': 'Широка вулиця', 'building': 'industrial', 'building:levels': '1', 'industrial': 'heating_station', 'name': 'Котельня', 'name:uk': 'Котельня', 'operator': 'ЛКП Залізничнетеплоенерго', 'power': 'plant'}"
178442934,way,Котельня,,,,,49.8424636,23.9662897,"{'addr:housenumber': '68а', 'addr:street': 'Широка вулиця', 'building': 'industrial', 'building:levels': '2', 'industrial': 'heating_station', 'name': 'Котельня', 'name:uk': 'Котельня', 'operator': 'ЛКП Залізничнетеплоенерго', 'power': 'plant'}"
178816357,way,ЦТП-287,,,,,49.1289049,33.4450255,"{'branch': 'КП Теплоенерго', 'building': 'service', 'generator:output:hot_water': 'yes', 'generator:output:steam': 'yes', 'name': 'ЦТП-287', 'name:uk': 'ЦТП-287', 'power': 'plant'}"
182553975,way,Unknown,,,,,48.0980429,37.9590689,"{'addr:street': 'Гвардейский квартал', 'building': 'industrial', 'building:levels': '2', 'power': 'plant', 'power:output:hot_water': 'yes'}"
182796002,way,Зуєвська ТЕС,,,,,48.0347436,38.2804539,"{'generator:source': 'coal', 'landuse': 'industrial', 'name': 'Зуєвська ТЕС', 'name:en': 'Zuivska power station', 'name:ru': 'Зуевская ТЭС', 'name:uk': 'Зуєвська ТЕС', 'operator': 'ДТЕК', 'plant:method': 'combustion', 'plant:output:electricity': '1245 MW', 'plant:source': 'coal', 'power': 'plant', 'wikidata': 'Q2032458', 'wikipedia': 'uk:Зуївська ТЕС'}"
185754699,way,Unknown,,,,,48.0205945,38.7617287,"{'landuse': 'industrial', 'power': 'plant'}"
187183789,way,Unknown,,,,,46.9934055,32.0617873,"{'landuse': 'industrial', 'plant:source': 'solar', 'power': 'plant'}"
187809912,way,Unknown,,,,,48.6331345,38.3777251,"{'addr:housenumber': '1А', 'addr:street': 'Мічуріна вулиця', 'landuse': 'industrial', 'power': 'plant'}"
187816201,way,Котельна,,,,,48.6403779,38.3983757,"{'landuse': 'industrial', 'name': 'Котельна', 'name:uk': 'Котельна', 'power': 'plant'}"
188051130,way,Sunflower-90,,,,,48.4265154,31.8394687,"{'name': 'Sunflower-90', 'name:uk': 'Sunflower-90', 'operator': 'ФГ ""Омельяненко""', 'plant:method': 'photovoltaic', 'plant:output:electricity': '90 kW', 'plant:source': 'solar', 'power': 'plant', 'start_date': '2014', 'website': 'https://rentechno.ua/ua/portfolio/solar-plants/sunflower-90.html'}"
188469789,way,Тальнівська ГЕС,,,,,48.9069818,30.6752303,"{'landuse': 'industrial', 'name': 'Тальнівська ГЕС', 'name:uk': 'Тальнівська ГЕС', 'plant:output:electricity': 'yes', 'plant:source': 'hydro', 'power': 'plant'}"
188725940,way,Котельня,,,,,48.018126,38.7640143,"{'landuse': 'industrial', 'name': 'Котельня', 'name:uk': 'Котельня', 'power': 'plant'}"
189869459,way,Unknown,,,,,49.2201939,28.4416593,"{'addr:housenumber': '89-Б', 'addr:street': 'Пирогова вулиця', 'building': 'yes', 'building:levels': '2', 'industrial': 'heating_station', 'landuse': 'industrial', 'power': 'plant'}"
191451539,way,Unknown,,,,,47.9593885,37.8842278,"{'building': 'yes', 'landuse': 'industrial', 'power': 'plant'}"
191695622,way,Котельня,,,,,48.0470931,38.1484387,"{'landuse': 'industrial', 'name': 'Котельня', 'name:uk': 'Котельня', 'power': 'plant'}"
191824718,way,Unknown,,,,,49.4262282,26.9780522,"{'barrier': 'wall', 'landuse': 'industrial', 'power': 'plant'}"
197345754,way,Електростанція,,,,,50.0442386,35.4363283,"{'landuse': 'industrial', 'name': 'Електростанція', 'name:uk': 'Електростанція', 'power': 'plant'}"
199766056,way,Котельня ЦРБ,,,,,46.857846,32.0189531,"{'landuse': 'industrial', 'name': 'Котельня ЦРБ', 'name:uk': 'Котельня ЦРБ', 'power': 'plant'}"
199790636,way,"Котельна ""Південна-2""",,,,,46.3957733,30.7265963,"{'generator:output:hot_water': 'yes', 'landuse': 'industrial', 'name': 'Котельна ""Південна-2""', 'name:ru': 'Котельная ""Южная-2""', 'name:uk': 'Котельна ""Південна-2""', 'power': 'plant', 'power:output:hot_water': 'yes'}"
199959872,way,Unknown,,,,,48.5769312,37.9669737,"{'landuse': 'industrial', 'power': 'plant'}"
200394299,way,Добротвірська ТЕС,,,,,50.213751,24.3754978,"{'landuse': 'industrial', 'name': 'Добротвірська ТЕС', 'name:de': 'Dobrotwir Kraftwerk', 'name:en': 'Dobrotvir power station', 'name:pl': 'Elektrownia Dobrotwór', 'name:uk': 'Добротвірська ТЕС', 'operator': 'ДТЕК Західенерго', 'plant:method': 'combustion', 'plant:output:electricity': '500 MW', 'plant:source': 'coal', 'power': 'plant', 'wikidata': 'Q11965827', 'wikipedia': 'uk:Добротвірська ТЕС'}"
200585891,way,Unknown,,,,,50.1290503,30.6601279,"{'landuse': 'industrial', 'power': 'plant'}"
200941034,way,Котельня,,,,,48.5956743,37.9972573,"{'landuse': 'industrial', 'name': 'Котельня', 'name:uk': 'Котельня', 'power': 'plant'}"
201434427,way,Unknown,,,,,48.5290646,35.0147536,"{'addr:postcode': '49130', 'addr:street': 'проспект Миру', 'landuse': 'industrial', 'power': 'plant'}"
201557694,way,Бурштинська ТЕС,,,,,49.2104936,24.6624308,"{'generator:method': 'combustion', 'landuse': 'industrial', 'name': 'Бурштинська ТЕС', 'name:en': 'Burshtyn TES', 'name:ru': 'Бурштынская ТЭС', 'name:uk': 'Бурштинська ТЕС', 'plant:method': 'combustion', 'plant:output:electricity': '2400 MW', 'plant:source': 'coal', 'power': 'plant', 'wikidata': 'Q2072200', 'wikipedia': 'uk:Бурштинська ТЕС'}"
201563235,way,Калуська ТЕЦ,,,,,49.0701824,24.3163245,"{'landuse': 'industrial', 'name': 'Калуська ТЕЦ', 'name:en': 'Kaluska Power Plant', 'name:ru': 'Калушская ТЭЦ', 'name:uk': 'Калуська ТЕЦ', 'plant:method': 'combustion', 'plant:output:electricity': '200 MW', 'plant:source': 'coal', 'power': 'plant', 'wikidata': 'Q12107862', 'wikipedia': 'uk:Калуська ТЕЦ'}"
201566320,way,Теребле-Ріцька ГЕС,,,,,48.3721935,23.5798215,"{'access': 'no', 'generator:source': 'hydro', 'landuse': 'industrial', 'name': 'Теребле-Ріцька ГЕС', 'name:hu': 'Talabor-Nagy-ági vízierőmű', 'name:ru': 'Теребля-Рикская ГЭС', 'name:uk': 'Теребле-Ріцька ГЕС', 'plant:output:electricity': '27 MW', 'plant:source': 'hydro', 'power': 'plant', 'start_date': '1956', 'wikidata': 'Q1316295', 'wikipedia': 'uk:Теребле-Ріцька ГЕС'}"
201659414,way,Яворська МГЕС,,,,,49.1784129,23.0582418,"{'name': 'Яворська МГЕС', 'name:uk': 'Яворська МГЕС', 'plant:output:electricity': '450 kW', 'plant:source': 'hydro', 'power': 'plant', 'waterway': 'dam'}"
205230185,way,Котельня,,,,,50.5080292,30.8212926,"{'addr:housenumber': '2/1', 'addr:postcode': '07403', 'addr:street': 'вулиця Сергія Москаленка', 'building': 'yes', 'landuse': 'industrial', 'name': 'Котельня', 'name:uk': 'Котельня', 'power': 'plant'}"
206378527,way,Котельня,,,,,50.5028489,30.7919128,"{'addr:housenumber': '96', 'addr:postcode': '07400', 'addr:street': 'вулиця Ярослава Мудрого', 'building': 'yes', 'landuse': 'industrial', 'name': 'Котельня', 'name:uk': 'Котельня', 'operator': 'КП ""Броваритепловодоенергія""', 'plant:output:hot_water': 'yes', 'power': 'plant'}"
206496314,way,Unknown,,,,,49.4365405,26.98965,"{'building': 'industrial', 'power': 'plant'}"
206648578,way,Unknown,,,,,45.1981382,33.3514957,"{'landuse': 'industrial', 'power': 'plant'}"
207146914,way,Котельня,,,,,46.8670408,32.0179059,"{'addr:city': 'Миколаїв', 'addr:housenumber': '72', 'addr:street': 'вулиця Металургів', 'landuse': 'industrial', 'name': 'Котельня', 'name:uk': 'Котельня', 'plant:method': 'combustion', 'plant:output:electricity': 'yes', 'plant:source': 'coal', 'power': 'plant'}"
210728367,way,Unknown,,,,,46.4963964,30.6809789,"{'addr:housenumber': '1', 'addr:street': 'Кругова вулиця', 'building': 'yes', 'plant:output:hot_water': 'yes', 'power': 'plant'}"
211150009,way,Unknown,,,,,46.4502256,30.2425016,"{'landuse': 'industrial', 'power': 'plant'}"
211424305,way,"Котельня ОКП ""Миколаївоблтеплоенерго""",,,,,46.8591113,32.0322427,"{'addr:city': 'Миколаїв', 'addr:housenumber': '42-А', 'addr:street': 'вулиця Доктора Самойловича', 'building': 'industrial', 'height': '12', 'name': 'Котельня ОКП ""Миколаївоблтеплоенерго""', 'name:uk': 'Котельня ОКП ""Миколаївоблтеплоенерго""', 'power': 'plant'}"
211430378,way,Миколаївська ТЕЦ,,,,,46.9504609,31.9874766,"{'landuse': 'industrial', 'name': 'Миколаївська ТЕЦ', 'name:ru': 'Николаевская ТЭЦ', 'name:uk': 'Миколаївська ТЕЦ', 'plant:method': 'combustion', 'plant:output:electricity': '40 MW', 'plant:output:hot_water': '476.83 MW', 'plant:source': 'gas;oil', 'power': 'plant', 'short_name': 'МТЕЦ', 'short_name:ru': 'НТЭЦ', 'short_name:uk': 'МТЕЦ', 'start_date': '1902-07-02', 'wikidata': 'Q23769548', 'wikipedia': 'uk:Миколаївська ТЕЦ'}"
213805311,way,Unknown,,,,,45.3489386,28.8316509,"{'building': 'industrial', 'building:levels': '1', 'building:material': 'plaster', 'plant:output:hot_water': 'yes', 'plant:source': 'gas', 'power': 'plant', 'roof:levels': '0', 'roof:shape': 'flat'}"
213805391,way,Unknown,,,,,45.3522284,28.8313467,"{'building': 'industrial', 'building:architecture': 'functionalism', 'plant:output:hot_water': 'yes', 'power': 'plant'}"
216537489,way,Оноківська ГЕС,,,,,48.662667,22.3574129,"{'alt_name': 'Оноківська гідроелектростанція', 'landuse': 'industrial', 'name': 'Оноківська ГЕС', 'name:uk': 'Оноківська ГЕС', 'plant:method': 'run-of-the-river', 'plant:output:electricity': '2650 kW', 'plant:source': 'hydro', 'power': 'plant', 'waterway': 'dam'}"
218316842,way,Unknown,,,,,48.3351981,34.9498674,"{'building:levels': '1', 'landuse': 'industrial', 'operator': 'Сурсько-Литовський ліцей', 'power': 'plant'}"
218320850,way,Unknown,,,,,48.0941326,37.9439432,"{'building': 'service', 'building:levels': '1', 'plant:output:hot_water': 'yes', 'plant:source': 'gas', 'power': 'plant'}"
218722215,way,ТЕЦ-4 (Дарницька ТЕЦ),,,,,50.4479782,30.6440801,"{'landuse': 'industrial', 'name': 'ТЕЦ-4 (Дарницька ТЕЦ)', 'name:en': 'Kyiv-4 (Darnytska) Power Plant', 'name:ru': 'ТЭЦ-4 (Дарницкая ТЭЦ)', 'name:uk': 'ТЕЦ-4 (Дарницька ТЕЦ)', 'plant:method': 'combustion', 'plant:output:electricity': '160 MW', 'plant:output:hot_water': 'yes', 'plant:source': 'coal', 'power': 'plant', 'source': 'https://www.industryabout.com/country-territories-3/1343-ukraine/fossil-fuels-energy/19483-kyiv-4-coal-power-plant', 'wikidata': 'Q12099561', 'wikipedia': 'uk:Дарницька ТЕЦ'}"
218888016,way,СЕС Старокозаче,,,,,46.3457355,30.0017889,"{'landuse': 'industrial', 'name': 'СЕС Старокозаче', 'name:en': 'Starokozache SPP', 'name:ru': 'СЭС Старокозачье', 'name:uk': 'СЕС Старокозаче', 'operator': 'ТОВ «Франко Піві»', 'plant:method': 'photovoltaic', 'plant:output:electricity': '21.77 MW', 'plant:source': 'solar', 'power': 'plant', 'start_date': '2012-06'}"
219319107,way,Unknown,,,,,48.2126258,38.218463,"{'building': 'industrial', 'plant:method': 'combustion', 'plant:output:hot_water': 'yes', 'plant:source': 'gas', 'power': 'plant'}"
220030135,way,Unknown,,,,,46.4472163,30.7116921,"{'building': 'yes', 'generator:output:hot_water': 'yes', 'power': 'plant'}"
221586009,way,Unknown,,,,,51.630583,31.5811094,"{'plant:output:electricity': 'yes', 'plant:source': 'hydro', 'power': 'plant'}"
223405933,way,Ужгородська ГЕС,,,,,48.6243015,22.3178991,"{'generator:method': 'run-of-the-river', 'landuse': 'industrial', 'name': 'Ужгородська ГЕС', 'name:uk': 'Ужгородська ГЕС', 'plant:output:electricity': '1.9 MW', 'plant:source': 'hydro', 'power': 'plant'}"
223920460,way,Unknown,,,,,46.8054113,33.4761423,"{'landuse': 'industrial', 'power': 'plant'}"
224358103,way,Unknown,,,,,44.4802942,34.1376096,"{'addr:street': 'улица Курчатова', 'building': 'industrial', 'description': 'Котельная', 'plant:output:hot_water': 'yes', 'power': 'plant'}"
224616890,way,СЕ-1,,,,,48.519776,22.2790203,"{'alt_name': 'Ратівська сонячна електростанція «СЕ-1»', 'barrier': 'fence', 'landuse': 'industrial', 'name': 'СЕ-1', 'name:uk': 'СЕ-1', 'note': 'геометрія приблизна, 500х200 метрів', 'official_name': 'Сонячна електростанція «СЕ-1»', 'operator': 'RENER', 'plant:method': 'photovoltaic', 'plant:output:electricity': '5.4 MW', 'plant:source': 'solar', 'power': 'plant', 'start_date': '2012-07', 'url': 'http://rionews.com.ua/mixed/events/now/n13155165051'}"
227952863,way,Котельня,,,,,49.183767,37.289827,"{'addr:housenumber': '101', 'addr:street': 'Степана Бандери вулиця', 'landuse': 'industrial', 'name': 'Котельня', 'name:uk': 'Котельня', 'power': 'plant'}"
231714472,way,Очаківська ВЕС,,,,,46.640338,31.7723706,"{'landuse': 'industrial', 'name': 'Очаківська ВЕС', 'name:ru': 'Очаковская ВЭС', 'name:uk': 'Очаківська ВЕС', 'plant:method': 'wind_turbine', 'plant:output:electricity': '25 MW', 'plant:source': 'wind', 'power': 'plant'}"
238799661,way,Unknown,,,,,46.5126296,30.3171908,"{'landuse': 'industrial', 'plant:method': 'photovoltaic', 'plant:output:electricity': '4.21 MW', 'plant:source': 'solar', 'power': 'plant'}"
240051543,way,Unknown,,,,,45.0431971,35.3630785,"{'addr:housenumber': '29В', 'addr:street': 'Симферопольское шоссе', 'landuse': 'industrial', 'plant:output:hot_water': 'yes', 'power': 'plant'}"
241140149,way,Unknown,,,,,45.0329086,35.3659818,"{'addr:housenumber': '2Б', 'addr:street': 'улица Челнокова', 'landuse': 'industrial', 'plant:output:hot_water': 'yes', 'power': 'plant'}"
241352575,way,Unknown,,,,,45.058088,35.3742852,"{'addr:housenumber': '175А', 'addr:street': 'улица Чкалова', 'landuse': 'industrial', 'plant:output:hot_water': 'yes', 'power': 'plant'}"
243042492,way,П'ятничанська МГЕС,,,,,48.8170694,26.2570135,"{'FIXME': 'The tag combination needs generator:type\u2009= set with francis_turbine, kaplan_turbine, or pelton_turbine.', 'building': 'industrial', 'generator:method': 'water-storage', 'generator:output:electricity': 'yes', 'generator:type': 'steam_turbine', 'name': ""П'ятничанська МГЕС"", 'name:uk': ""П'ятничанська МГЕС"", 'operator': 'Сібекс', 'plant:output:electricity': '400 kW', 'plant:source': 'hydro', 'power': 'plant'}"
243270341,way,Unknown,,,,,48.5290806,39.2546875,"{'building': 'industrial', 'landuse': 'industrial', 'official_status': 'котельня', 'power': 'plant'}"
243873101,way,СВРК,,,,,44.6817507,34.4168309,"{'addr:city': 'Алушта', 'addr:housenumber': '1', 'addr:postcode': '298510', 'addr:street': 'Лесная улица', 'building': 'service', 'building:levels': '1', 'description': 'Котельная', 'landuse': 'industrial', 'name': 'СВРК', 'name:uk': 'СВРК', 'operator': 'ГУП РК Крымтеплокоммунэнерго', 'plant:method': 'combustion', 'plant:output:electricity': 'no', 'plant:source': 'gas', 'power': 'plant', 'roof:shape': 'flat'}"
244070295,way,Unknown,,,,,45.0402437,35.37466,"{'addr:housenumber': '12А', 'addr:street': 'улица Вересаева', 'landuse': 'industrial', 'plant:output:hot_water': 'yes', 'power': 'plant'}"
244181571,way,Камыш-Бурунская ТЭЦ,,,,,45.2780271,36.4123065,"{'addr:housenumber': '1', 'addr:street': 'Тиритакский спуск', 'landuse': 'industrial', 'name': 'Камыш-Бурунская ТЭЦ', 'name:ru': 'Камыш-Бурунская ТЭЦ', 'name:uk': 'Камиш-Бурунська ТЕЦ', 'plant:method': 'combustion', 'plant:output:electricity': '30 MW', 'plant:output:hot_water': 'yes', 'plant:source': 'gas', 'power': 'plant', 'start_date': '1938', 'wikidata': 'Q24933774'}"
244944190,way,Unknown,,,,,48.5286613,39.2673875,"{'building': 'industrial', 'landuse': 'industrial', 'official_status': 'котельня', 'power': 'plant'}"
244993697,way,Unknown,,,,,45.0396,35.3599251,"{'addr:housenumber': '28А', 'addr:street': 'улица Володарского', 'landuse': 'industrial', 'plant:output:hot_water': 'yes', 'power': 'plant'}"
246964776,way,Київська ГЕС,,,,,50.5876535,30.5108973,"{'name': 'Київська ГЕС', 'plant:method': 'run-of-the-river', 'plant:output:electricity': '408 MW', 'plant:source': 'hydro', 'power': 'plant', 'wikidata': 'Q3443779', 'wikipedia': 'uk:Київська ГЕС'}"
249673104,way,Unknown,,,,,44.4973971,34.1485406,"{'building': 'industrial', 'description': 'котельная', 'power': 'plant'}"
251373190,way,Unknown,,,,,44.3923417,33.7905909,"{'landuse': 'industrial', 'power': 'plant'}"
251490353,way,Районная котельная посёлка Мирный,,,,,45.3029493,33.0385385,"{'access': 'no', 'barrier': 'fence', 'industrial': 'heating_station', 'landuse': 'industrial', 'name': 'Районная котельная посёлка Мирный', 'plant:output:hot_water': 'yes', 'power': 'plant'}"
252825740,way,Котельня,,,,,48.5891006,37.9767124,"{'landuse': 'industrial', 'name': 'Котельня', 'name:uk': 'Котельня', 'power': 'plant'}"
253090279,way,Котельня,,,,,49.4088991,26.9842681,"{'industrial': 'heating_station', 'landuse': 'industrial', 'name': 'Котельня', 'name:uk': 'Котельня', 'power': 'plant'}"
254986431,way,Котельня,,,,,49.0084088,31.0383467,"{'addr:housenumber': '1б', 'landuse': 'industrial', 'name': 'Котельня', 'name:uk': 'Котельня', 'power': 'plant'}"
259242291,way,Кременчуцька ГЕС,,,,,49.0774753,33.2506278,"{'description': 'адреса: 27519, Україна, Кіровоградська область, Світловодський район, Павлівська сільрада, масив “Кременчуцька ГЕС”, вул. Енергетиків, 1', 'email': 'office.kr@uhe.gov.ua', 'fax': '+380 5236 29 778', 'landuse': 'industrial', 'name': 'Кременчуцька ГЕС', 'name:en': 'Kremenchug Hydroelectric Power Plant', 'name:ru': 'Кременчугская ГЭС', 'name:uk': 'Кременчуцька ГЕС', 'phone': '+380 5236 29 778', 'phone2': '+380 5236 24 474', 'plant:method': 'run-of-the-river', 'plant:output:electricity': '686.4 MW', 'plant:source': 'hydro', 'power': 'plant', 'wikidata': 'Q3379438', 'wikipedia': 'uk:Кременчуцька ГЕС'}"
259996764,way,Котельня,,,,,49.8400108,23.973921,"{'addr:housenumber': '27а', 'addr:postcode': '79052', 'addr:street': 'вулиця Вигода', 'building': 'industrial', 'industrial': 'heating_station', 'name': 'Котельня', 'name:uk': 'Котельня', 'operator': 'ЛКП Залізничнетеплоенерго', 'power': 'plant'}"
260980245,way,Unknown,,,,,48.4769223,39.5185074,"{'landuse': 'industrial', 'power': 'plant'}"
262648972,way,Unknown,,,,,46.6672498,32.6313017,"{'addr:housenumber': '11', 'addr:street': 'Бериславське шосе', 'building': 'industrial', 'landuse': 'industrial', 'power': 'plant'}"
263448864,way,Unknown,,,,,44.6833603,34.3972391,"{'addr:city': 'Алушта', 'addr:postcode': '298514', 'building': 'service', 'building:levels': '1', 'description': 'Котельная', 'operator': 'ГУП РК Крымтеплокоммунэнерго', 'plant:method': 'combustion', 'plant:output:electricity': 'no', 'plant:source': 'gas', 'power': 'plant', 'roof:shape': 'flat'}"
264895929,way,Unknown,,,,,48.7237231,37.6106867,"{'addr:street': 'Паркова вулиця', 'landuse': 'industrial', 'power': 'plant'}"
265506040,way,Unknown,,,,,46.0315066,34.5481209,"{'building': 'yes', 'landuse': 'industrial', 'power': 'plant'}"
266015233,way,ЦТП,,,,,48.4961069,32.2121764,"{'building': 'industrial', 'name': 'ЦТП', 'name:uk': 'ЦТП', 'operator': 'ДП ""Кіровоградтепло"" ТОВ ""ЦНТІ УНГА""', 'power': 'plant'}"
266717682,way,Unknown,,,,,48.4914154,32.1980193,"{'building': 'industrial', 'operator': 'ДП ""Кіровоградтепло"" ТОВ ""ЦНТІ УНГА""', 'power': 'plant'}"
269009002,way,Unknown,,,,,44.6104543,33.5823873,"{'landuse': 'industrial', 'plant:method': 'combustion', 'plant:output:electricity': 'yes', 'plant:source': 'gas', 'power': 'plant'}"
269009003,way,Севастопольская ТЭЦ,,,,,44.6100926,33.5826043,"{'landuse': 'industrial', 'name': 'Севастопольская ТЭЦ', 'name:be': 'Севастопальская ЦЭЦ', 'name:ru': 'Севастопольская ТЭЦ', 'name:uk': 'Севастопольська ТЕЦ', 'plant:method': 'combustion', 'plant:output:electricity': '33 MW', 'plant:source': 'gas', 'power': 'plant', 'start_date': '1937'}"
270591398,way,Горлівська Тепломережа,,,,,48.3061173,38.0171001,"{'addr:housenumber': '19', 'addr:street': 'улица Академика Павлова', 'landuse': 'industrial', 'name': 'Горлівська Тепломережа', 'name:ru': 'Горловская Теплосеть', 'name:uk': 'Горлівська Тепломережа', 'power': 'plant'}"
272744229,way,Зміївська ТЕС,,,,,49.5858763,36.5278658,"{'landuse': 'industrial', 'name': 'Зміївська ТЕС', 'name:en': 'Zmiivska power plant', 'name:ru': 'Змиёвская ТЭС', 'name:uk': 'Зміївська ТЕС', 'operator': 'Центренерго', 'plant:method': 'combustion', 'plant:output:electricity': '2200 MW', 'plant:source': 'coal', 'power': 'plant', 'start_date': '1960', 'wikidata': 'Q3443751', 'wikipedia': 'uk:Зміївська ТЕС'}"
274823254,way,Unknown,,,,,51.2456912,30.1647479,"{'landuse': 'industrial', 'power': 'plant'}"
280254205,way,Котельня,,,,,49.1844804,31.8670204,"{'landuse': 'industrial', 'name': 'Котельня', 'name:uk': 'Котельня', 'power': 'plant'}"
281028940,way,Unknown,,,,,50.2609815,28.6781571,"{'building': 'yes', 'power': 'plant'}"
281269420,way,Курахівська ТЕС,,,,,47.9946343,37.2390515,"{'generator:method': 'combustion', 'generator:source': 'coal', 'landuse': 'industrial', 'name': 'Курахівська ТЕС', 'name:en': 'Kurakhove Power Station', 'name:ru': 'Кураховская ТЭС', 'name:uk': 'Курахівська ТЕС', 'plant:method': 'combustion', 'plant:output:electricity': '1527 MW', 'plant:source': 'coal', 'power': 'plant', 'wikidata': 'Q4247823', 'wikipedia': 'uk:Курахівська ТЕС'}"
282346009,way,Unknown,,,,,50.4212134,30.5168575,"{'building': 'service', 'landuse': 'industrial', 'power': 'plant'}"
284356666,way,Unknown,,,,,48.3509516,37.2144301,"{'landuse': 'industrial', 'power': 'plant'}"
284356689,way,Unknown,,,,,48.3544306,37.199401,"{'landuse': 'industrial', 'plant:output:hot_water': 'yes', 'power': 'plant'}"
289030278,way,Завалівська МГЕС,,,,,48.6037075,26.3261089,"{'landuse': 'industrial', 'name': 'Завалівська МГЕС', 'name:uk': 'Завалівська МГЕС', 'operator': 'Сібекс', 'plant:source': 'hydro', 'power': 'plant'}"
289038307,way,Ніверківська МГЕС,,,,,48.7147238,26.2350078,"{'name': 'Ніверківська МГЕС', 'name:uk': 'Ніверківська МГЕС', 'operator': 'Сібекс', 'plant:source': 'hydro', 'power': 'plant'}"
290438134,way,Unknown,,,,,48.5699339,39.3818312,"{'barrier': 'wall', 'generator:method': 'combustion', 'generator:output:hot_water': 'yes', 'industrial': 'heating_station', 'landuse': 'industrial', 'official_status': 'котельня', 'power': 'plant'}"
291429355,way,Котельня,,,,,48.2382626,38.179597,"{'landuse': 'industrial', 'name': 'Котельня', 'name:uk': 'Котельня', 'power': 'plant'}"
291429459,way,Котельня,,,,,48.2373644,38.1726999,"{'landuse': 'industrial', 'name': 'Котельня', 'name:uk': 'Котельня', 'power': 'plant'}"
291651466,way,Unknown,,,,,47.9575198,37.6555531,"{'building': 'service', 'building:levels': '1', 'plant:output:hot_water': 'yes', 'plant:source': 'gas', 'power': 'plant'}"
291722123,way,Unknown,,,,,50.0403461,36.2818293,"{'building': 'industrial', 'building:levels': '2', 'landuse': 'industrial', 'plant:method': 'combustion', 'plant:output:electricity': 'yes', 'plant:output:hot_water': 'yes', 'plant:source': 'gas', 'power': 'plant'}"
291732218,way,Unknown,,,,,49.4091734,26.9479214,"{'landuse': 'industrial', 'power': 'plant'}"
293387097,way,Кочегарка шкільна,,,,,48.1481582,38.6491058,"{'landuse': 'industrial', 'name': 'Кочегарка шкільна', 'name:uk': 'Кочегарка шкільна', 'power': 'plant', 'source': 'Bing'}"
293661288,way,Котельня,,,,,48.230871,38.1859656,"{'addr:housenumber': '112', 'addr:street': 'улица Лермонтова', 'landuse': 'industrial', 'name': 'Котельня', 'name:uk': 'Котельня', 'power': 'plant'}"
294646146,way,Unknown,,,,,47.933639,37.6649568,"{'landuse': 'industrial', 'plant:method': 'combustion', 'plant:output:electricity': 'yes', 'plant:source': 'coal', 'power': 'plant'}"
295826294,way,Котельня,,,,,48.3179795,38.1384135,"{'landuse': 'industrial', 'name': 'Котельня', 'name:uk': 'Котельня', 'power': 'plant'}"
300566341,way,Unknown,,,,,47.1953077,37.9060621,"{'landuse': 'meadow', 'power': 'plant'}"
300586038,way,Новоазовський вітропарк,,,,,47.1372127,37.9215893,"{'landuse': 'industrial', 'name': 'Новоазовський вітропарк', 'name:en': 'Novoazovsky wind farm', 'name:ru': 'Новоазовский ветропарк', 'name:uk': 'Новоазовський вітропарк', 'plant:method': 'wind_turbine', 'plant:output:electricity': '79.3 MW', 'plant:source': 'wind', 'power': 'plant', 'wikidata': 'Q4322999', 'wikipedia': 'uk:Новоазовська ВЕС'}"
301182722,way,Unknown,,,,,49.0854521,33.4250142,"{'generator:output:hot_water': 'yes', 'generator:output:steam': 'yes', 'power': 'plant'}"
301593663,way,Unknown,,,,,49.0948017,33.424774,"{'building': 'yes', 'generator:output:hot_water': 'yes', 'generator:output:steam': 'yes', 'power': 'plant'}"
301593666,way,Unknown,,,,,49.0975679,33.4193928,"{'building': 'service', 'generator:output:hot_water': 'yes', 'generator:output:steam': 'yes', 'power': 'plant'}"
302167351,way,Unknown,,,,,49.0934283,33.4440814,"{'building': 'service', 'generator:output:steam': 'yes', 'plant:output:hot_water': 'yes', 'power': 'plant'}"
302357766,way,Unknown,,,,,49.1082433,33.4382701,"{'building': 'service', 'generator:output:hot_water': 'yes', 'generator:output:steam': 'yes', 'operator': 'КП Теплоенерго', 'power': 'plant', 'ref': 'ЦТП 274'}"
302983029,way,ЦТП-278,,,,,49.1150893,33.4429338,"{'branch': 'КП Теплоенерго', 'building': 'service', 'generator:output:hot_water': 'yes', 'generator:output:steam': 'yes', 'name': 'ЦТП-278', 'name:uk': 'ЦТП-278', 'power': 'plant'}"
303711340,way,Unknown,,,,,49.1015194,33.4300987,"{'building': 'service', 'generator:output:hot_water': 'yes', 'generator:output:steam': 'yes', 'operator': 'КП Теплоенерго', 'power': 'plant', 'ref': 'ЦТП 62'}"
304278986,way,Старобешівська ТЕС,,,,,47.804703,38.0078351,"{'generator:method': 'combustion', 'landuse': 'industrial', 'name': 'Старобешівська ТЕС', 'name:en': 'Starobeshivska TPP', 'name:no': 'Starobesjov kraftverk', 'name:ru': 'Старобешевская ТЭС', 'name:uk': 'Старобешівська ТЕС', 'plant:output:electricity': '2010 MW', 'plant:source': 'coal;gas;oil', 'power': 'plant', 'url': 'https://web.archive.org/web/20090303220903/http://www.ecu.gov.ua/en/activity/production/power_plant.html', 'wikidata': 'Q3443445', 'wikipedia': 'uk:Старобешівська ТЕС'}"
305866494,way,Котельная,,,,,45.0474223,35.355189,"{'landuse': 'industrial', 'name': 'Котельная', 'plant:output:hot_water': 'yes', 'power': 'plant'}"
307204417,way,Unknown,,,,,49.105315,33.449991,"{'building': 'service', 'generator:output:hot_water': 'yes', 'generator:output:steam': 'yes', 'power': 'plant'}"
307270099,way,Unknown,,,,,49.5953064,25.2208459,"{'landuse': 'industrial', 'power': 'plant'}"
311435833,way,ГРП,,,,,49.1804344,26.5733369,"{'landuse': 'industrial', 'name': 'ГРП', 'name:uk': 'ГРП', 'plant:method': 'combustion', 'plant:output:electricity': 'yes', 'plant:source': 'gas', 'power': 'plant'}"
311933002,way,Unknown,,,,,50.461687,30.4244853,"{'barrier': 'wall', 'landuse': 'industrial', 'operator': 'Київенерго', 'power': 'plant', 'power:output:hot_water': 'yes'}"
312440644,way,Котельня,,,,,48.7603236,26.9636717,"{'addr:street': 'Центральна вулиця', 'landuse': 'industrial', 'name': 'Котельня', 'name:uk': 'Котельня', 'power': 'plant'}"
313235620,way,Повчанська ГЕС,,,,,51.1395185,28.5322063,"{'generator:source': 'hydro', 'landuse': 'industrial', 'layer': '1', 'name': 'Повчанська ГЕС', 'name:uk': 'Повчанська ГЕС', 'plant:output:electricity': '320 kW', 'plant:source': 'hydro', 'power': 'plant'}"
314534695,way,вулиця Миротворців,,,,,47.6447716,34.6438797,"{'highway': 'residential', 'name': 'вулиця Миротворців', 'name:ru': 'Миротворцев улица', 'name:uk': 'вулиця Миротворців', 'plant:source': 'gas', 'power': 'plant'}"
320451457,way,Unknown,,,,,49.6802371,33.7550825,"{'building': 'collapsed', 'disused': 'yes', 'power': 'plant', 'ruins': 'yes'}"
326465746,way,Щедрівська ГЕС,,,,,49.4121279,27.6304922,"{'landuse': 'industrial', 'name': 'Щедрівська ГЕС', 'name:en': 'Water-power plant', 'name:uk': 'Щедрівська ГЕС', 'operator': 'ЗЕА «Новосвіт»', 'plant:output:electricity': '640 kW', 'plant:source': 'hydro', 'power': 'plant', 'website': 'https://novosvit.at.ua/', 'wikidata': 'Q56356704', 'wikipedia': 'uk:Щедрівська ГЕС'}"
329828174,way,Глибочанська ГЕС,,,,,48.5235476,29.3916242,"{'building': 'industrial', 'landuse': 'industrial', 'name': 'Глибочанська ГЕС', 'name:uk': 'Глибочанська ГЕС', 'plant:output:electricity': '6.13 MW', 'plant:source': 'hydro', 'power': 'plant', 'wikidata': 'Q16696406', 'wikipedia': 'uk:Глибочанська ГЕС'}"
331042345,way,Ладижинська ТЕС,,,,,48.7045479,29.2192839,"{'landuse': 'industrial', 'name': 'Ладижинська ТЕС', 'name:cs': 'Ladyžynská tepelná elektrárna', 'name:en': 'Ladyzhyn Thermal Power Plant', 'name:uk': 'Ладижинська ТЕС', 'plant:method': 'combustion', 'plant:output:electricity': '1800 MW', 'plant:source': 'coal', 'power': 'plant', 'wikidata': 'Q11982929', 'wikipedia': 'uk:Ладижинська ТЕС'}"
335196718,way,Unknown,,,,,49.1394111,26.1710322,"{'plant:output:electricity': 'yes', 'plant:source': 'hydro', 'power': 'plant'}"
337080426,way,Unknown,,,,,49.0433247,26.1685659,"{'landuse': 'industrial', 'power': 'plant'}"
337452657,way,Новошицька ГЕС,,,,,49.4765263,23.4275805,"{'landuse': 'industrial', 'name': 'Новошицька ГЕС', 'name:uk': 'Новошицька ГЕС', 'plant:output:electricity': '165 kW', 'plant:source': 'hydro', 'power': 'plant', 'start_date': '1950', 'wikidata': 'Q20083091', 'wikipedia': 'uk:Новошицька ГЕС'}"
343807089,way,Unknown,,,,,49.5849617,34.5215958,"{'addr:housenumber': '27к', 'addr:street': 'вулиця Олеся Гончара', 'building': 'industrial', 'generator:output:hot_water': 'yes', 'power': 'plant'}"
347837779,way,Unknown,,,,,49.8739786,28.5863349,"{'building': 'industrial', 'landuse': 'industrial', 'plant:method': 'combustion', 'plant:output:electricity': 'no', 'plant:output:hot_water': 'yes', 'plant:source': 'gas', 'power': 'plant', 'utility': 'heating'}"
350859630,way,Unknown,,,,,48.4783755,34.9455769,"{'building': 'yes', 'plant:output:hot_water': 'yes', 'power': 'plant'}"
350874193,way,Unknown,,,,,48.514874,35.0907325,"{'addr:housenumber': '21-Д', 'addr:street': 'Батумська вулиця', 'building': 'industrial', 'plant:output:hot_water': 'yes', 'power': 'plant'}"
351723984,way,"Районна котельня ""Микільська Борщагівка""",,,,,50.4367502,30.3698986,"{'landuse': 'industrial', 'name': 'Районна котельня ""Микільська Борщагівка""', 'name:ru': 'Районная котельная ""Никольская Борщаговка""', 'name:uk': 'Районна котельня ""Микільська Борщагівка""', 'power': 'plant'}"
353831845,way,Котельня,,,,,48.0862223,38.0708247,"{'building': 'yes', 'name': 'Котельня', 'name:ru': 'Котельная', 'name:uk': 'Котельня', 'plant:method': 'combustion', 'plant:source': 'coal', 'power': 'plant'}"
355536030,way,Unknown,,,,,49.5956861,34.541853,"{'addr:housenumber': '6-к', 'building:levels': '2', 'landuse': 'industrial', 'power': 'plant'}"
356426608,way,Unknown,,,,,49.5880178,34.5371486,"{'landuse': 'industrial', 'power': 'plant'}"
357061832,way,Дніпровська ТЕЦ,,,,,48.5295028,34.6055355,"{'landuse': 'industrial', 'name': 'Дніпровська ТЕЦ', 'name:uk': 'Дніпровська ТЕЦ', 'plant:method': 'combustion', 'plant:output:electricity': '246.4 MW', 'plant:output:hot_water': 'yes', 'plant:source': 'gas', 'power': 'plant', 'wikidata': 'Q12101385', 'wikipedia': 'uk:Дніпровська ТЕЦ'}"
357534205,way,ТЕЦ,,,,,48.5324059,34.6255599,"{'building': 'industrial', 'landuse': 'industrial', 'name': 'ТЕЦ', 'name:ru': 'ТЭЦ', 'name:uk': 'ТЕЦ', 'power': 'plant'}"
358648579,way,Міська котельня №5,,,,,46.7717321,36.8039648,"{'landuse': 'industrial', 'name': 'Міська котельня №5', 'name:ru': 'Городская котельная № 5', 'name:uk': 'Міська котельня №5', 'plant:output:hot_water': 'yes', 'power': 'plant'}"
359115630,way,Unknown,,,,,47.5830764,34.3346581,"{'building': 'industrial', 'plant:output:hot_water': 'yes', 'power': 'plant'}"
359163721,way,Unknown,,,,,50.4591061,27.1202013,"{'abandoned': 'yes', 'power': 'plant', 'power:output:hot_water': 'yes'}"
359865976,way,Unknown,,,,,47.5832592,34.3140075,"{'building': 'yes', 'plant:output:hot_water': 'yes', 'plant:source': 'gas', 'power': 'plant'}"
360746175,way,Закинута гідроелектростанція,,,,,49.0913731,30.3968554,"{'abandoned': 'yes', 'building': 'yes', 'building:levels': '3', 'name': 'Закинута гідроелектростанція', 'name:ru': 'Заброшенная электростанция', 'name:uk': 'Закинута гідроелектростанція', 'plant:output:electricity': 'yes', 'plant:source': 'hydro', 'power': 'plant', 'wikidata': 'Q28704269', 'wikipedia': 'uk:Буцька ГЕС'}"
362096694,way,Котельня,,,,,47.9512166,35.4327375,"{'addr:housenumber': '20', 'addr:street': 'Козацька вулиця', 'building': 'industrial', 'name': 'Котельня', 'name:uk': 'Котельня', 'power': 'plant'}"
363752361,way,Самбірська СЕС,,,,,49.5074928,23.2318493,"{'landuse': 'industrial', 'name': 'Самбірська СЕС', 'name:uk': 'Самбірська СЕС', 'plant:method': 'photovoltaic', 'plant:output:electricity': '3100 kW', 'plant:source': 'solar', 'power': 'plant'}"
366381224,way,Котельня,,,,,51.0626673,31.8949445,"{'building': 'yes', 'landuse': 'industrial', 'name': 'Котельня', 'name:ru': 'Котельня', 'name:uk': 'Котельня', 'plant:method': 'combustion', 'power': 'plant', 'power:output:hot_water': 'yes'}"
367538150,way,Unknown,,,,,51.4855433,31.2723778,"{'landuse': 'industrial', 'power': 'plant'}"
367826773,way,Unknown,,,,,51.496717,31.2807102,"{'landuse': 'industrial', 'power': 'plant'}"
368149327,way,Котельня Центральна,,,,,48.5055129,32.2330312,"{'building': 'industrial', 'name': 'Котельня Центральна', 'name:uk': 'Котельня Центральна', 'operator': 'ДП ""Кіровоградтепло"" ТОВ ""ЦНТІ УНГА""', 'power': 'plant'}"
368460996,way,МГЕС Шипіт-2,,,,,48.7399678,22.83857,"{'landuse': 'industrial', 'name': 'МГЕС Шипіт-2', 'name:uk': 'МГЕС Шипіт-2', 'operator': 'RENER', 'plant:output:electricity': '999 kW', 'plant:source': 'hydro', 'power': 'plant', 'start_date': '2014-09-10'}"
369568719,way,Дунайська СЕС,,,,,45.9810476,29.4645723,"{'landuse': 'industrial', 'name': 'Дунайська СЕС', 'name:ru': 'Дунайская СЭС', 'name:uk': 'Дунайська СЕС', 'plant:output:electricity': '43140 kW', 'plant:source': 'solar', 'power': 'plant', 'wikidata': 'Q14533153', 'wikipedia': 'uk:Дунайська сонячна електростанція'}"
369663714,way,Краматорська ТЕЦ,,,,,48.746788,37.5740927,"{'landuse': 'industrial', 'name': 'Краматорська ТЕЦ', 'name:ru': 'Краматорская ТЭЦ', 'name:uk': 'Краматорська ТЕЦ', 'power': 'plant'}"
371655651,way,Unknown,,,,,49.5828348,34.5638043,"{'addr:housenumber': '7-К', 'addr:street': 'вулиця Соборності', 'landuse': 'industrial', 'power': 'plant'}"
371760361,way,Котельня,,,,,50.5278626,30.3669875,"{'addr:housenumber': '4', 'addr:street': 'вулиця Федора Максименка', 'landuse': 'industrial', 'name': 'Котельня', 'name:uk': 'Котельня', 'power': 'plant'}"
372082535,way,Херсонська ТЕЦ,,,,,46.6756702,32.6495721,"{'landuse': 'industrial', 'name': 'Херсонська ТЕЦ', 'name:ru': 'Херсонская ТЭЦ', 'name:uk': 'Херсонська ТЕЦ', 'plant:output:electricity': '80 MW', 'plant:source': 'gas;oil', 'power': 'plant', 'start_date': '1958', 'wikidata': 'Q4497334', 'wikipedia': 'uk:Херсонська ТЕЦ'}"
382363952,way,СЕС Вознесенськ,,,,,47.5708889,31.3959243,"{'landuse': 'industrial', 'name': 'СЕС Вознесенськ', 'name:uk': 'СЕС Вознесенськ', 'plant:method': 'photovoltaic', 'plant:output:electricity': '29300 kW', 'plant:source': 'solar', 'power': 'plant'}"
384996399,way,Пресноводненская ВЭС,,,,,45.3316512,36.0643501,"{'name': 'Пресноводненская ВЭС', 'name:ru': 'Пресноводненская ВЭС', 'name:uk': 'Прісноводненська ВЕС', 'plant:method': 'wind_turbine', 'plant:output:electricity': '7.39 MW', 'plant:source': 'wind', 'power': 'plant'}"
385262434,way,СЕС «Ірлява»,,,,,48.5201601,22.5359444,"{'alt_name': 'Ірлявська СЕС', 'barrier': 'fence', 'landuse': 'industrial', 'name': 'СЕС «Ірлява»', 'name:uk': 'СЕС «Ірлява»', 'plant:method': 'photovoltaic', 'plant:output:electricity': '9.6 MW', 'plant:source': 'solar', 'power': 'plant', 'start_date': '2013', 'wikidata': 'Q16690347', 'wikipedia': 'uk:СЕС СЕ-2'}"
386056573,way,Unknown,,,,,46.9600177,31.9489984,"{'covered': 'yes', 'landuse': 'industrial', 'plant:output:hot_water': 'yes', 'power': 'plant'}"
386058480,way,Unknown,,,,,46.9751629,31.9932028,"{'covered': 'yes', 'landuse': 'industrial', 'plant:output:hot_air': 'yes', 'plant:output:hot_water': 'yes', 'power': 'plant'}"
386058483,way,Unknown,,,,,46.9770502,31.9917843,"{'covered': 'yes', 'landuse': 'industrial', 'plant:output:hot_air': 'yes', 'plant:output:hot_water': 'yes', 'power': 'plant'}"
386060309,way,Unknown,,,,,46.9726893,32.014397,"{'landuse': 'industrial', 'plant:method': 'combustion', 'plant:output:electricity': 'yes', 'plant:output:hot_water': 'yes', 'plant:source': 'gas', 'power': 'plant'}"
387207054,way,Петрашівська ГЕС,,,,,48.3039554,28.1652118,"{'building': 'industrial', 'name': 'Петрашівська ГЕС', 'name:uk': 'Петрашівська ГЕС', 'operator': 'ТОВ «Енергоінвест»', 'plant:output:electricity': '192 kW', 'plant:source': 'hydro', 'power': 'plant', 'source': 'Bing'}"
387698377,way,"СЕС ""Солар Парк Підгородне""",,,,,48.6068141,35.149934,"{'name': 'СЕС ""Солар Парк Підгородне""', 'name:en': 'Solar Park Pidhorodne LLC', 'name:uk': 'СЕС ""Солар Парк Підгородне""', 'operator': 'ТОВ ""Солар Парк Підгородне""', 'plant:method': 'photovoltaic', 'plant:output:electricity': '2.8 MW', 'plant:source': 'solar', 'power': 'plant', 'source': 'http://www.segodnya.ua/regions/dnepr/Kak-rabotaet-unikalnaya-solnechnaya-elektrostanciya-pod-Dnepropetrovskom--467749.html', 'start_date': '2013', 'website': 'http://www.ussolar.com.ua'}"
388181015,way,"ФЕС ""Гнатків""",,,,,48.4658483,28.4525966,"{'landuse': 'industrial', 'name': 'ФЕС ""Гнатків""', 'name:ru': 'ФЭС ""Гнатков""', 'name:uk': 'ФЕС ""Гнатків""', 'operator': 'Енергоінвест', 'plant:method': 'photovoltaic', 'plant:output:electricity': '4.5 MW', 'plant:source': 'solar', 'power': 'plant', 'source': 'Bing'}"
388181016,way,"ФЕС ""Гальжбіївська""",,,,,48.2388524,28.2235477,"{'landuse': 'industrial', 'name': 'ФЕС ""Гальжбіївська""', 'name:uk': 'ФЕС ""Гальжбіївська""', 'operator': 'Енергоінвест', 'plant:method': 'photovoltaic', 'plant:output:electricity': '1.446 MW', 'plant:source': 'solar', 'power': 'plant', 'source': 'Bing'}"
388450536,way,Одеська ТЕЦ,,,,,46.5041065,30.7161567,"{'landuse': 'industrial', 'name': 'Одеська ТЕЦ', 'name:ru': 'Одесская ТЭЦ', 'name:uk': 'Одеська ТЕЦ', 'plant:output:electricity': '68 MW', 'plant:source': 'gas;oil', 'power': 'plant', 'wikidata': 'Q12135205', 'wikipedia': 'uk:Одеська ТЕЦ'}"
388843264,way,Unknown,,,,,48.5553838,39.3254112,"{'addr:place': 'городок Щорса', 'building': 'industrial', 'building:levels': '1', 'landuse': 'industrial', 'nohousenumber': 'yes', 'official_status': 'котельня', 'power': 'plant'}"
389586768,way,Силовий блок 411 БС,,,,,46.37249,30.7176816,"{'building': 'yes', 'landuse': 'industrial', 'name': 'Силовий блок 411 БС', 'name:uk': 'Силовий блок 411 БС', 'plant:output:electricity': '200 kW', 'power': 'plant', 'start_date': '1935'}"
390501034,way,Котельня,,,,,48.473796,32.278082,"{'barrier': 'wall', 'landuse': 'industrial', 'name': 'Котельня', 'name:uk': 'Котельня', 'plant:source': 'gas', 'power': 'plant'}"
391252348,way,Сонячна ЕС Каланчак,,,,,46.2493248,33.4788195,"{'landuse': 'industrial', 'name': 'Сонячна ЕС Каланчак', 'name:uk': 'Сонячна ЕС Каланчак', 'operator': 'Бі Енерджетикс', 'plant:method': 'photovoltaic', 'plant:output:electricity': '2.3 MW', 'plant:source': 'solar', 'power': 'plant', 'source': 'Bing'}"
396071026,way,Гутівська ГЕС,,,,,48.6785138,29.0887609,"{'landuse': 'industrial', 'name': 'Гутівська ГЕС', 'name:uk': 'Гутівська ГЕС', 'operator': 'Подільська Енергетична Компанія', 'plant:output:electricity': '0.06 МВт', 'plant:source': 'hydro', 'power': 'plant', 'source': 'Bing'}"
398375069,way,Дмитренківська ГЕС,,,,,48.6891543,29.295979,"{'landuse': 'industrial', 'name': 'Дмитренківська ГЕС', 'name:uk': 'Дмитренківська ГЕС', 'operator': 'Вінницяобленерго', 'plant:output:electricity': '0.52 MW', 'plant:source': 'hydro', 'power': 'plant', 'source': 'Bing', 'start_date': '1953'}"
401209513,way,Газова котельня,,,,,48.0482002,33.2869556,"{'landuse': 'industrial', 'name': 'Газова котельня', 'name:uk': 'Газова котельня', 'power': 'plant'}"
401803241,way,Unknown,,,,,44.9522131,34.1139006,"{'building': 'yes', 'industrial': 'heating_station', 'landuse': 'industrial', 'power': 'plant'}"
402838599,way,Unknown,,,,,44.97355,34.090069,"{'building': 'yes', 'landuse': 'industrial', 'power': 'plant'}"
403559950,way,Unknown,,,,,44.9538617,34.1307373,"{'landuse': 'industrial', 'power': 'plant'}"
404379778,way,Unknown,,,,,44.9496438,34.1296565,"{'description': 'Старая котельная', 'landuse': 'industrial', 'power': 'plant'}"
406052190,way,Котельная,,,,,44.9128271,34.0826141,"{'landuse': 'industrial', 'name': 'Котельная', 'plant:output:hot_water': 'yes', 'power': 'plant'}"
409447800,way,Сєвєродонецька ТЕЦ,,,,,48.9358793,38.4562758,"{'landuse': 'industrial', 'man_made': 'works', 'name': 'Сєвєродонецька ТЕЦ', 'name:en': 'Severodonetsk Cogeneration Plant', 'name:ru': 'Северодонецкая ТЭЦ', 'name:uk': 'Сєвєродонецька ТЕЦ', 'plant:method': 'combustion', 'plant:output:electricity': '260 MW', 'plant:source': 'gas', 'power': 'plant', 'start_date': '1952', 'website': 'https://sdtec.lg.ua/', 'wikidata': 'Q4412574', 'wikipedia': 'uk:Сєвєродонецька ТЕЦ'}"
410179973,way,Зуївська експериментальна ТЕЦ,,,,,48.0179232,38.257467,"{'landuse': 'industrial', 'name': 'Зуївська експериментальна ТЕЦ', 'name:uk': 'Зуївська експериментальна ТЕЦ', 'plant:method': 'combustion', 'plant:output:electricity': '12 MW', 'plant:source': 'gas', 'power': 'plant', 'wikidata': 'Q4194634', 'wikipedia': 'uk:Зуївська експериментальна ТЕЦ'}"
412533541,way,Unknown,,,,,45.7039745,34.3888238,"{'building': 'industrial', 'description': 'Котельная', 'plant:output:hot_water': 'yes', 'plant:source': 'gas', 'power': 'plant'}"
416211965,way,Unknown,,,,,49.0933276,33.4273643,"{'building': 'service', 'generator:output:hot_water': 'yes', 'generator:output:steam': 'yes', 'power': 'plant'}"
419452235,way,Скадовська сонячна електростанція,,,,,46.0971457,32.477811,"{'landuse': 'industrial', 'name': 'Скадовська сонячна електростанція', 'name:uk': 'Скадовська сонячна електростанція', 'plant:method': 'photovoltaic', 'plant:output:electricity': '10 MW', 'plant:source': 'solar', 'power': 'plant', 'wikidata': 'Q16669870', 'wikipedia': 'uk:Скадовська сонячна електростанція'}"
419718782,way,Сонячна електростанція,,,,,47.6231633,31.3444081,"{'barrier': 'fence', 'fence_type': 'chain_link', 'height': '2', 'landuse': 'industrial', 'material': 'metal', 'name': 'Сонячна електростанція', 'official_name': 'Сонячна електростанція', 'operator': 'ТОВ ""ІНСОЛАР""', 'plant:method': 'photovoltaic', 'plant:output:electricity': '15741 kW', 'plant:source': 'solar', 'power': 'plant'}"
421260277,way,Котельня,,,,,49.1656997,23.3267428,"{'building': 'yes', 'landuse': 'industrial', 'name': 'Котельня', 'name:uk': 'Котельня', 'power': 'plant'}"
422338168,way,Unknown,,,,,48.5786854,39.4042993,"{'landuse': 'industrial', 'official_status': 'котельня', 'power': 'plant'}"
423628108,way,Unknown,,,,,49.0943014,33.4419078,{'power': 'plant'}
424597168,way,Unknown,,,,,49.8897842,28.6008436,"{'landuse': 'industrial', 'power': 'plant'}"
432664159,way,Новокостянтинівська ГЕС,,,,,49.4755897,27.7092711,"{'building': 'industrial', 'landuse': 'industrial', 'name': 'Новокостянтинівська ГЕС', 'name:uk': 'Новокостянтинівська ГЕС', 'operator': 'ЗЕА «Новосвіт»', 'plant:output:electricity': '525 kW', 'plant:source': 'hydro', 'power': 'plant', 'start_date': '1951'}"
435359809,way,Unknown,,,,,49.0869434,33.4612683,"{'addr:housenumber': '89а', 'building': 'service', 'generator:output:hot_water': 'yes', 'generator:output:steam': 'yes', 'power': 'plant'}"
437868496,way,Unknown,,,,,49.0983816,33.4284677,"{'building': 'service', 'generator:output:hot_water': 'yes', 'generator:output:steam': 'yes', 'power': 'plant'}"
442046197,way,Тузлівська ВЕС,,,,,46.7139551,31.3849641,"{'landuse': 'industrial', 'name': 'Тузлівська ВЕС', 'name:ru': 'Тузловская ВЭС', 'name:uk': 'Тузлівська ВЕС', 'plant:method': 'wind_turbine', 'plant:output:electricity': '12.5 MW', 'plant:source': 'wind', 'power': 'plant'}"
442328873,way,Unknown,,,,,46.425545,30.7029183,"{'addr:housenumber': '12/6', 'addr:postcode': '65078', 'building': 'industrial', 'building:levels': '2', 'plant:output:hot_water': 'yes', 'plant:source': 'gas', 'power': 'plant'}"
442742778,way,СЭС Владиславовка,,,,,45.1467947,35.4204287,"{'landuse': 'industrial', 'name': 'СЭС Владиславовка', 'plant:output:electricity': '110 MW', 'plant:source': 'solar', 'power': 'plant', 'wikipedia': 'ru:Владиславовка (электростанция)'}"
446152209,way,Стеблівська ГЕС,,,,,49.4076799,31.1082216,"{'building': 'yes', 'frequency': '60', 'landuse': 'industrial', 'name': 'Стеблівська ГЕС', 'name:uk': 'Стеблівська ГЕС', 'plant:method': 'water-storage', 'plant:output:electricity': '2850 W', 'plant:source': 'hydro', 'power': 'plant', 'start_date': '1951'}"
446504068,way,Старосамбірська ВЕС,,,,,49.4278128,23.0203385,"{'landuse': 'industrial', 'name': 'Старосамбірська ВЕС', 'name:uk': 'Старосамбірська ВЕС', 'plant:method': 'wind_turbine', 'plant:output:electricity': '13200 kW', 'plant:source': 'wind', 'power': 'plant'}"
447097169,way,Unknown,,,,,51.5175776,31.344126,"{'building': 'industrial', 'landuse': 'industrial', 'power': 'plant'}"
447103825,way,Більче-Золотецька ГЕС,,,,,48.7756974,25.8645731,"{'landuse': 'industrial', 'layer': '1', 'name': 'Більче-Золотецька ГЕС', 'name:uk': 'Більче-Золотецька ГЕС', 'plant:output:electricity': '530 kW', 'plant:source': 'hydro', 'power': 'plant'}"
447106443,way,Снятинська ГЕС,,,,,48.4383359,25.5755481,"{'landuse': 'industrial', 'layer': '1', 'name': 'Снятинська ГЕС', 'name:uk': 'Снятинська ГЕС', 'plant:output:electricity': '800 kW', 'plant:source': 'hydro', 'power': 'plant'}"
447121048,way,Касперівська ГЕС,,,,,48.6694109,25.8535362,"{'landuse': 'industrial', 'layer': '1', 'name': 'Касперівська ГЕС', 'name:uk': 'Касперівська ГЕС', 'plant:output:electricity': '7500 kW', 'plant:source': 'hydro', 'power': 'plant', 'wikidata': 'Q4216708', 'wikipedia': 'uk:Касперівська ГЕС'}"
447122083,way,Осівська ГЕС,,,,,49.1552054,25.356323,"{'landuse': 'industrial', 'layer': '1', 'name': 'Осівська ГЕС', 'name:uk': 'Осівська ГЕС', 'plant:output:electricity': 'yes', 'plant:source': 'hydro', 'power': 'plant'}"
447122886,way,Золотолипнянська ГЕС,,,,,48.9856701,25.0701428,"{'building': 'industrial', 'layer': '1', 'name': 'Золотолипнянська ГЕС', 'name:uk': 'Золотолипнянська ГЕС', 'operator': 'ТОВ ""Енергоінвест""', 'plant:output:electricity': '380 kW', 'plant:source': 'hydro', 'power': 'plant', 'start_date': '2011'}"
447197691,way,Севастопольская солнечная электростанция,,,,,44.6331287,33.5702524,"{'addr:city': 'Севастополь', 'landuse': 'industrial', 'name': 'Севастопольская солнечная электростанция', 'name:en': 'Sevastopol Solar Power Plant', 'name:ru': 'Севастопольская солнечная электростанция', 'plant:method': 'photovoltaic', 'plant:output:electricity': 'yes', 'plant:source': 'solar', 'power': 'plant'}"
447646410,way,Котельня,,,,,48.3995507,39.2034861,"{'building': 'industrial', 'name': 'Котельня', 'name:en': 'Boiler House', 'name:ru': 'Котельная', 'name:uk': 'Котельня', 'plant:output:hot_water': 'yes', 'power': 'plant'}"
447662547,way,Котельня,,,,,48.3989307,39.1997188,"{'building': 'yes', 'name': 'Котельня', 'name:ru': 'Котельная', 'name:uk': 'Котельня', 'plant:output:hot_water': 'yes', 'power': 'plant'}"
447821282,way,Котельня,,,,,48.3979206,39.2038854,"{'building': 'industrial', 'name': 'Котельня', 'name:en': 'Boiler House', 'name:ru': 'Котельная', 'name:uk': 'Котельня', 'plant:output:hot_water': 'yes', 'power': 'plant'}"
448191110,way,Unknown,,,,,48.6148132,38.342473,"{'landuse': 'industrial', 'power': 'plant'}"
449516459,way,Unknown,,,,,49.4500328,24.9407206,"{'plant:output:electricity': 'yes', 'plant:source': 'hydro', 'power': 'plant', 'waterway': 'dam'}"
450200670,way,Станція теплопостачання №2,,,,,50.4810632,30.5139126,"{'barrier': 'fence', 'landuse': 'industrial', 'name': 'Станція теплопостачання №2', 'name:ru': 'Станция теплоснабжения №2', 'name:uk': 'Станція теплопостачання №2', 'plant:output:electricity': '465 MW', 'plant:source': 'gas;oil', 'power': 'plant', 'wikidata': 'Q65160378'}"
450569880,way,Черкаська ТЕЦ,,,,,49.3885509,32.0652648,"{'addr:housenumber': '76', 'addr:street': 'проспект Хіміків', 'landuse': 'industrial', 'name': 'Черкаська ТЕЦ', 'name:en': 'Cherkasy Power Plant', 'name:ru': 'Черкасская ТЭЦ', 'name:uk': 'Черкаська ТЕЦ', 'plant:method': 'combustion', 'plant:output:electricity': '230 MW', 'plant:output:hot_water': 'yes', 'plant:source': 'gas;coal', 'power': 'plant', 'wikidata': 'Q12169757', 'wikipedia': 'uk:Черкаська ТЕЦ'}"
451885609,way,Низівська ГЕС,,,,,50.7861346,34.7653556,"{'building': 'industrial', 'name': 'Низівська ГЕС', 'name:uk': 'Низівська ГЕС', 'plant:output:electricity': '600 kW', 'power': 'plant', 'start_date': '1953'}"
452243905,way,Unknown,,,,,51.5035218,31.2909869,"{'landuse': 'industrial', 'power': 'plant'}"
461107504,way,Котельня,,,,,49.3828979,32.0347498,"{'landuse': 'industrial', 'name': 'Котельня', 'name:uk': 'Котельня', 'power': 'plant'}"
465439659,way,Unknown,,,,,48.2258528,26.025652,"{'building': 'industrial', 'landuse': 'industrial', 'operator': 'Молодійський ліцей', 'plant:method': 'combustion', 'plant:output:electricity': 'yes', 'plant:output:hot_water': 'yes', 'plant:source': 'gas', 'power': 'plant'}"
466043428,way,Котельня,,,,,49.8479037,23.963327,"{'industrial': 'heating_station', 'landuse': 'industrial', 'name': 'Котельня', 'name:uk': 'Котельня', 'plant:method': 'combustion', 'plant:output:hot_water': 'yes', 'plant:source': 'gas', 'power': 'plant'}"
470484953,way,Сакская ТЭЦ,,,,,45.1367288,33.5517941,"{'landuse': 'industrial', 'name': 'Сакская ТЭЦ', 'name:en': 'Saki Thermal Power Plant', 'operator': 'КРЫМТЭЦ', 'plant:method': 'combustion', 'plant:output:electricity': '149.4 MW', 'plant:output:hot_water': 'yes', 'plant:source': 'gas', 'power': 'plant', 'source': 'https://infomach.ru/gas-turbine-units-gta-25/', 'start_date': '1955', 'wikidata': 'Q48922533'}"
470679717,way,Unknown,,,,,45.1360272,33.5495011,"{'building': 'yes', 'landuse': 'industrial', 'power': 'plant'}"
472311372,way,котельня Болехівської центральної лікарні,,,,,49.0659851,23.8550908,"{'landuse': 'industrial', 'name:uk': 'котельня Болехівської центральної лікарні', 'power': 'plant'}"
473807251,way,Маловорожб'янська ГЕС,,,,,50.6733619,34.6959991,"{'building': 'industrial', 'name': ""Маловорожб'янська ГЕС"", 'name:uk': ""Маловорожб'янська ГЕС"", 'plant:output:electricity': '350 kW', 'plant:source': 'hydro', 'power': 'plant'}"
475077500,way,"ФЕС ""Глибочок-ІІ""",,,,,48.513857,29.3976964,"{'landuse': 'industrial', 'name': 'ФЕС ""Глибочок-ІІ""', 'name:uk': 'ФЕС ""Глибочок-ІІ""', 'plant:method': 'photovoltaic', 'plant:output:electricity': '2.5 MW', 'plant:source': 'solar', 'power': 'plant'}"
475077501,way,"ФЕС ""Глибочок-І""",,,,,48.5208871,29.3968891,"{'landuse': 'industrial', 'name': 'ФЕС ""Глибочок-І""', 'name:uk': 'ФЕС ""Глибочок-І""', 'plant:method': 'photovoltaic', 'plant:output:electricity': '1.374 MW', 'plant:source': 'solar', 'power': 'plant'}"
475607493,way,Біогазова електростанція,,,,,49.2882389,28.6459183,"{'name': 'Біогазова електростанція', 'name:uk': 'Біогазова електростанція', 'operator': 'ЕкоВін', 'plant:output:electricity': '1 MW', 'plant:source': 'biogas', 'power': 'plant'}"
475619929,way,Unknown,,,,,49.3224844,28.1215896,"{'landuse': 'industrial', 'plant:method': 'photovoltaic', 'plant:output:electricity': 'yes', 'plant:source': 'solar', 'power': 'plant'}"
476045535,way,Unknown,,,,,47.7639133,35.2137182,"{'landuse': 'industrial', 'power': 'plant'}"
477271403,way,Котельна,,,,,49.4331871,37.1845621,"{'landuse': 'industrial', 'name': 'Котельна', 'name:uk': 'Котельна', 'power': 'plant'}"
478046057,way,Unknown,,,,,50.072953,29.9161087,"{'building': 'industrial', 'plant:source': 'gas', 'power': 'plant'}"
481648257,way,Теплопункт,,,,,48.0584678,38.1367231,"{'landuse': 'industrial', 'name': 'Теплопункт', 'name:uk': 'Теплопункт', 'power': 'plant'}"
481941503,way,Unknown,,,,,46.7490083,36.8137134,"{'barrier': 'fence', 'landuse': 'industrial', 'plant:output:hot_water': 'yes', 'power': 'plant'}"
485620668,way,Unknown,,,,,48.406937,38.093412,"{'landuse': 'industrial', 'power': 'plant'}"
485969639,way,ПСЦ,,,,,46.1750715,30.339743,"{'building': 'industrial', 'landuse': 'industrial', 'name': 'ПСЦ', 'name:uk': 'ПСЦ', 'power': 'plant'}"
486624009,way,Unknown,,,,,48.6177371,38.3623575,"{'landuse': 'industrial', 'power': 'plant'}"
486832859,way,Unknown,,,,,48.5509879,38.0630181,"{'landuse': 'industrial', 'plant:method': 'combustion', 'plant:output:electricity': 'yes', 'plant:source': 'gas', 'power': 'plant'}"
489242460,way,Unknown,,,,,47.6628452,34.0804096,"{'landuse': 'industrial', 'plant:source': 'solar', 'power': 'plant'}"
490551928,way,Unknown,,,,,48.928327,24.7003182,"{'barrier': 'fence', 'landuse': 'industrial', 'power': 'plant'}"
490933535,way,Unknown,,,,,49.0263271,24.3591915,"{'building': 'industrial', 'landuse': 'industrial', 'plant:method': 'combustion', 'plant:output:electricity': 'yes', 'plant:output:hot_water': 'yes', 'plant:source': 'gas', 'power': 'plant'}"
491126695,way,Бобрівська ГЕС,,,,,50.5026206,34.3427243,"{'building': 'industrial', 'name': 'Бобрівська ГЕС', 'name:uk': 'Бобрівська ГЕС', 'operator': 'Енергоінвест', 'plant:output:electricity': '190 kW', 'plant:source': 'hydro', 'power': 'plant', 'start_date': '1955'}"
492221163,way,Unknown,,,,,49.8477722,23.967929,"{'building': 'industrial', 'plant:method': 'combustion', 'plant:output:electricity': 'yes', 'plant:source': 'gas', 'power': 'plant'}"
493144187,way,Unknown,,,,,44.3933049,33.7810895,"{'building': 'industrial', 'building:levels': '2', 'description': 'Котельная', 'power': 'plant'}"
493524300,way,Котельня,,,,,49.8259452,24.0422568,"{'addr:housenumber': '114а', 'addr:postcode': '79017', 'addr:street': 'вулиця Мирона Тарнавського', 'building': 'industrial', 'landuse': 'industrial', 'name': 'Котельня', 'name:uk': 'Котельня', 'power': 'plant'}"
495905731,way,Електростанція КГЕС,,,,,48.2572922,36.9929619,"{'landuse': 'industrial', 'name': 'Електростанція КГЕС', 'name:ru': 'Электростанция КГЭС', 'name:uk': 'Електростанція КГЕС', 'power': 'plant'}"
496481741,way,Unknown,,,,,48.4227202,35.003476,"{'barrier': 'fence', 'landuse': 'industrial', 'man_made': 'works', 'plant:output:hot_water': 'hot_water', 'plant:source': 'gas', 'power': 'plant'}"
500074179,way,Unknown,,,,,47.2541928,37.4566124,"{'building': 'industrial', 'power': 'plant'}"
500377951,way,Бондарівська МГЕС,,,,,49.0382118,26.2064772,"{'building': 'service', 'layer': '1', 'name': 'Бондарівська МГЕС', 'name:uk': 'Бондарівська МГЕС', 'plant:output:electricity': '600 kW', 'plant:source': 'hydro', 'power': 'plant'}"
502687727,way,Unknown,,,,,49.1872089,31.8972488,"{'barrier': 'wall', 'landuse': 'industrial', 'power': 'plant'}"
502943369,way,Unknown,,,,,51.3618629,29.4538306,"{'abandoned': 'yes', 'landuse': 'industrial', 'power': 'plant'}"
504250369,way,Unknown,,,,,50.4969438,31.7689429,"{'barrier': 'fence', 'plant:output:hot_water': 'yes', 'power': 'plant'}"
504364351,way,Лопатицька ГЕС,,,,,51.1627733,27.5447597,"{'landuse': 'industrial', 'layer': '1', 'name': 'Лопатицька ГЕС', 'name:uk': 'Лопатицька ГЕС', 'plant:output:electricity': '160 kW', 'plant:source': 'hydro', 'power': 'plant'}"
507252654,way,Unknown,,,,,49.8387126,29.6600849,"{'landuse': 'industrial', 'plant:output:electricity': 'yes', 'plant:source': 'hydro', 'power': 'plant'}"
508048503,way,СЕС Приозерна,,,,,45.466912,29.2928016,"{'landuse': 'industrial', 'name': 'СЕС Приозерна', 'name:uk': 'СЕС Приозерна', 'plant:method': 'photovoltaic', 'plant:output:electricity': '54.8 MW', 'plant:source': 'solar', 'power': 'plant'}"
509478587,way,Троянівська ГЕС,,,,,50.1341185,28.5345788,"{'landuse': 'industrial', 'layer': '1', 'name': 'Троянівська ГЕС', 'name:uk': 'Троянівська ГЕС', 'operator': 'ТОВ «Український енергетичний розвиток»', 'plant:output:electricity': '150 kW', 'plant:source': 'hydro', 'power': 'plant'}"
510444181,way,Мислятинська МГЕС,,,,,50.0852171,26.7156042,"{'landuse': 'industrial', 'name': 'Мислятинська МГЕС', 'name:uk': 'Мислятинська МГЕС', 'operator': 'Альтен', 'plant:source': 'hydro', 'power': 'plant'}"
510445013,way,Коржівська МГЕС,,,,,49.8318324,27.6003568,"{'landuse': 'industrial', 'name': 'Коржівська МГЕС', 'name:uk': 'Коржівська МГЕС', 'operator': 'Новосвіт', 'plant:output:electricity': 'yes', 'plant:source': 'hydro', 'power': 'plant'}"
511738133,way,МГЕС Шипіт-1,,,,,48.7170327,22.8213695,"{'landuse': 'industrial', 'name': 'МГЕС Шипіт-1', 'name:uk': 'МГЕС Шипіт-1', 'operator': 'RENER', 'plant:output:electricity': '1020 kW', 'plant:source': 'hydro', 'power': 'plant', 'start_date': '2012-03-10'}"
512386856,way,Unknown,,,,,50.6346349,26.2087783,{'power': 'plant'}
512784344,way,Котельня,,,,,49.0153072,25.789988,"{'building': 'industrial', 'name': 'Котельня', 'name:uk': 'Котельня', 'plant:output:hot_water': 'yes', 'power': 'plant'}"
513203576,way,Unknown,,,,,49.6059667,25.8184046,"{'landuse': 'industrial', 'power': 'plant'}"
513850758,way,"Котельна ""Південна-1""",,,,,46.397216,30.7262979,"{'generator:output:hot_water': 'yes', 'landuse': 'industrial', 'name': 'Котельна ""Південна-1""', 'name:ru': 'Котельная ""Южная-1""', 'name:uk': 'Котельна ""Південна-1""', 'power': 'plant', 'power:output:hot_water': 'yes'}"
520579577,way,Шашацька ГЕС,,,,,49.8718009,33.9715247,"{'name': 'Шашацька ГЕС', 'name:ru': 'Шишацкая ГЭС', 'name:uk': 'Шашацька ГЕС', 'plant:method': 'run-of-the-river', 'plant:source': 'hydro', 'power': 'plant', 'waterway': 'dam'}"
523888793,way,Unknown,,,,,50.4999576,30.464989,"{'building': 'industrial', 'building:levels': '2', 'power': 'plant'}"
524883270,way,Кривоколінська ГЕС,,,,,48.8186738,30.8546032,"{'building': 'yes', 'landuse': 'industrial', 'name': 'Кривоколінська ГЕС', 'name:uk': 'Кривоколінська ГЕС', 'plant:output:electricity': '324 kW', 'power': 'plant', 'start_date': '1954'}"
525220228,way,Сутиська ГЕС,,,,,49.0369497,28.4069092,"{'layer': '1', 'name': 'Сутиська ГЕС', 'name:uk': 'Сутиська ГЕС', 'operator': 'ТОВ «Енергоінвест»', 'plant:output:electricity': '1400 kW', 'plant:source': 'hydro', 'power': 'plant', 'start_date': '1957'}"
525996795,way,Unknown,,,,,50.4799318,30.4469542,"{'barrier': 'fence', 'landuse': 'industrial', 'operator': 'Київенерго', 'power': 'plant'}"
526480795,way,Unknown,,,,,51.5213023,31.2264386,"{'landuse': 'industrial', 'power': 'plant'}"
529453172,way,Unknown,,,,,51.4956129,31.2953424,"{'landuse': 'industrial', 'power': 'plant'}"
529470621,way,Котельня,,,,,50.1462013,30.6677521,"{'landuse': 'industrial', 'name': 'Котельня', 'name:uk': 'Котельня', 'power': 'plant'}"
530336895,way,Синтез Солар,,,,,49.2843785,23.4426255,"{'landuse': 'industrial', 'name': 'Синтез Солар', 'name:uk': 'Синтез Солар', 'plant:output:electricity': '1440 kW', 'plant:source': 'solar', 'power': 'plant'}"
531686155,way,Газотурбінна електростанція АМК,,,,,48.4831728,38.7697637,"{'landuse': 'industrial', 'name': 'Газотурбінна електростанція АМК', 'name:uk': 'Газотурбінна електростанція АМК', 'operator': 'Екоенергія', 'plant:output:electricity': '303 МВт', 'plant:source': 'waste', 'power': 'plant', 'start_date': '2013'}"
532995506,way,Unknown,,,,,50.6395816,29.9205035,"{'addr:postcode': '07801', 'landuse': 'industrial', 'power': 'plant'}"
534538028,way,Котельня,,,,,49.9737281,36.1685311,"{'landuse': 'industrial', 'name': 'Котельня', 'name:uk': 'Котельня', 'power': 'plant'}"
536126671,way,СЕ-3,,,,,48.4571583,22.2170645,"{'barrier': 'fence', 'landuse': 'industrial', 'name': 'СЕ-3', 'name:uk': 'СЕ-3', 'plant:method': 'photovoltaic', 'plant:output:electricity': '21.5 MW', 'plant:source': 'solar', 'power': 'plant'}"
539411304,way,Шкільна котельня,,,,,50.7653038,29.3699894,"{'building': 'service', 'name': 'Шкільна котельня', 'name:uk': 'Шкільна котельня', 'plant:output:hot_water': 'yes', 'power': 'plant'}"
540869465,way,Котельня,,,,,50.7555736,29.2450391,"{'building': 'service', 'name': 'Котельня', 'name:uk': 'Котельня', 'plant:output:hot_water': 'yes', 'power': 'plant'}"
541088424,way,Unknown,,,,,49.4218179,27.4693033,"{'landuse': 'industrial', 'power': 'plant'}"
542176364,way,Unknown,,,,,49.797769,24.0423046,"{'building:levels': '2', 'landuse': 'industrial', 'pipeline': 'substation', 'power': 'plant', 'substance': 'heat'}"
543168611,way,Михайлівська ГЕС,,,,,50.6644582,34.4335261,"{'building': 'industrial', 'name': 'Михайлівська ГЕС', 'name:uk': 'Михайлівська ГЕС', 'plant:output:electricity': '186 kW', 'plant:source': 'hydro', 'power': 'plant', 'start_date': '1957'}"
545331151,way,Unknown,,,,,47.9891021,28.9243091,"{'landuse': 'industrial', 'power': 'plant'}"
546077925,way,Unknown,,,,,46.7915269,36.7878116,"{'barrier': 'wall', 'landuse': 'industrial', 'plant:output:hot_water': 'yes', 'power': 'plant'}"
546874978,way,Котельная,,,,,45.0502308,35.376281,"{'landuse': 'industrial', 'name': 'Котельная', 'name:ru': 'Котельная', 'name:uk': 'Котельня', 'plant:output:hot_water': 'yes', 'power': 'plant'}"
546875032,way,Котельня,,,,,49.288303,23.888463,"{'landuse': 'industrial', 'name': 'Котельня', 'name:uk': 'Котельня', 'power': 'plant'}"
547776358,way,Unknown,,,,,50.1834631,30.3081404,"{'landuse': 'industrial', 'power': 'plant'}"
548449777,way,Unknown,,,,,51.4518966,31.1909562,"{'building': 'yes', 'plant:output:hot_water': 'yes', 'power': 'plant'}"
550431110,way,Котельня,,,,,48.5006942,29.8550694,"{'landuse': 'industrial', 'name': 'Котельня', 'name:uk': 'Котельня', 'power': 'plant'}"
555775820,way,Котельня №9,,,,,50.080855,29.9162592,"{'landuse': 'industrial', 'name': 'Котельня №9', 'name:uk': 'Котельня №9', 'power': 'plant'}"
556707333,way,Unknown,,,,,48.0453732,38.7572276,"{'landuse': 'industrial', 'power': 'plant'}"
562826892,way,Котельная,,,,,44.6308387,33.5281185,"{'landuse': 'industrial', 'name': 'Котельная', 'plant:output:hot_water': 'yes', 'power': 'plant'}"
569949587,way,СЕС,,,,,49.021868,27.2420323,"{'barrier': 'fence', 'fence_type': 'chain_link', 'height': '2', 'name': 'СЕС', 'name:uk': 'СЕС', 'plant:method': 'photovoltaic', 'plant:output:electricity': 'yes', 'plant:source': 'solar', 'power': 'plant'}"
571589311,way,Районна котельня «Пар»,,,,,50.5032607,30.4772516,"{'landuse': 'industrial', 'name': 'Районна котельня «Пар»', 'name:ru': 'Районная котельная «Пар»', 'name:uk': 'Районна котельня «Пар»', 'power': 'plant'}"
571787756,way,ЦТП,,,,,48.5129125,32.2152371,"{'building': 'industrial', 'name': 'ЦТП', 'name:uk': 'ЦТП', 'operator': 'ДП ""Кіровоградтепло"" ТОВ ""ЦНТІ УНГА""', 'power': 'plant'}"
577985156,way,Unknown,,,,,49.0796395,27.7226542,"{'landuse': 'industrial', 'plant:method': 'photovoltaic', 'plant:output:electricity': 'yes', 'plant:source': 'solar', 'power': 'plant'}"
578750783,way,Unknown,,,,,50.3307561,30.3741174,{'power': 'plant'}
579840647,way,Котельня,,,,,49.8168181,36.6408151,"{'landuse': 'industrial', 'name': 'Котельня', 'name:uk': 'Котельня', 'power': 'plant'}"
584965004,way,Unknown,,,,,48.5856247,35.1281855,"{'plant:method': 'photovoltaic', 'plant:output:electricity': 'yes', 'plant:source': 'solar', 'power': 'plant'}"
585888514,way,Unknown,,,,,49.5238355,29.9216723,{'power': 'plant'}
588444321,way,Unknown,,,,,45.4270859,35.8246118,"{'landuse': 'industrial', 'power': 'plant'}"
591050355,way,Unknown,,,,,49.4862789,29.295166,"{'landuse': 'industrial', 'power': 'plant'}"
591930245,way,Unknown,,,,,48.5058059,35.8998131,"{'addr:housenumber': '340а', 'addr:postcode': '51408', 'addr:street': 'Дніпровська вулиця', 'landuse': 'industrial', 'power': 'plant'}"
592451461,way,Unknown,,,,,49.8287475,24.0491606,"{'addr:housenumber': '9', 'addr:postcode': '79017', 'addr:street': 'вулиця Ростислава Братуня', 'building:levels': '1', 'landuse': 'industrial', 'power': 'plant'}"
596038174,way,Котельня,,,,,49.8404733,23.9719117,"{'addr:housenumber': '19а', 'addr:street': 'Низинна вулиця', 'building': 'industrial', 'building:levels': '1', 'industrial': 'heating_station', 'name': 'Котельня', 'name:uk': 'Котельня', 'operator': 'ЛКП Залізничнетеплоенерго', 'power': 'plant'}"
601306045,way,Котельня,,,,,49.9807826,36.1810766,"{'building': 'service', 'landuse': 'industrial', 'name': 'Котельня', 'name:uk': 'Котельня', 'power': 'plant'}"
604295427,way,Шипіт 2,,,,,48.7547481,22.8520347,"{'landuse': 'industrial', 'name': 'Шипіт 2', 'name:en': 'Shypit 2', 'name:ru': 'Шипот 2', 'name:uk': 'Шипіт 2', 'plant:output:electricity': 'yes', 'plant:source': 'hydro', 'power': 'plant', 'ref': '2'}"
604724345,way,Озерна СЕС,,,,,49.9605367,23.4755543,"{'landuse': 'industrial', 'name': 'Озерна СЕС', 'name:uk': 'Озерна СЕС', 'operator': 'ЛігАгро', 'plant:output:electricity': '9.9 MW', 'plant:source': 'solar', 'power': 'plant', 'start_date': '01.03.2017'}"
605312460,way,Unknown,,,,,48.5195844,25.0431935,"{'addr:street': 'вулиця Міцкевича', 'barrier': 'fence', 'landuse': 'industrial', 'power': 'plant'}"
612627458,way,Unknown,,,,,46.1777627,34.8191044,"{'building': 'yes', 'landuse': 'industrial', 'power': 'plant'}"
613780292,way,Unknown,,,,,49.9165476,35.5594414,"{'landuse': 'industrial', 'plant:output:electricity': 'yes', 'power': 'plant'}"
613862055,way,Unknown,,,,,49.9019763,35.5623509,"{'landuse': 'industrial', 'power': 'plant'}"
615912027,way,Центральна котельня,,,,,50.3599184,33.2777246,"{'landuse': 'industrial', 'name': 'Центральна котельня', 'name:uk': 'Центральна котельня', 'power': 'plant'}"
616374063,way,Unknown,,,,,49.9907509,33.3258861,"{'building': 'industrial', 'building:levels': '1', 'landuse': 'industrial', 'plant:method': 'combustion', 'plant:output:electricity': 'yes', 'plant:output:hot_water': 'yes', 'plant:source': 'gas', 'power': 'plant'}"
616864772,way,Unknown,,,,,46.8067094,35.4190499,"{'landuse': 'industrial', 'power': 'plant'}"
617663761,way,Районна котельня «Центральна»,,,,,50.4691993,30.3637311,"{'addr:housenumber': '36б', 'addr:street': 'бульвар Академіка Вернадського', 'barrier': 'wall', 'landuse': 'industrial', 'name': 'Районна котельня «Центральна»', 'name:en': 'Centralna District Power Plant', 'name:ru': 'Районная котельная «Центральная»', 'name:uk': 'Районна котельня «Центральна»', 'operator': 'КП «Київтеплоенерго»', 'plant:method': 'combustion', 'plant:output:electricity': 'yes', 'plant:output:hot_water': 'yes', 'plant:source': 'gas', 'power': 'plant', 'start_date': '1969', 'wall:material': 'concrete', 'wall:type': 'plate'}"
619099053,way,Unknown,,,,,48.3471857,39.6532272,"{'landuse': 'industrial', 'power': 'plant'}"
620422790,way,Unknown,,,,,45.3285098,28.8323874,"{'building': 'industrial', 'building:levels': '1', 'plant:method': 'combustion', 'plant:output:electricity': 'no', 'plant:source': 'gas', 'power': 'plant'}"
626021276,way,Unknown,,,,,49.4365853,27.0040688,"{'landuse': 'industrial', 'power': 'plant'}"
628047053,way,Unknown,,,,,48.6222211,38.3704193,"{'addr:housenumber': '2а', 'addr:street': 'Оседача вулиця', 'landuse': 'industrial', 'power': 'plant'}"
628221119,way,Unknown,,,,,48.493425,37.733141,"{'landuse': 'industrial', 'power': 'plant'}"
629246828,way,Unknown,,,,,46.5288848,30.6099473,"{'landuse': 'industrial', 'plant:method': 'photovoltaic', 'plant:output:electricity': 'yes', 'plant:source': 'solar', 'power': 'plant'}"
633222297,way,Unknown,,,,,48.310913,35.1273305,"{'plant:method': 'photovoltaic', 'plant:output:electricity': 'yes', 'plant:source': 'solar', 'power': 'plant'}"
634842122,way,Unknown,,,,,48.6315091,38.3871771,"{'landuse': 'industrial', 'power': 'plant'}"
634842128,way,Газова котельня,,,,,48.6314939,38.3876903,"{'landuse': 'industrial', 'name': 'Газова котельня', 'name:uk': 'Газова котельня', 'power': 'plant'}"
634852531,way,Unknown,,,,,48.6198759,38.3673265,"{'landuse': 'industrial', 'power': 'plant'}"
639186823,way,Великокужелівська МГЕС,,,,,48.8957578,27.0984985,"{'addr:postcode': '32464', 'landuse': 'industrial', 'name': 'Великокужелівська МГЕС', 'name:uk': 'Великокужелівська МГЕС', 'operator': 'ЗЕА «Новосвіт»', 'plant:output:electricity': '270 кВт', 'plant:source': 'hydro', 'power': 'plant', 'start_date': '1953'}"
640086523,way,Грін Терра,,,,,50.4826392,31.8043752,"{'barrier': 'fence', 'name': 'Грін Терра', 'name:uk': 'Грін Терра', 'name:uk-t-en': 'Грін Терра', 'official_name': 'Сонячна електростанція фермерського господарства «Грін Терра»', 'operator': 'Грін Терра', 'plant:method': 'photovoltaic', 'plant:output:electricity': '3 MW', 'plant:source': 'solar', 'power': 'plant', 'start_date': '20190109'}"
640464656,way,Котельня СМЕУ-3,,,,,48.6273159,38.3701582,"{'addr:street': 'Привокзальна вулиця', 'landuse': 'industrial', 'name': 'Котельня СМЕУ-3', 'name:uk': 'Котельня СМЕУ-3', 'power': 'plant'}"
640646952,way,Unknown,,,,,50.2133267,30.3250914,"{'landuse': 'industrial', 'power': 'plant'}"
650323498,way,Unknown,,,,,46.4816218,30.2021538,"{'landuse': 'industrial', 'power': 'plant'}"
653990168,way,Котельня,,,,,48.9143167,28.4020346,"{'landuse': 'industrial', 'name': 'Котельня', 'name:uk': 'Котельня', 'power': 'plant'}"
655444361,way,Unknown,,,,,47.6536221,33.7244053,"{'landuse': 'industrial', 'power': 'plant'}"
657086070,way,Районна котельня «Дніпроводська»,,,,,50.5553369,30.4826942,"{'landuse': 'industrial', 'name': 'Районна котельня «Дніпроводська»', 'name:ru': 'Районная котельная «Днепроводская»', 'name:uk': 'Районна котельня «Дніпроводська»', 'power': 'plant'}"
657414911,way,Unknown,,,,,47.5509878,34.4068961,"{'addr:street': 'Рівненська вулиця', 'landuse': 'industrial', 'power': 'plant'}"
661144539,way,Unknown,,,,,48.6369441,38.3905236,"{'landuse': 'industrial', 'power': 'plant'}"
661144541,way,Unknown,,,,,48.6369423,38.3907288,"{'landuse': 'industrial', 'power': 'plant'}"
662699992,way,Unknown,,,,,51.475952,26.365226,"{'landuse': 'industrial', 'power': 'plant'}"
663246762,way,Балаклавская ТЭС,,,,,44.5537431,33.60217,"{'alt_name': 'Севастопольская ТЭС', 'landuse': 'industrial', 'name': 'Балаклавская ТЭС', 'name:en': 'Balaklava (Sevastopol) Power Plant', 'plant:method': 'combustion', 'plant:output:electricity': '470 MW', 'plant:source': 'gas', 'power': 'plant', 'start_date': '2019', 'wikidata': 'Q21644346'}"
663766406,way,Котельня,,,,,48.0809028,39.6846334,"{'landuse': 'industrial', 'name': 'Котельня', 'name:uk': 'Котельня', 'power': 'plant'}"
664607168,way,Unknown,,,,,48.6379683,38.3986864,"{'landuse': 'industrial', 'power': 'plant'}"
665266623,way,Unknown,,,,,48.4864901,38.8183892,"{'landuse': 'industrial', 'power': 'plant'}"
668373553,way,Біогазова електростанція,,,,,50.4820895,32.3990976,"{'name': 'Біогазова електростанція', 'name:uk': 'Біогазова електростанція', 'plant:output:electricity': '2406 kW', 'plant:source': 'biogas', 'power': 'plant'}"
669540363,way,Unknown,,,,,48.8336088,27.2647757,"{'landuse': 'industrial', 'power': 'plant'}"
670005503,way,СЕС Віньківці,,,,,49.0315206,27.2902416,"{'barrier': 'fence', 'fence_type': 'chain_link', 'height': '2', 'name': 'СЕС Віньківці', 'name:uk': 'СЕС Віньківці', 'operator': 'ТОВ Екотехнік-Віньківці', 'plant:method': 'photovoltaic', 'plant:output:electricity': 'yes', 'plant:source': 'solar', 'power': 'plant'}"
670024365,way,СЕС,,,,,49.0630588,27.1405716,"{'barrier': 'fence', 'fence_type': 'chain_link', 'height': '2', 'name': 'СЕС', 'name:uk': 'СЕС', 'plant:method': 'photovoltaic', 'plant:output:electricity': 'yes', 'plant:source': 'solar', 'power': 'plant'}"
670458768,way,Кам’янець-Подільська СЕС,,,,,48.626177,26.632466,"{'landuse': 'industrial', 'name': 'Кам’янець-Подільська СЕС', 'name:uk': 'Кам’янець-Подільська СЕС', 'operator': 'ПодільськЕнерго', 'plant:method': 'photovoltaic', 'plant:output:electricity': '60 MW', 'plant:source': 'solar', 'power': 'plant', 'wikipedia': ""uk:СЕС Кам'янець-Подільська""}"
675114173,way,Unknown,,,,,47.6243841,30.2769564,"{'landuse': 'industrial', 'power': 'plant'}"
677280939,way,"СЕС ""Дібровка""",,,,,48.0349933,32.1659796,"{'barrier': 'fence', 'landuse': 'industrial', 'name': 'СЕС ""Дібровка""', 'name:uk': 'СЕС ""Дібровка""', 'operator': 'ТОВ\xa0""СЕС\xa0Дібровка""', 'plant:method': 'photovoltaic', 'plant:output:electricity': '16988 kW', 'plant:source': 'solar', 'power': 'plant', 'start_date': '2017'}"
678174528,way,Unknown,,,,,49.802194,23.9948834,"{'addr:postcode': '79060', 'addr:street': 'Наукова вулиця', 'building:levels': '2', 'landuse': 'industrial', 'power': 'plant'}"
682324499,way,"СЕС 4,5МВт",,,,,48.8005412,32.2462041,"{'name': 'СЕС 4,5МВт', 'name:uk': 'СЕС 4,5МВт', 'plant:method': 'photovoltaic', 'plant:output:hot_water': '4.5 MW', 'plant:source': 'solar', 'power': 'plant'}"
683286853,way,Unknown,,,,,48.0495701,38.1455556,"{'landuse': 'industrial', 'power': 'plant'}"
685030186,way,СЕС Верхньоінгульська,,,,,47.952649,32.5677252,"{'construction': 'industrial', 'landuse': 'construction', 'name': 'СЕС Верхньоінгульська', 'name:uk': 'СЕС Верхньоінгульська', 'plant:method': 'photovoltaic', 'plant:output:electricity': '22.6 MW', 'plant:source': 'solar', 'power': 'plant'}"
685771427,way,Нікопольська сонячна електростанція,,,,,47.6734287,34.2677281,"{'barrier': 'fence', 'landuse': 'industrial', 'name': 'Нікопольська сонячна електростанція', 'name:ru': 'Никопольская солнечная электростанция', 'name:uk': 'Нікопольська сонячна електростанція', 'operator': 'ТОВ ""Солар Фарм-1""', 'plant:output:electricity': '246154 kW', 'plant:source': 'solar', 'power': 'plant', 'start_date': '2019', 'wikidata': 'Q61372160', 'wikipedia': 'uk:Нікопольська сонячна електростанція'}"
686964723,way,Сонячна електростанція Грінен,,,,,47.6996811,31.8194762,"{'landuse': 'industrial', 'name': 'Сонячна електростанція Грінен', 'name:uk': 'Сонячна електростанція Грінен', 'official_name': 'Фотогальванічна електростанція «ГРІНЕН»', 'operator': 'ТОВ ""ГРІНЕН""', 'plant:method': 'photovoltaic', 'plant:output:electricity': '14572 kW', 'plant:source': 'solar', 'power': 'plant'}"
692233115,way,Добрівляни СЕС,,,,,49.3119691,23.8679134,"{'barrier': 'fence', 'landuse': 'industrial', 'name': 'Добрівляни СЕС', 'name:uk': 'Добрівляни СЕС', 'operator': 'Альтернативна енергетика Галичини', 'plant:method': 'photovoltaic', 'plant:output:electricity': '5900 kW', 'plant:source': 'solar', 'power': 'plant'}"
692434048,way,Котельня №1,,,,,49.9355198,36.4139702,"{'building': 'yes', 'landuse': 'industrial', 'name': 'Котельня №1', 'name:uk': 'Котельня №1', 'power': 'plant'}"
692438013,way,Unknown,,,,,49.9878163,36.2014848,"{'landuse': 'industrial', 'power': 'plant'}"
694028795,way,Unknown,,,,,49.9009175,36.3707664,"{'landuse': 'industrial', 'power': 'plant'}"
694305379,way,Unknown,,,,,49.840029,35.6229741,"{'landuse': 'industrial', 'power': 'plant'}"
694348719,way,Газова котельня,,,,,48.2654859,37.290464,"{'landuse': 'industrial', 'name': 'Газова котельня', 'name:uk': 'Газова котельня', 'operator': 'ОКП «Донецьктеплокомуненерго»', 'power': 'plant'}"
697523793,way,Газова котельня,,,,,50.5778513,30.1168474,"{'landuse': 'industrial', 'name': 'Газова котельня', 'name:uk': 'Газова котельня', 'operator': 'КПП Теплоенергопостач', 'power': 'plant'}"
700148076,way,Unknown,,,,,48.4363218,38.7277082,"{'landuse': 'industrial', 'power': 'plant'}"
700497055,way,Котельня,,,,,48.2763552,38.1366488,"{'landuse': 'industrial', 'name': 'Котельня', 'name:uk': 'Котельня', 'power': 'plant'}"
703505199,way,Балківська СЕС,,,,,49.060043,27.7006468,"{'landuse': 'industrial', 'name': 'Балківська СЕС', 'name:uk': 'Балківська СЕС', 'plant:method': 'photovoltaic', 'plant:output:electricity': 'yes', 'plant:source': 'solar', 'power': 'plant'}"
704400777,way,Районна котельня «Веркон»,,,,,50.4533855,30.4078874,"{'addr:housenumber': '67', 'addr:street': 'Берестейський проспект', 'landuse': 'industrial', 'name': 'Районна котельня «Веркон»', 'name:en': 'Verkon District Boilerhouse', 'name:ru': 'Районная котельная «Веркон»', 'name:uk': 'Районна котельня «Веркон»', 'operator': 'Київенерго', 'power': 'plant'}"
704766516,way,Сонячна електростанція,,,,,50.8348772,25.2648682,"{'access': 'private', 'barrier': 'fence', 'name': 'Сонячна електростанція', 'name:en': 'Solar Power Station', 'name:uk': 'Сонячна електростанція', 'plant:output:electricity': 'yes', 'power': 'plant'}"
705045720,way,Unknown,,,,,48.2163221,38.2135619,"{'addr:housenumber': '82', 'addr:street': 'Партизанская улица', 'landuse': 'industrial', 'power': 'plant'}"
705165897,way,Котельня к1,,,,,48.2225561,38.1982118,"{'landuse': 'industrial', 'name': 'Котельня к1', 'name:ru': 'Котельная к1', 'name:uk': 'Котельня к1', 'power': 'plant'}"
705165899,way,Котельня к2,,,,,48.2225009,38.1987341,"{'landuse': 'industrial', 'name': 'Котельня к2', 'name:uk': 'Котельня к2', 'power': 'plant'}"
706720766,way,Unknown,,,,,48.2046234,38.2384823,"{'landuse': 'industrial', 'power': 'plant'}"
707052961,way,Котельня,,,,,48.2219686,38.2605358,"{'building': 'industrial', 'landuse': 'industrial', 'name': 'Котельня', 'name:uk': 'Котельня', 'power': 'plant'}"
707234253,way,Добронь,,,,,48.4244896,22.3686121,"{'barrier': 'fence', 'landuse': 'industrial', 'name': 'Добронь', 'name:en': 'Dobron', 'name:uk': 'Добронь', 'operator': 'ТОВ «Екотехнік Велика Добронь»', 'plant:method': 'photovoltaic', 'plant:output:electricity': '5 MW', 'plant:source': 'solar', 'power': 'plant', 'start_date': '2017-08'}"
707587849,way,Котельня,,,,,48.4811151,34.0150093,"{'landuse': 'industrial', 'name': 'Котельня', 'name:uk': 'Котельня', 'power': 'plant'}"
709162023,way,Unknown,,,,,48.891002,26.8969529,"{'plant:method': 'photovoltaic', 'plant:output:electricity': 'yes', 'plant:source': 'solar', 'power': 'plant'}"
709162024,way,Сонячна електростанція Дунаївці-3,,,,,48.8881436,26.8983205,"{'name': 'Сонячна електростанція Дунаївці-3', 'name:uk': 'Сонячна електростанція Дунаївці-3', 'plant:method': 'photovoltaic', 'plant:output:electricity': 'yes', 'plant:source': 'solar', 'power': 'plant'}"
711321426,way,Симферопольская МГТЭС,,,,,44.9249816,34.2104427,"{'landuse': 'industrial', 'name': 'Симферопольская МГТЭС', 'plant:method': 'combustion', 'plant:output:electricity': '135 MVA', 'plant:source': 'diesel', 'power': 'plant'}"
712010437,way,Районні електричні мережі,,,,,48.2100938,38.1843683,"{'addr:housenumber': '136', 'landuse': 'industrial', 'name': 'Районні електричні мережі', 'name:uk': 'Районні електричні мережі', 'power': 'plant'}"
712503368,way,Шкільна котельня,,,,,50.7525024,24.0902619,"{'name': 'Шкільна котельня', 'name:uk': 'Шкільна котельня', 'power': 'plant'}"
713034236,way,Котельная,,,,,45.3601495,36.4488389,"{'landuse': 'industrial', 'name': 'Котельная', 'power': 'plant'}"
719410808,way,Unknown,,,,,48.6063081,22.2784392,"{'landuse': 'industrial', 'plant:output:hot_water': 'yes', 'plant:output:steam': 'yes', 'power': 'plant'}"
720520292,way,Unknown,,,,,49.8050705,23.9948073,"{'building:levels': '1', 'landuse': 'industrial', 'power': 'plant'}"
722016692,way,Unknown,,,,,50.5912515,32.412082,"{'landuse': 'industrial', 'power': 'plant'}"
722060003,way,Бориспіль-1,,,,,50.3765884,30.9729412,"{'landuse': 'industrial', 'name': 'Бориспіль-1', 'name:en': 'Boryspil-1', 'name:ru': 'Борисполь-1', 'name:uk': 'Бориспіль-1', 'operator': 'SOLAR ENERGY INVESTMENTS UKRAINE', 'plant:method': 'photovoltaic', 'plant:output:electricity': '405 kW', 'plant:source': 'solar', 'power': 'plant', 'start_date': '2016-11-17', 'website': 'https://www.seiukraine.com/'}"
722557147,way,"Енергетичний комплекс (ЕГТУ-16, ПГУ-20)",,,,,50.9489673,34.7891623,"{'addr:housenumber': '1', 'name': 'Енергетичний комплекс (ЕГТУ-16, ПГУ-20)', 'name:uk': 'Енергетичний комплекс (ЕГТУ-16, ПГУ-20)', 'operator': 'ВАТ ""Сумське НВО""', 'plant:method': 'combustion', 'plant:source': 'gas', 'power': 'plant'}"
722735631,way,Unknown,,,,,51.4868065,31.2769198,"{'landuse': 'industrial', 'power': 'plant'}"
724514630,way,Unknown,,,,,48.636233,22.2899352,"{'barrier': 'fence', 'industrial': 'heating_station', 'landuse': 'industrial', 'plant:method': 'combustion', 'plant:output:hot_water': 'yes', 'power': 'plant'}"
725831249,way,Unknown,,,,,49.892313,36.0265033,"{'landuse': 'industrial', 'power': 'plant'}"
727091786,way,Unknown,,,,,49.4547113,31.8994242,"{'landuse': 'industrial', 'power': 'plant'}"
727454149,way,ТЕЦ Лисичанського нафтопереробного заводу,,,,,48.8589105,38.305409,"{'generator:method': 'combustion', 'landuse': 'industrial', 'name': 'ТЕЦ Лисичанського нафтопереробного заводу', 'name:uk': 'ТЕЦ Лисичанського нафтопереробного заводу', 'plant:output:electricity': '110 MW', 'plant:source': 'oil;gas;diesel', 'power': 'plant', 'start_date': '1977'}"
728291894,way,Unknown,,,,,49.2313492,31.7986341,"{'landuse': 'industrial', 'power': 'plant'}"
732268145,way,Unknown,,,,,48.3504518,37.9645598,"{'addr:housenumber': '27а', 'addr:street': 'улица Шашурина', 'description': 'котельная 121', 'landuse': 'industrial', 'power': 'plant'}"
733670353,way,Unknown,,,,,48.0369338,37.8596547,"{'landuse': 'industrial', 'power': 'plant'}"
733670354,way,Unknown,,,,,48.0370655,37.8597447,"{'landuse': 'industrial', 'power': 'plant'}"
733670355,way,Unknown,,,,,48.0372071,37.8600038,"{'landuse': 'industrial', 'power': 'plant'}"
735431016,way,Unknown,,,,,50.8014797,29.1808679,"{'barrier': 'fence', 'fence_type': 'metal', 'plant:output:electricity': 'yes', 'plant:source': 'solar', 'power': 'plant'}"
737006154,way,Unknown,,,,,51.5006711,31.2917276,"{'landuse': 'industrial', 'power': 'plant'}"
737057885,way,Unknown,,,,,47.998407,37.8622723,"{'landuse': 'industrial', 'power': 'plant'}"
737823691,way,Unknown,,,,,51.4954321,31.2731655,"{'landuse': 'industrial', 'power': 'plant'}"
739081041,way,Шкільна котельня,,,,,51.1510634,27.8431504,"{'landuse': 'industrial', 'name': 'Шкільна котельня', 'name:uk': 'Шкільна котельня', 'power': 'plant'}"
739527253,way,Unknown,,,,,51.5008001,31.2770158,"{'landuse': 'industrial', 'power': 'plant'}"
739715664,way,Unknown,,,,,49.3917886,37.1983721,"{'landuse': 'industrial', 'power': 'plant'}"
741116922,way,Unknown,,,,,50.2277016,23.6349556,"{'plant:method': 'photovoltaic', 'plant:output:electricity': '30kw', 'plant:source': 'solar', 'power': 'plant'}"
741205616,way,Unknown,,,,,49.8919305,36.024434,"{'landuse': 'industrial', 'power': 'plant'}"
742125288,way,Тепломережі,,,,,49.9477971,36.3156673,"{'building:levels': '1', 'landuse': 'industrial', 'name': 'Тепломережі', 'name:ru': 'Тепловые сети', 'name:uk': 'Тепломережі', 'power': 'plant'}"
742981764,way,СЕС Лебедівка,,,,,50.6830773,30.543107,"{'landuse': 'industrial', 'name': 'СЕС Лебедівка', 'name:uk': 'СЕС Лебедівка', 'operator': 'ООО ""АСД ЛЕКС""', 'plant:method': 'photovoltaic', 'plant:output:electricity': '10 MW', 'plant:source': 'solar', 'power': 'plant'}"
744087099,way,"ВКПТМ ""Тепловик""",,,,,49.5353221,26.2163708,"{'landuse': 'industrial', 'name': 'ВКПТМ ""Тепловик""', 'name:uk': 'ВКПТМ ""Тепловик""', 'power': 'plant'}"
745278735,way,СЕС «Олешки-1»,,,,,46.612965,32.7605543,"{'landuse': 'industrial', 'name': 'СЕС «Олешки-1»', 'name:uk': 'СЕС «Олешки-1»', 'operator': 'ТОВ «НИВА СОЛАР»', 'plant:method': 'photovoltaic', 'plant:output:electricity': 'yes', 'plant:source': 'solar', 'power': 'plant', 'ref': 'СЕС «Олешки-1»', 'start_date': '2018-05-11'}"
745664423,way,Unknown,,,,,49.8916314,36.0277492,"{'landuse': 'industrial', 'power': 'plant'}"
746058331,way,Unknown,,,,,48.6270169,38.3679312,"{'landuse': 'industrial', 'power': 'plant'}"
746604271,way,Unknown,,,,,49.9533397,36.3616539,"{'landuse': 'industrial', 'power': 'plant'}"
750704776,way,Залуквівська СЕС,,,,,49.1152453,24.6930355,"{'landuse': 'industrial', 'name': 'Залуквівська СЕС', 'name:uk': 'Залуквівська СЕС', 'plant:output:electricity': '14 MW', 'plant:source': 'solar', 'power': 'plant'}"
751740652,way,Unknown,,,,,51.4905609,31.2785221,"{'landuse': 'industrial', 'power': 'plant'}"
751740678,way,Unknown,,,,,51.4888121,31.2816405,"{'landuse': 'industrial', 'power': 'plant'}"
751870270,way,Unknown,,,,,51.4924999,31.2779349,"{'landuse': 'industrial', 'power': 'plant'}"
751968818,way,Unknown,,,,,51.4954647,31.288887,"{'landuse': 'industrial', 'power': 'plant'}"
755119715,way,Котельня,,,,,50.3703107,33.2696818,"{'landuse': 'industrial', 'name': 'Котельня', 'name:uk': 'Котельня', 'power': 'plant'}"
760116885,way,СЕС «Олешки-2»,,,,,46.6297881,32.8011352,"{'landuse': 'industrial', 'name': 'СЕС «Олешки-2»', 'name:uk': 'СЕС «Олешки-2»', 'operator': 'ТОВ «НИВА СОЛАР»', 'plant:method': 'photovoltaic', 'plant:output:electricity': 'yes', 'plant:source': 'solar', 'power': 'plant', 'ref': 'СЕС «Олешки-2»', 'start_date': '2018-07-19'}"
760848612,way,Сонячний порт,,,,,48.8259005,24.8168718,"{'name': 'Сонячний порт', 'operator': 'ТОВ ""Сонячний Порт""', 'plant:method': 'photovoltaic', 'plant:output:electricity': '1.06 MW', 'plant:source': 'solar', 'power': 'plant'}"
762621660,way,Unknown,,,,,50.342816,30.2934371,"{'landuse': 'industrial', 'power': 'plant'}"
762977219,way,Сонячна електростанція Єланець,,,,,47.7068507,31.846928,"{'landuse': 'industrial', 'name': 'Сонячна електростанція Єланець', 'name:uk': 'Сонячна електростанція Єланець', 'official_name': 'Фотогальванічна електростанція «Єланець»', 'operator': 'ТОВ ""СІТІ СОЛАР""', 'plant:method': 'photovoltaic', 'plant:output:electricity': '13091 kW', 'plant:source': 'solar', 'power': 'plant'}"
763428507,way,ГРП,,,,,49.168489,26.5743509,"{'landuse': 'industrial', 'name': 'ГРП', 'name:uk': 'ГРП', 'plant:method': 'combustion', 'plant:output:electricity': 'yes', 'plant:source': 'gas', 'power': 'plant'}"
763431282,way,ГРП,,,,,49.1755825,26.5731568,"{'landuse': 'industrial', 'name': 'ГРП', 'name:uk': 'ГРП', 'plant:method': 'combustion', 'plant:output:electricity': 'yes', 'plant:source': 'gas', 'power': 'plant'}"
766367829,way,Котельня,,,,,49.2980909,31.4267604,"{'building': 'industrial', 'name': 'Котельня', 'name:uk': 'Котельня', 'plant:method': 'combustion', 'plant:output:electricity': 'yes', 'plant:output:hot_water': 'yes', 'plant:source': 'coal', 'power': 'plant'}"
768606332,way,Unknown,,,,,45.3567843,28.8311267,"{'landuse': 'industrial', 'plant:method': 'combustion', 'plant:output:electricity': 'yes', 'plant:output:hot_water': 'yes', 'plant:source': 'gas', 'power': 'plant'}"
768606384,way,Unknown,,,,,45.3362897,28.8325612,"{'addr:housenumber': '13-А', 'building': 'industrial', 'landuse': 'industrial', 'plant:method': 'combustion', 'plant:output:electricity': 'yes', 'plant:output:hot_water': 'yes', 'plant:source': 'gas', 'power': 'plant'}"
770621816,way,Порт-Солар,,,,,45.325735,28.8540551,"{'addr:housenumber': '1-А', 'landuse': 'industrial', 'name': 'Порт-Солар', 'name:en': 'Port-Solar', 'name:ru': 'Порт-Солар', 'name:uk': 'Порт-Солар', 'operator': 'UDP Renewables', 'plant:method': 'photovoltaic', 'plant:output:electricity': '8.6 MW', 'plant:source': 'solar', 'power': 'plant', 'seamark:production_area:category': 'power_station', 'seamark:type': 'production_area', 'start_date': '03.10.2019'}"
771118633,way,Unknown,,,,,51.0793912,34.2066542,"{'landuse': 'industrial', 'plant:output:electricity': '5 MW', 'plant:source': 'solar', 'power': 'plant', 'start_date': '28.12.2019'}"
771309470,way,Unknown,,,,,46.6150404,32.1236852,"{'landuse': 'industrial', 'plant:method': 'photovoltaic', 'plant:output:electricity': 'yes', 'plant:source': 'solar', 'power': 'plant'}"
772547880,way,Сухорабівська ГЕС,,,,,49.4936836,33.8061833,"{'landuse': 'industrial', 'name': 'Сухорабівська ГЕС', 'name:uk': 'Сухорабівська ГЕС', 'plant:method': 'run-of-the-river', 'plant:output:electricity': '300 kW', 'plant:source': 'hydro', 'power': 'plant', 'wikidata': 'Q12158966', 'wikipedia': 'uk:Сухорабівська ГЕС'}"
774728692,way,Unknown,,,,,45.3338072,28.8300341,"{'building': 'industrial', 'plant:method': 'combustion', 'plant:output:electricity': 'yes', 'plant:output:hot_water': 'yes', 'plant:source': 'gas', 'power': 'plant'}"
774859180,way,Сонячна електростанція Єланець 2,,,,,47.7116925,31.8502866,"{'landuse': 'industrial', 'name': 'Сонячна електростанція Єланець 2', 'name:uk': 'Сонячна електростанція Єланець 2', 'official_name': 'Фотогальванічна електростанція «Єланець 2»', 'operator': 'ТОВ ""СІТІ СОЛАР""', 'plant:method': 'photovoltaic', 'plant:output:electricity': '6619 kW', 'plant:source': 'solar', 'power': 'plant'}"
778980364,way,Іспаська мікрогідроелектростанція,,,,,48.3093974,25.2575293,"{'landuse': 'industrial', 'name': 'Іспаська мікрогідроелектростанція', 'name:uk': 'Іспаська мікрогідроелектростанція', 'operator': 'Енергоінвест', 'plant:method': 'run-of-the-river', 'plant:output:electricity': '200 kW', 'plant:source': 'hydro', 'power': 'plant', 'start_date:renewal': '2019'}"
780119238,way,Unknown,,,,,48.4978767,32.2132723,"{'building': 'industrial', 'landuse': 'industrial', 'power': 'plant'}"
780153171,way,Unknown,,,,,48.225507,26.0235385,"{'addr:postcode': '60415', 'addr:street': 'Буковинська вулиця', 'building': 'industrial', 'landuse': 'industrial', 'operator': 'Свято-Хрестовоздвиженський храм', 'plant:method': 'combustion', 'plant:output:electricity': 'yes', 'plant:output:hot_water': 'yes', 'plant:source': 'gas', 'power': 'plant'}"
782539352,way,Сонячна електростанція Таборівка,,,,,47.6071805,31.3565186,"{'landuse': 'industrial', 'name': 'Сонячна електростанція Таборівка', 'name:uk': 'Сонячна електростанція Таборівка', 'official_name': 'Фотогальванічна електростанція «Таборівка»', 'operator': 'ТОВ ""СТАРВОЙТ""', 'plant:method': 'photovoltaic', 'plant:output:electricity': '16903 kW', 'plant:source': 'solar', 'power': 'plant'}"
783817346,way,Unknown,,,,,46.4735032,30.6355861,"{'building': 'industrial', 'generator:output:hot_water': 'yes', 'power': 'plant'}"
783819667,way,Unknown,,,,,45.3507427,28.8208262,"{'building': 'industrial', 'plant:output:hot_water': 'yes', 'power': 'plant'}"
783820547,way,Unknown,,,,,45.3509486,28.8212822,"{'building': 'industrial', 'plant:output:hot_water': 'yes', 'power': 'plant'}"
786341952,way,СЕС Саф'яни,,,,,45.3942093,28.8737726,"{'landuse': 'industrial', 'name': ""СЕС Саф'яни"", 'name:en': 'Safiany Solar Farm', 'name:ru': 'СЭС Сафьяны', 'name:uk': ""СЕС Саф'яни"", 'operator': 'ООО ""Талант-Солар""', 'plant:method': 'photovoltaic', 'plant:output:electricity': '1.13 MW', 'plant:source': 'solar', 'power': 'plant', 'start_date': '2016-12-21'}"
786342265,way,Unknown,,,,,48.8565754,24.7415377,"{'frequency': '50', 'plant:method': 'photovoltaic', 'plant:output:electricity': 'yes', 'plant:source': 'solar', 'power': 'plant', 'start_date': '2019'}"
786342267,way,Unknown,,,,,48.8625672,24.7463121,"{'frequency': '50', 'plant:method': 'photovoltaic', 'plant:output:electricity': 'yes', 'plant:source': 'solar', 'power': 'plant', 'start_date': '2019'}"
791087068,way,Unknown,,,,,49.7885495,36.0610726,"{'landuse': 'industrial', 'plant:method': 'photovoltaic', 'plant:output:electricity': 'yes', 'plant:source': 'solar', 'power': 'plant'}"
791145207,way,Unknown,,,,,48.3655652,35.1828052,"{'operator': 'ООО ""САН ВОЛЬТ""', 'plant:method': 'photovoltaic', 'plant:output:electricity': '11.2 MW', 'plant:source': 'solar', 'power': 'plant', 'start_date': '2019'}"
791799512,way,Unknown,,,,,50.6350819,30.4453478,"{'plant:method': 'photovoltaic', 'plant:output:electricity': 'yes', 'plant:source': 'solar', 'power': 'plant'}"
792191795,way,СЕС «Лісові Гринівці»,,,,,49.4709752,27.038474,"{'addr:housenumber': '27/1', 'addr:street': 'вулиця Степана Бандери', 'generator:source': 'solar', 'name': 'СЕС «Лісові Гринівці»', 'name:uk': 'СЕС «Лісові Гринівці»', 'operator': 'ТОВ «ЕНЕРГОПАРК ПОДІЛЛЯ»', 'plant:method': 'photovoltaic', 'plant:output:electricity': 'yes', 'plant:source': 'solar', 'power': 'plant'}"
792788802,way,Unknown,,,,,48.5103088,32.2020693,"{'barrier': 'fence', 'fence_type': 'metal', 'height': '2', 'landuse': 'industrial', 'material': 'metal', 'plant:method': 'photovoltaic', 'plant:output:electricity': '1 MW', 'plant:source': 'solar', 'power': 'plant'}"
793887533,way,Unknown,,,,,48.5343904,22.2810191,"{'barrier': 'fence', 'landuse': 'industrial', 'plant:method': 'photovoltaic', 'plant:output:electricity': '1.02 MW', 'plant:source': 'solar', 'power': 'plant'}"
795398566,way,Unknown,,,,,48.6931097,22.3694588,"{'barrier': 'fence', 'landuse': 'industrial', 'plant:method': 'photovoltaic', 'plant:output:electricity': 'yes', 'plant:source': 'solar', 'power': 'plant'}"
795398567,way,Unknown,,,,,48.6936852,22.3658895,"{'barrier': 'fence', 'landuse': 'industrial', 'plant:method': 'photovoltaic', 'plant:output:electricity': 'yes', 'plant:source': 'solar', 'power': 'plant'}"
795398593,way,СЕС «Уженергосервіс»,,,,,48.8198031,22.4866158,"{'barrier': 'fence', 'landuse': 'industrial', 'name': 'СЕС «Уженергосервіс»', 'name:uk': 'СЕС «Уженергосервіс»', 'plant:method': 'photovoltaic', 'plant:output:electricity': '1.86 MW', 'plant:source': 'solar', 'power': 'plant'}"
795398594,way,СЕС «Шаланки»,,,,,48.2087709,22.8783859,"{'fixme': 'Форма по кадастру, необхідні нові знімки', 'landuse': 'industrial', 'name': 'СЕС «Шаланки»', 'name:uk': 'СЕС «Шаланки»', 'plant:method': 'photovoltaic', 'plant:output:electricity': '15 MW', 'plant:source': 'solar', 'power': 'plant'}"
795398595,way,СЕС «Шаланки-2»,,,,,48.2138257,22.8856857,"{'fixme': 'Форма по кадастру, необхідні нові знімки', 'landuse': 'industrial', 'name': 'СЕС «Шаланки-2»', 'name:uk': 'СЕС «Шаланки-2»', 'plant:method': 'photovoltaic', 'plant:output:electricity': '6.23 MW', 'plant:source': 'solar', 'power': 'plant'}"
795398596,way,Unknown,,,,,48.3501548,22.3961033,"{'barrier': 'fence', 'landuse': 'industrial', 'plant:method': 'photovoltaic', 'plant:output:electricity': 'yes', 'plant:source': 'solar', 'power': 'plant'}"
795398597,way,СЕС «Курс»,,,,,48.3498741,22.4095398,"{'barrier': 'fence', 'landuse': 'industrial', 'name': 'СЕС «Курс»', 'name:en': 'Kurs', 'name:uk': 'СЕС «Курс»', 'operator': 'ТзОВ ""КУРС""', 'plant:method': 'photovoltaic', 'plant:output:electricity': '6.97 MW', 'plant:source': 'solar', 'power': 'plant', 'source': 'https://www.energo.ua/ua/assets/pv_plant_kurs', 'start_date': '2019-10-30'}"
795398598,way,СЕС «Енерсан»,,,,,48.5790542,22.5746218,"{'barrier': 'fence', 'landuse': 'industrial', 'name': 'СЕС «Енерсан»', 'name:uk': 'СЕС «Енерсан»', 'plant:method': 'photovoltaic', 'plant:output:electricity': '1.02 MW', 'plant:source': 'solar', 'power': 'plant'}"
795398599,way,Unknown,,,,,48.1327685,23.6057617,"{'barrier': 'fence', 'landuse': 'industrial', 'plant:method': 'photovoltaic', 'plant:output:electricity': '12.65 MW', 'plant:source': 'solar', 'power': 'plant'}"
798251762,way,Unknown,,,,,49.0076043,31.0754909,"{'landuse': 'industrial', 'power': 'plant'}"
798642861,way,Unknown,,,,,50.3996815,24.1676569,{'power': 'plant'}
798923098,way,Котельня,,,,,49.8403506,23.9761342,"{'industrial': 'heating_station', 'landuse': 'industrial', 'name': 'Котельня', 'name:uk': 'Котельня', 'operator': 'ЛКП Залізничнетеплоенерго', 'plant:method': 'combustion', 'plant:output:hot_water': 'yes', 'plant:source': 'gas', 'power': 'plant'}"
799039807,way,Unknown,,,,,48.0486001,37.9612769,"{'addr:housenumber': '22', 'addr:street': 'Чернишевського вулиця', 'landuse': 'industrial', 'power': 'plant'}"
799346649,way,Unknown,,,,,48.4944806,35.9534794,"{'addr:housenumber': '12', 'addr:street': 'вулиця Сергія Корольова', 'landuse': 'industrial', 'power': 'plant'}"
799346651,way,Unknown,,,,,48.4943077,35.9536729,"{'addr:housenumber': '12', 'addr:street': 'вулиця Сергія Корольова', 'building': 'industrial', 'landuse': 'industrial', 'plant:method': 'combustion', 'plant:output:electricity': 'no', 'plant:source': 'gas', 'power': 'plant'}"
799462596,way,Костянтинівська ГЕС,,,,,47.8176089,31.1661972,"{'alt_name': 'Богданівська ГЕС', 'building': 'industrial', 'layer': '1', 'name': 'Костянтинівська ГЕС', 'name:uk': 'Костянтинівська ГЕС', 'operator': 'ТОВ ""Альтген""', 'plant:method': 'run-of-the-river', 'plant:output:electricity': '950kW', 'plant:source': 'hydro', 'power': 'plant', 'start_date': '1955', 'wikipedia': 'uk:Костянтинівська ГЕС'}"
801604549,way,Вітрогенератор,,,,,49.8974728,24.089722,"{'building': 'industrial', 'height': '10', 'name': 'Вітрогенератор', 'name:uk': 'Вітрогенератор', 'plant:method': 'wind_turbine', 'plant:output:electricity': 'yes', 'plant:source': 'wind', 'power': 'plant'}"
801621113,way,Bohuslavenergy.com,,,,,49.5646734,30.8639353,"{'name': 'Bohuslavenergy.com', 'name:uk': 'Bohuslavenergy.com', 'operator': 'bohuslavenergy', 'plant:method': 'photovoltaic', 'plant:output:electricity': '54 MW', 'plant:source': 'solar', 'power': 'plant'}"
801865078,way,Unknown,,,,,49.8401379,23.9682372,"{'industrial': 'heating_station', 'landuse': 'industrial', 'operator': 'ЛКП Залізничнетеплоенерго', 'plant:method': 'combustion', 'plant:output:hot_water': 'yes', 'plant:source': 'gas', 'power': 'plant'}"
801869994,way,Котельня,,,,,49.8386988,23.9720569,"{'addr:housenumber': '58а', 'addr:postcode': '79052', 'addr:street': 'вулиця Вигода', 'building': 'industrial', 'industrial': 'heating_station', 'name': 'Котельня', 'name:uk': 'Котельня', 'operator': 'ЛКП Залізничнетеплоенерго', 'power': 'plant'}"
802582126,way,Unknown,,,,,49.917637,28.656984,"{'landuse': 'industrial', 'plant:source': 'solar', 'power': 'plant'}"
803213472,way,Unknown,,,,,50.284521,26.8555398,"{'addr:housenumber': '11', 'addr:street': 'вулиця Здоровʼя', 'building': 'industrial', 'landuse': 'industrial', 'power': 'plant'}"
803741910,way,"СЕС ""Бубнівська Слобідка""",,,,,49.751023,31.746397,"{'barrier': 'fence', 'name': 'СЕС ""Бубнівська Слобідка""', 'name:uk': 'СЕС ""Бубнівська Слобідка""', 'plant:method': 'photovoltaic', 'plant:output:electricity': '10 MW', 'plant:source': 'solar', 'power': 'plant', 'start_date': '2020'}"
804575960,way,Unknown,,,,,48.5927791,37.9742348,"{'landuse': 'industrial', 'plant:source': 'gas', 'power': 'plant'}"
804581283,way,Unknown,,,,,48.5059377,35.9303564,"{'landuse': 'industrial', 'power': 'plant', 'power:output:hot_water': 'yes'}"
804909708,way,Unknown,,,,,46.6270236,32.7468836,"{'landuse': 'industrial', 'power': 'plant', 'source': 'local knowledge'}"
805085762,way,Unknown,,,,,50.2569326,30.324347,"{'plant:source': 'solar', 'power': 'plant'}"
805085763,way,Unknown,,,,,50.2568323,30.324288,"{'plant:source': 'solar', 'power': 'plant'}"
805085764,way,Unknown,,,,,50.2567423,30.3242384,"{'plant:source': 'solar', 'power': 'plant'}"
805085765,way,Unknown,,,,,50.2566522,30.3241986,"{'plant:source': 'solar', 'power': 'plant'}"
805304948,way,Котельня,,,,,48.3187719,37.9768234,"{'landuse': 'industrial', 'name': 'Котельня', 'name:uk': 'Котельня', 'plant:source': 'gas', 'power': 'plant'}"
806732122,way,Unknown,,,,,50.5903435,30.5821885,"{'plant:method': 'photovoltaic', 'plant:output:electricity': 'yes', 'plant:source': 'solar', 'power': 'plant'}"
808163768,way,Unknown,,,,,50.4709546,28.2682965,"{'landuse': 'industrial', 'power': 'plant'}"
808197847,way,ГЕС,,,,,48.0348058,24.9256339,"{'building': 'yes', 'name': 'ГЕС', 'name:uk': 'ГЕС', 'plant:output:electricity': 'yes', 'plant:source': 'hydro', 'power': 'plant', 'waterway': 'dam'}"
808581637,way,Unknown,,,,,50.4683558,28.2674516,"{'landuse': 'industrial', 'power': 'plant'}"
808581661,way,Unknown,,,,,50.4650933,28.269194,"{'building': 'yes', 'landuse': 'industrial', 'power': 'plant'}"
809633551,way,Unknown,,,,,48.7351929,30.2094186,"{'landuse': 'industrial', 'power': 'plant'}"
810766186,way,Unknown,,,,,49.7977049,30.1880046,"{'building': 'yes', 'landuse': 'industrial', 'power': 'plant'}"
812982946,way,Unknown,,,,,51.1629763,26.7808644,"{'building': 'industrial', 'plant:output:hot_water': 'residential', 'plant:source': 'biomass', 'power': 'plant', 'source': 'Maxar'}"
815921830,way,ТП-375,,,,,48.7297793,37.6122925,"{'landuse': 'industrial', 'name': 'ТП-375', 'name:uk': 'ТП-375', 'power': 'plant'}"
816497317,way,Unknown,,,,,48.6029577,31.3137314,"{'landuse': 'industrial', 'power': 'plant'}"
817829623,way,Unknown,,,,,48.4736535,35.0205863,"{'landuse': 'industrial', 'power': 'plant'}"
818834121,way,Unknown,,,,,47.5627206,33.2716978,"{'barrier': 'wall', 'plant:source': 'solar', 'power': 'plant'}"
819942208,way,Unknown,,,,,50.3947067,24.2329416,"{'landuse': 'industrial', 'power': 'plant'}"
823859032,way,Unknown,,,,,50.3177144,29.064142,"{'landuse': 'industrial', 'power': 'plant'}"
828072778,way,Unknown,,,,,47.7497983,33.2324785,"{'plant:source': 'solar', 'power': 'plant'}"
828072781,way,Unknown,,,,,47.741513,33.2238365,"{'plant:source': 'solar', 'power': 'plant'}"
829365281,way,Unknown,,,,,50.5015018,31.774093,"{'plant:output:hot_water': 'yes', 'power': 'plant'}"
835503002,way,Котельня,,,,,50.518033,30.2499855,"{'landuse': 'industrial', 'name': 'Котельня', 'name:uk': 'Котельня', 'plant:output:hot_water': 'yes', 'power': 'plant'}"
835759899,way,Котельня,,,,,47.5761998,36.1125993,"{'industrial': 'heating_station', 'landuse': 'industrial', 'name': 'Котельня', 'name:uk': 'Котельня', 'plant:output:hot_water': 'yes', 'power': 'plant'}"
835845066,way,Unknown,,,,,49.3094742,25.3939739,"{'landuse': 'industrial', 'operator': 'ТОВ""ЗАХІД АГРОПРОДУКТ""', 'plant:method': 'photovoltaic', 'plant:output:electricity': '2376 kW', 'plant:source': 'solar', 'power': 'plant', 'start_date': '2018'}"
838086557,way,Сонячна Деражня,,,,,49.2790929,27.4369098,"{'addr:housenumber': '26/1', 'addr:postcode': '32200', 'addr:street': 'вулиця Мічуріна', 'name': 'Сонячна Деражня', 'name:uk': 'Сонячна Деражня', 'plant:method': 'photovoltaic', 'plant:output:electricity': 'yes', 'plant:source': 'solar', 'power': 'plant'}"
838311351,way,Північно-західна котельня,,,,,45.3628871,28.8225268,"{'landuse': 'industrial', 'name': 'Північно-західна котельня', 'name:en': 'North-western heating plant', 'name:ru': 'Северо-западная котельная', 'name:uk': 'Північно-західна котельня', 'plant:method': 'combustion', 'plant:output:electricity': 'no', 'plant:source': 'gas', 'power': 'plant'}"
839226306,way,Unknown,,,,,48.0327452,37.8104043,"{'landuse': 'industrial', 'power': 'plant'}"
839324287,way,Чортківська мікроГЕС,,,,,49.025069,25.7847748,"{'landuse': 'industrial', 'name': 'Чортківська мікроГЕС', 'name:uk': 'Чортківська мікроГЕС', 'plant:output:electricity': 'yes', 'plant:source': 'hydro', 'power': 'plant'}"
839716761,way,Вороненська ГЕС,,,,,49.148712,30.2348757,"{'addr:postcode': '19234', 'addr:street': 'вулиця Миру', 'landuse': 'industrial', 'name': 'Вороненська ГЕС', 'name:uk': 'Вороненська ГЕС', 'plant:output:electricity': 'yes', 'plant:source': 'hydro', 'power': 'plant'}"
843633455,way,Юрпільська ГЕС,,,,,48.9981128,30.5213737,"{'landuse': 'industrial', 'name': 'Юрпільська ГЕС', 'name:uk': 'Юрпільська ГЕС', 'plant:output:electricity': 'yes', 'plant:source': 'hydro', 'power': 'plant'}"
844044814,way,Кунівська ГЕС,,,,,50.2457696,26.359616,"{'name': 'Кунівська ГЕС', 'name:uk': 'Кунівська ГЕС', 'plant:output:electricity': 'yes', 'plant:source': 'hydro', 'power': 'plant'}"
844989321,way,Unknown,,,,,49.8021473,36.0876566,"{'plant:method': 'photovoltaic', 'plant:output:electricity': 'yes', 'plant:source': 'solar', 'power': 'plant'}"
846107937,way,Котельня,,,,,48.237308,38.2114335,"{'landuse': 'industrial', 'name': 'Котельня', 'name:ru': 'Котельная', 'name:uk': 'Котельня', 'power': 'plant'}"
849919337,way,Unknown,,,,,47.6054726,34.3839518,"{'landuse': 'industrial', 'operator': 'Генеруюча компанія ""Екоенергія""', 'plant:method': 'photovoltaic', 'plant:output:electricity': 'yes', 'plant:source': 'solar', 'power': 'plant', 'start_date': '05.03.2019'}"
852055222,way,Unknown,,,,,50.6146872,33.4193011,"{'building': 'yes', 'power': 'plant'}"
852732421,way,Unknown,,,,,50.0992784,26.5851728,"{'plant:output:hot_water': 'yes', 'power': 'plant'}"
854144208,way,Unknown,,,,,50.4665847,30.4944256,"{'addr:housenumber': '8-А', 'addr:postcode': '04080', 'addr:street': 'Нижньоюрківська вулиця', 'building': 'industrial', 'power': 'plant'}"
856182719,way,"Районна котельня ""Лук'янівська""",,,,,50.466087,30.49568,"{'landuse': 'industrial', 'name': 'Районна котельня ""Лук\'янівська""', 'name:uk': 'Районна котельня ""Лук\'янівська""', 'operator': 'Київтеплоенерго', 'power': 'plant'}"
856458149,way,Черніїв-1,,,,,48.8355506,24.725506,"{'addr:housenumber': '7', 'addr:street': ""Об'їздна вулиця"", 'landuse': 'industrial', 'name': 'Черніїв-1', 'name:uk': 'Черніїв 1', 'operator': 'Геліос Групп', 'plant:method': 'photovoltaic', 'plant:output:electricity': '4.016 MW', 'plant:source': 'solar', 'power': 'plant'}"
856805340,way,Unknown,,,,,46.3493863,34.7668362,"{'landuse': 'industrial', 'operator': 'ТОВ «Грін Агро Сервіс»', 'plant:method': 'photovoltaic', 'plant:output:electricity': '18.3 MW', 'plant:source': 'solar', 'power': 'plant'}"
856813404,way,Unknown,,,,,48.6064595,35.3533823,"{'landuse': 'industrial', 'operator': 'Науково-виробниче об\'єднання ""Сігма-Т""', 'plant:method': 'photovoltaic', 'plant:output:electricity': '2 MW', 'plant:source': 'solar', 'power': 'plant'}"
856828412,way,Unknown,,,,,46.6297967,32.4263794,"{'landuse': 'industrial', 'operator': 'ООО ""Ренджи Бершадь""', 'plant:method': 'photovoltaic', 'plant:output:electricity': '11 MW', 'plant:source': 'solar', 'power': 'plant', 'start_date': '2017'}"
856864457,way,Unknown,,,,,46.6433684,32.489288,"{'landuse': 'industrial', 'plant:method': 'photovoltaic', 'plant:output:electricity': 'yes', 'plant:source': 'solar', 'power': 'plant'}"
856868488,way,Unknown,,,,,46.6601426,32.5409604,"{'landuse': 'industrial', 'plant:method': 'photovoltaic', 'plant:output:electricity': 'yes', 'plant:source': 'solar', 'power': 'plant'}"
856880537,way,Unknown,,,,,46.6949983,32.6264709,"{'landuse': 'industrial', 'plant:method': 'photovoltaic', 'plant:output:electricity': 'yes', 'plant:source': 'solar', 'power': 'plant'}"
856880538,way,Unknown,,,,,46.6908166,32.6178053,"{'landuse': 'industrial', 'plant:method': 'photovoltaic', 'plant:output:electricity': 'yes', 'plant:source': 'solar', 'power': 'plant'}"
860861647,way,Unknown,,,,,44.5108212,33.6040842,"{'barrier': 'wall', 'landuse': 'industrial', 'power': 'plant'}"
863405624,way,Сонячна електростанція Єланець 2,,,,,47.7121509,31.8373125,"{'landuse': 'industrial', 'name': 'Сонячна електростанція Єланець 2', 'name:uk': 'Сонячна електростанція Єланець 2', 'official_name': 'Фотогальванічна електростанція «Єланець 2»', 'operator': 'ТОВ ""СІТІ СОЛАР""', 'plant:method': 'photovoltaic', 'plant:output:electricity': '6619 kW', 'plant:source': 'solar', 'power': 'plant'}"
863913634,way,Ладижинська ГЕС,,,,,48.7038946,29.2356967,"{'landuse': 'industrial', 'name': 'Ладижинська ГЕС', 'name:uk': 'Ладижинська ГЕС', 'plant:method': 'run-of-the-river', 'plant:output:electricity': '7.5 MW', 'plant:source': 'hydro', 'power': 'plant', 'start_date': '1964', 'wikidata': 'Q4252689', 'wikipedia': 'uk:Ладижинська ГЕС'}"
864295622,way,Сакская ВЭС,,,,,45.3504009,33.2459932,"{'description': 'Воробьёвский участок', 'name': 'Сакская ВЭС', 'name:uk': 'Сакська ВЕС', 'plant:method': 'wind_turbine', 'plant:output:electricity': '600 kW', 'plant:source': 'wind', 'power': 'plant', 'wikidata': 'Q16693904', 'wikipedia': 'ru:Сакская ВЭС'}"
864295623,way,Донузлавская ВЭС,,,,,45.3940863,33.144511,"{'name': 'Донузлавская ВЭС', 'name:uk': 'Донузлавська ВЕС', 'plant:method': 'wind_turbine', 'plant:output:electricity': '2.9 MW', 'plant:source': 'wind', 'power': 'plant', 'wikidata': 'Q12102061'}"
864295624,way,Судакская ВЭС,,,,,44.8091819,35.0858914,"{'name': 'Судакская ВЭС', 'name:uk': 'Судакська ВЕС', 'plant:method': 'wind_turbine', 'plant:output:electricity': '6.3 MW', 'plant:source': 'wind', 'power': 'plant', 'wikidata': 'Q16702868'}"
865045756,way,Звенигородська ГЕС,,,,,49.094234,30.9426578,"{'landuse': 'industrial', 'name': 'Звенигородська ГЕС', 'name:uk': 'Звенигородська ГЕС', 'operator': 'ЗОВНІШНЬОЕКОНОМІЧНА АСОЦІАЦІЯ ""НОВОСВІТ""', 'plant:method': 'water-storage', 'plant:output:electricity': '0.4 MW', 'plant:source': 'hydro', 'power': 'plant', 'start_date': '1955'}"
865045757,way,СЕС Озірна,,,,,49.094224,30.9425118,"{'description': 'Так, це соняшна электростанція на схилах дамби гідроєлектростанції. Формально це різні єлектростанції, тому замаплені окремо.', 'name': 'СЕС Озірна', 'name:uk': 'СЕС Озірна', 'operator': 'ЗОВНІШНЬОЕКОНОМІЧНА АСОЦІАЦІЯ ""НОВОСВІТ""', 'plant:method': 'photovoltaic', 'plant:output:electricity': '0.13 MW', 'plant:source': 'solar', 'power': 'plant', 'start_date': '2014'}"
865583480,way,Unknown,,,,,50.1135689,36.208234,"{'plant:method': 'photovoltaic', 'plant:output:electricity': 'yes', 'plant:source': 'solar', 'power': 'plant'}"
865952756,way,Unknown,,,,,50.2846359,28.7117784,"{'building': 'industrial', 'plant:source': 'gas', 'power': 'plant'}"
865952757,way,Unknown,,,,,50.2846769,28.7114494,"{'building': 'industrial', 'plant:source': 'gas', 'power': 'plant'}"
871210676,way,Unknown,,,,,46.4057134,34.7703075,"{'barrier': 'fence', 'landuse': 'industrial', 'plant:method': 'photovoltaic', 'plant:output:electricity': 'yes', 'plant:source': 'solar', 'power': 'plant'}"
871532294,way,Котельня,,,,,45.4363958,28.3079404,"{'building': 'industrial', 'landuse': 'industrial', 'name': 'Котельня', 'name:ru': 'Котельная', 'name:uk': 'Котельня', 'plant:method': 'combustion', 'plant:output:electricity': 'no', 'power': 'plant'}"
871652306,way,Unknown,,,,,47.9604025,37.7703437,"{'landuse': 'industrial', 'power': 'plant'}"
874885812,way,Веліген-6.0,,,,,46.2357095,34.6158389,"{'barrier': 'fence', 'landuse': 'industrial', 'name': 'Веліген-6.0', 'name:uk': 'Веліген-6.0', 'plant:method': 'photovoltaic', 'plant:output:electricity': '6.8 MW', 'plant:source': 'solar', 'power': 'plant'}"
874885815,way,Велітон-2.5,,,,,46.2373831,34.6170115,"{'barrier': 'fence', 'landuse': 'industrial', 'name': 'Велітон-2.5', 'name:uk': 'Велітон-2.5', 'plant:method': 'photovoltaic', 'plant:output:electricity': '2.7 MW', 'plant:source': 'solar', 'power': 'plant'}"
875902142,way,Unknown,,,,,48.688909,24.5019352,"{'landuse': 'industrial', 'power': 'plant'}"
876201549,way,Котельня північного промвузла,,,,,50.9491355,34.7819925,"{'addr:housenumber': '6', 'name': 'Котельня північного промвузла', 'name:ru': 'Котельная северного промузла', 'name:uk': 'Котельня північного промвузла', 'power': 'plant'}"
876273641,way,Ізяславська ГЕС,,,,,50.1212483,26.8148888,"{'name': 'Ізяславська ГЕС', 'name:uk': 'Ізяславська ГЕС', 'operator': 'УКРІНВЕСТЕНЕРГО', 'plant:output:electricity': '0.2 MW', 'plant:source': 'hydro', 'power': 'plant', 'start_date': '2014.12.25'}"
879417323,way,Опішнянська ГЕС,,,,,49.9493685,34.6475355,"{'landuse': 'industrial', 'name': 'Опішнянська ГЕС', 'name:uk': 'Опішнянська ГЕС', 'operator': 'Тов Енергія-1', 'plant:output:electricity': '0.425 MW', 'plant:source': 'hydro', 'power': 'plant'}"
880519865,way,"СЕС ""Златопільська""",,,,,48.8067511,31.6441922,"{'name': 'СЕС ""Златопільська""', 'name:uk': 'СЕС ""Златопільська""', 'plant:method': 'photovoltaic', 'plant:output:electricity': 'yes', 'plant:source': 'solar', 'power': 'plant'}"
886113723,way,Unknown,,,,,47.9033632,31.2902655,"{'plant:method': 'photovoltaic', 'plant:output:electricity': 'yes', 'plant:source': 'solar', 'power': 'plant'}"
886122829,way,Unknown,,,,,45.1361202,33.5526543,"{'building': 'yes', 'landuse': 'industrial', 'power': 'plant'}"
886648268,way,Unknown,,,,,48.1585742,38.3604816,"{'addr:street': 'Горняцкий микрорайон', 'landuse': 'industrial', 'power': 'plant'}"
888527792,way,Unknown,,,,,48.4889904,22.6545409,"{'barrier': 'fence', 'landuse': 'industrial', 'note': 'draft', 'plant:method': 'photovoltaic', 'plant:output:electricity': 'yes', 'plant:source': 'solar', 'power': 'plant'}"
888749934,way,Unknown,,,,,48.3570742,22.691625,"{'barrier': 'fence', 'landuse': 'industrial', 'plant:method': 'photovoltaic', 'plant:output:electricity': 'yes', 'plant:source': 'solar', 'power': 'plant'}"
888749935,way,Unknown,,,,,48.3629001,22.6858127,"{'barrier': 'fence', 'landuse': 'industrial', 'plant:method': 'photovoltaic', 'plant:output:electricity': 'yes', 'plant:source': 'solar', 'power': 'plant'}"
891439375,way,Unknown,,,,,50.3272248,26.5262579,"{'industrial': 'heating_station', 'landuse': 'industrial', 'plant:output:hot_water': 'yes', 'power': 'plant'}"
892706002,way,ПІВІ Прогресівка Альфа,,,,,46.9628115,31.0369647,"{'name': 'ПІВІ Прогресівка Альфа', 'name:uk': 'ПІВІ Прогресівка Альфа', 'plant:method': 'photovoltaic', 'plant:output:electricity': 'yes', 'plant:source': 'solar', 'power': 'plant'}"
893133959,way,"СЕС ""Кам'янка""",,,,,49.0370056,32.0863333,"{'name': 'СЕС ""Кам\'янка""', 'operator': 'Scatec Solar ASA', 'plant:method': 'photovoltaic', 'plant:output:electricity': '32 MW', 'plant:source': 'solar', 'power': 'plant', 'source': 'https://renewablesnow.com/news/scatec-switches-on-its-3rd-solar-park-in-ukraine-726416/', 'start_date': '2021'}"
893729179,way,СЕС Личівка Солар,,,,,49.6316653,26.6073653,"{'name': 'СЕС Личівка Солар', 'name:uk': 'СЕС Личівка Солар', 'operator': 'ТОВ ""Личівка Солар""', 'plant:method': 'photovoltaic', 'plant:output:electricity': '2.69 MW', 'plant:source': 'solar', 'power': 'plant'}"
894163697,way,Unknown,,,,,49.5255679,26.232443,"{'plant:method': 'photovoltaic', 'plant:output:electricity': 'yes', 'plant:source': 'solar', 'power': 'plant'}"
895943991,way,Unknown,,,,,46.6337633,30.802166,"{'barrier': 'fence', 'landuse': 'industrial', 'plant:method': 'photovoltaic', 'plant:output:electricity': 'yes', 'plant:source': 'solar', 'power': 'plant'}"
896211985,way,Котельная 2 энергорайона,,,,,44.5619168,33.5194892,"{'landuse': 'industrial', 'name': 'Котельная 2 энергорайона', 'operator': 'Севтеплоэнерго', 'plant:method': 'combustion', 'plant:output:electricity': 'no', 'plant:output:hot_water': 'yes', 'plant:source': 'gas', 'power': 'plant'}"
897621051,way,Unknown,,,,,49.8372443,35.6957249,"{'plant:method': 'photovoltaic', 'plant:output:electricity': 'yes', 'plant:source': 'solar', 'power': 'plant'}"
899107907,way,Unknown,,,,,49.481879,31.9682034,"{'landuse': 'industrial', 'power': 'plant'}"
901618930,way,Unknown,,,,,48.5972982,35.1626981,"{'plant:method': 'photovoltaic', 'plant:output:electricity': 'yes', 'plant:source': 'solar', 'power': 'plant'}"
902020283,way,Димерська СЕС-1,,,,,50.6115734,30.8949729,"{'addr:housenumber': '40А', 'addr:postcode': '07442', 'addr:street': 'Промислова вулиця', 'name': 'Димерська СЕС-1', 'name:uk': 'Димерська СЕС-1', 'plant:method': 'photovoltaic', 'plant:output:electricity': 'yes', 'plant:source': 'solar', 'power': 'plant'}"
902114939,way,Unknown,,,,,47.009793,32.1716803,"{'landuse': 'industrial', 'plant:output:electricity': '6.41 MW', 'plant:source': 'solar', 'power': 'plant'}"
902712872,way,Unknown,,,,,46.4115099,30.7230476,"{'landuse': 'industrial', 'power': 'plant'}"
905790745,way,Unknown,,,,,45.7077099,29.06877,"{'landuse': 'industrial', 'power': 'plant'}"
908338945,way,Unknown,,,,,47.7605047,35.1984427,"{'plant:method': 'photovoltaic', 'plant:output:electricity': 'yes', 'plant:source': 'solar', 'power': 'plant'}"
908437021,way,Unknown,,,,,48.6547133,33.072716,"{'landuse': 'industrial', 'power': 'plant'}"
909962483,way,Корсунь-Шевченківська ГЕС,,,,,49.4121416,31.2633857,"{'image': 'https://upload.wikimedia.org/wikipedia/uk/e/e4/%D0%9A%D0%BE%D1%80%D1%81%D1%83%D0%BD%D1%8C-%D0%A8%D0%B5%D0%B2%D1%87%D0%B5%D0%BD%D0%BA%D1%96%D0%B2%D1%81%D1%8C%D0%BA%D0%B0_%D0%BC%D0%B0%D0%BB%D0%B0_%D0%93%D0%95%D0%A1_%284%29.jpg', 'landuse': 'industrial', 'name': 'Корсунь-Шевченківська ГЕС', 'name:uk': 'Корсунь-Шевченківська ГЕС', 'plant:output:electricity': '1.8 MW', 'plant:source': 'hydro', 'power': 'plant', 'start_date': '1934-07-27', 'wikidata': 'Q47074356', 'wikipedia': 'uk:Корсунь-Шевченківська ГЕС'}"
910434715,way,Unknown,,,,,47.0365299,32.0948121,"{'barrier': 'fence', 'landuse': 'industrial', 'plant:source': 'solar', 'power': 'plant'}"
911212462,way,СЕС ТІУ-Зелений Гай,,,,,47.5963026,31.2628573,"{'landuse': 'industrial', 'name': 'СЕС ТІУ-Зелений Гай', 'name:uk': 'СЕС ТІУ-Зелений Гай', 'plant:output:electricity': '17.86 MW', 'plant:source': 'solar', 'power': 'plant', 'start_date': '2019'}"
912369525,way,СЕС Токарівка,,,,,47.3145363,31.0096139,"{'barrier': 'fence', 'landuse': 'industrial', 'name': 'СЕС Токарівка', 'name:uk': 'СЕС Токарівка', 'plant:output:electricity': '17 MW', 'plant:source': 'solar', 'power': 'plant'}"
912434566,way,Unknown,,,,,47.0813495,32.2147727,"{'landuse': 'industrial', 'plant:source': 'solar', 'power': 'plant'}"
912440275,way,Unknown,,,,,47.0511522,32.1047406,"{'landuse': 'industrial', 'plant:source': 'solar', 'power': 'plant'}"
912449922,way,ГЕС Казанка,,,,,47.8019513,32.8342619,"{'landuse': 'industrial', 'name': 'ГЕС Казанка', 'name:uk': 'ГЕС Казанка', 'plant:output:electricity': '13 MW', 'plant:source': 'solar', 'power': 'plant'}"
912699966,way,СПП Одгрінь,,,,,47.5191734,31.7632126,"{'landuse': 'industrial', 'name': 'СПП Одгрінь', 'name:uk': 'СПП Одгрінь', 'plant:method': 'photovoltaic', 'plant:output:electricity': '7.5 MW', 'plant:source': 'solar', 'power': 'plant'}"
912749785,way,Unknown,,,,,46.4875867,30.208556,"{'landuse': 'industrial', 'power': 'plant'}"
912804133,way,Unknown,,,,,45.972746,29.4760984,"{'landuse': 'industrial', 'plant:source': 'solar', 'power': 'plant'}"
913138213,way,СЕС Вендичани,,,,,48.6049608,27.788647,"{'barrier': 'fence', 'landuse': 'industrial', 'name': 'СЕС Вендичани', 'name:uk': 'СЕС Вендичани', 'operator': 'ТОВ ""Солар Фючер""', 'plant:output:electricity': '2.03 MW', 'plant:source': 'solar', 'power': 'plant', 'start_date': '2017-06'}"
913181193,way,СЕС,,,,,48.1942216,28.6431545,"{'barrier': 'fence', 'landuse': 'industrial', 'name': 'СЕС', 'name:uk': 'СЕС', 'operator': 'Вінсолар', 'plant:output:electricity': '3 MW', 'plant:source': 'solar', 'power': 'plant', 'start_date': '2013'}"
913396753,way,СЕС Вендичани,,,,,48.5970171,27.7918347,"{'barrier': 'fence', 'landuse': 'industrial', 'name': 'СЕС Вендичани', 'name:uk': 'СЕС Вендичани', 'operator': 'ТОВ ""Солар Фючер""', 'plant:source': 'solar', 'power': 'plant'}"
915852256,way,СЕС Слобідка,,,,,48.7504151,27.3132433,"{'addr:housenumber': '1а', 'addr:postcode': '32637', 'addr:street': 'Головна вулиця', 'name': 'СЕС Слобідка', 'name:uk': 'СЕС Слобідка', 'operator': 'Тов ""Екотехнік-Нова Ушиця""', 'plant:method': 'photovoltaic', 'plant:output:electricity': '5 MW', 'plant:source': 'solar', 'power': 'plant', 'start_date': '2015-12'}"
916016873,way,Unknown,,,,,50.6348749,30.4473531,"{'plant:method': 'photovoltaic', 'plant:output:electricity': 'yes', 'plant:source': 'solar', 'power': 'plant'}"
917611331,way,Unknown,,,,,49.8995173,24.0913164,"{'landuse': 'industrial', 'power': 'plant'}"
917611332,way,Unknown,,,,,49.8994676,24.0913858,"{'landuse': 'industrial', 'power': 'plant'}"
918385454,way,Unknown,,,,,46.2851358,33.6040959,"{'landuse': 'industrial', 'plant:source': 'solar', 'power': 'plant'}"
919170150,way,Unknown,,,,,47.6627117,33.264274,"{'barrier': 'wall', 'plant:source': 'solar', 'power': 'plant'}"
920261350,way,Unknown,,,,,49.5957208,34.5540431,"{'building:levels': '1', 'landuse': 'industrial', 'power': 'plant'}"
920261628,way,Unknown,,,,,49.6009855,34.5456506,"{'building:levels': '1', 'landuse': 'industrial', 'power': 'plant'}"
921856783,way,Unknown,,,,,50.6274921,30.4318749,"{'plant:method': 'photovoltaic', 'plant:output:electricity': 'yes', 'plant:source': 'solar', 'power': 'plant'}"
922238974,way,Unknown,,,,,47.2044427,30.8943095,"{'landuse': 'industrial', 'power': 'plant'}"
922238975,way,Unknown,,,,,47.2043612,30.8943284,"{'building': 'industrial', 'landuse': 'industrial', 'power': 'plant'}"
924854039,way,Unknown,,,,,47.6307173,34.3353806,"{'landuse': 'industrial', 'plant:method': 'photovoltaic', 'plant:output:electricity': '10.5 MW', 'plant:source': 'solar', 'power': 'plant'}"
925096323,way,СЕС Лемберг Солар,,,,,49.9102111,24.246364,"{'addr:housenumber': '143', 'addr:postcode': '80463', 'addr:street': 'Галицька вулиця', 'barrier': 'fence', 'landuse': 'industrial', 'name': 'СЕС Лемберг Солар', 'name:uk': 'СЕС Лемберг Солар', 'plant:method': 'photovoltaic', 'plant:output:electricity': '2.75 MW', 'plant:source': 'solar', 'power': 'plant', 'start_date': '2019'}"
925267360,way,Unknown,,,,,48.4098561,37.187646,"{'landuse': 'industrial', 'power': 'plant'}"
925799980,way,Котельня,,,,,51.0558564,31.8922435,"{'landuse': 'industrial', 'name': 'Котельня', 'name:ru': 'Котельня', 'name:uk': 'Котельня', 'power': 'plant'}"
926294648,way,Котельня,,,,,48.5883476,38.000265,"{'landuse': 'industrial', 'name': 'Котельня', 'name:uk': 'Котельня', 'power': 'plant'}"
928811207,way,Котельня,,,,,51.0737126,31.8793791,"{'landuse': 'industrial', 'name': 'Котельня', 'name:uk': 'Котельня', 'power': 'plant'}"
935627183,way,Unknown,,,,,47.9183975,38.2051362,"{'landuse': 'industrial', 'power': 'plant'}"
935808701,way,Unknown,,,,,48.4679499,22.1806991,"{'barrier': 'fence', 'landuse': 'industrial', 'plant:method': 'photovoltaic', 'plant:output:electricity': 'yes', 'plant:source': 'solar', 'power': 'plant'}"
935808702,way,Unknown,,,,,48.463011,22.1917954,"{'barrier': 'fence', 'landuse': 'industrial', 'plant:method': 'photovoltaic', 'plant:output:electricity': 'yes', 'plant:source': 'solar', 'power': 'plant'}"
936899366,way,Unknown,,,,,49.8072143,35.9546314,"{'plant:method': 'photovoltaic', 'plant:output:electricity': 'yes', 'plant:source': 'solar', 'power': 'plant'}"
939492724,way,СЕС Лугини Енерджи,,,,,51.0917243,28.3865073,"{'addr:city': 'Лугини', 'addr:street': 'Армійська вулиця', 'barrier': 'fence', 'landuse': 'industrial', 'name': 'СЕС Лугини Енерджи', 'name:uk': 'СЕС Лугини Енерджи', 'plant:method': 'photovoltaic', 'plant:source': 'solar', 'power': 'plant'}"
939492725,way,СЕС Лугини Енерджи,,,,,51.0919282,28.3831787,"{'addr:city': 'Лугини', 'addr:street': 'Армійська вулиця', 'barrier': 'fence', 'landuse': 'industrial', 'name': 'СЕС Лугини Енерджи', 'name:uk': 'СЕС Лугини Енерджи', 'plant:method': 'photovoltaic', 'plant:source': 'solar', 'power': 'plant'}"
940664233,way,Unknown,,,,,48.5330985,34.4605004,"{'barrier': 'fence', 'plant:method': 'photovoltaic', 'plant:output:electricity': 'yes', 'plant:source': 'solar', 'power': 'plant'}"
944371322,way,Котельня,,,,,48.7101501,38.1493668,"{'landuse': 'industrial', 'name': 'Котельня', 'name:uk': 'Котельня', 'power': 'plant'}"
944699890,way,Unknown,,,,,48.8994566,24.6308269,"{'barrier': 'fence', 'landuse': 'industrial', 'plant:output:electricity': 'yes', 'plant:source': 'solar', 'power': 'plant'}"
945779735,way,Unknown,,,,,48.367774,34.4240182,"{'barrier': 'fence', 'plant:method': 'photovoltaic', 'plant:output:electricity': 'yes', 'plant:source': 'solar', 'power': 'plant'}"
952964762,way,Котельна,,,,,46.4330746,30.7220327,"{'addr:housenumber': '15Б', 'addr:postcode': '65074', 'building': 'industrial', 'building:levels': '1', 'name': 'Котельна', 'name:uk': 'Котельна', 'plant:output:hot_water': 'yes', 'plant:source': 'gas', 'power': 'plant'}"
953304620,way,Unknown,,,,,48.0880542,37.9811306,"{'addr:street': 'Бородіна вулиця', 'landuse': 'industrial', 'power': 'plant'}"
953306582,way,Unknown,,,,,48.0861353,37.9798137,"{'addr:street': 'Руднєва вулиця', 'landuse': 'industrial', 'power': 'plant'}"
953914493,way,Unknown,,,,,49.7873593,25.9361394,"{'plant:method': 'photovoltaic', 'plant:output:electricity': '30 kW', 'plant:source': 'solar', 'power': 'plant'}"
954588379,way,Unknown,,,,,50.5425591,30.3583297,"{'landuse': 'industrial', 'power': 'plant'}"
956414556,way,Unknown,,,,,48.5903176,34.8675384,"{'plant:method': 'photovoltaic', 'plant:output:electricity': 'yes', 'plant:source': 'solar', 'power': 'plant'}"
956952852,way,Unknown,,,,,48.5339582,25.4186944,"{'plant:method': 'photovoltaic', 'plant:output:electricity': 'yes', 'plant:source': 'solar', 'power': 'plant'}"
959035574,way,Котельня,,,,,48.8574397,23.4615282,"{'building': 'service', 'name': 'Котельня', 'name:uk': 'Котельня', 'plant:output:hot_water': 'yes', 'plant:source': 'gas', 'power': 'plant'}"
963886770,way,Unknown,,,,,47.4693995,30.5265641,"{'landuse': 'industrial', 'plant:method': 'photovoltaic', 'plant:output:electricity': 'yes', 'plant:source': 'solar', 'power': 'plant', 'start_date': '2019-11-01', 'website': 'https://rengydevelopment.com/ru/projects'}"
965392589,way,Unknown,,,,,46.0232106,30.3458348,"{'plant:source': 'solar', 'power': 'plant'}"
965951757,way,Unknown,,,,,49.2420733,28.3598113,"{'barrier': 'fence', 'landuse': 'industrial', 'plant:source': 'solar', 'power': 'plant'}"
965983051,way,Unknown,,,,,49.068383,23.8551509,"{'landuse': 'industrial', 'power': 'plant'}"
971954017,way,Котельня,,,,,50.1165302,27.5144599,"{'landuse': 'industrial', 'name': 'Котельня', 'name:uk': 'Котельня', 'power': 'plant'}"
972372895,way,Unknown,,,,,49.6018278,34.5481116,"{'landuse': 'industrial', 'plant:method': 'combustion', 'plant:output:electricity': 'yes', 'plant:source': 'gas', 'power': 'plant'}"
972874869,way,Котельня,,,,,49.4137665,25.719947,"{'building': 'industrial', 'building:levels': '1', 'landuse': 'industrial', 'name': 'Котельня', 'name:uk': 'Котельня', 'plant:method': 'combustion', 'plant:output:electricity': 'yes', 'plant:output:hot_water': 'yes', 'plant:source': 'gas', 'power': 'plant'}"
973072797,way,Unknown,,,,,50.3176605,28.9575772,"{'plant:method': 'photovoltaic', 'plant:output:electricity': 'yes', 'plant:source': 'solar', 'power': 'plant'}"
973598960,way,Котельня,,,,,49.448405,31.9558567,"{'landuse': 'industrial', 'name': 'Котельня', 'name:uk': 'Котельня', 'power': 'plant'}"
973598961,way,Котельня,,,,,49.4546665,31.9547009,"{'landuse': 'industrial', 'name': 'Котельня', 'name:uk': 'Котельня', 'power': 'plant'}"
975279129,way,Котельня,,,,,49.3018592,32.140169,"{'landuse': 'industrial', 'name': 'Котельня', 'name:uk': 'Котельня', 'power': 'plant'}"
975800323,way,ГЕС Демидівка,,,,,49.1179177,28.2565255,"{'building': 'yes', 'name': 'ГЕС Демидівка', 'name:uk': 'ГЕС Демидівка', 'operator': 'ТОВ ""Гідроенергія - 1""', 'plant:output:electricity': '190 kW', 'plant:source': 'hydro', 'power': 'plant', 'start_date': '2016'}"
977812737,way,Unknown,,,,,51.0302899,34.9299568,"{'plant:method': 'photovoltaic', 'plant:output:electricity': 'yes', 'plant:source': 'solar', 'power': 'plant'}"
977812738,way,Unknown,,,,,51.0295716,34.930021,"{'plant:method': 'photovoltaic', 'plant:output:electricity': 'yes', 'plant:source': 'solar', 'power': 'plant'}"
979387640,way,Unknown,,,,,49.2993258,23.558706,"{'landuse': 'industrial', 'power': 'plant'}"
983709494,way,Енергопарк сонячних електростанцій,,,,,48.6797595,25.4744217,"{'addr:housenumber': '143', 'name': 'Енергопарк сонячних електростанцій', 'operator': 'ТОВ ""Альтернативна сонячна енергія""', 'plant:method': 'photovoltaic', 'plant:output:electricity': '2332,44 kW', 'plant:source': 'solar', 'power': 'plant', 'start_date': '2019'}"
987395743,way,Unknown,,,,,48.2030606,34.8945897,"{'plant:output:electricity': 'yes', 'plant:source': 'solar', 'power': 'plant'}"
989843562,way,Unknown,,,,,48.5363494,34.8661001,"{'plant:method': 'photovoltaic', 'plant:output:electricity': 'yes', 'plant:source': 'solar', 'power': 'plant'}"
991427857,way,Сонячні панелі,,,,,48.9869896,30.9875011,"{'addr:housenumber': '5а', 'addr:postcode': '20505', 'addr:street': 'Звенигородська вулиця', 'name': 'Сонячні панелі', 'name:uk': 'Сонячні панелі', 'operator': 'Cetus', 'plant:method': 'photovoltaic', 'plant:output:electricity': 'yes', 'plant:source': 'solar', 'power': 'plant', 'start_date': '04.02.2021'}"
991885562,way,Unknown,,,,,48.5312328,34.870812,"{'plant:method': 'photovoltaic', 'plant:output:electricity': 'yes', 'plant:source': 'solar', 'power': 'plant'}"
991941932,way,Модульна твердопаливна котельня,,,,,48.2084147,37.723085,"{'landuse': 'industrial', 'name': 'Модульна твердопаливна котельня', 'name:uk': 'Модульна твердопаливна котельня', 'power': 'plant'}"
993331428,way,Unknown,,,,,48.2210848,34.7569944,"{'landuse': 'industrial', 'plant:output:electricity': 'yes', 'plant:source': 'solar', 'power': 'plant'}"
1001358771,way,Unknown,,,,,48.5515324,35.085718,"{'plant:method': 'photovoltaic', 'plant:output:electricity': 'yes', 'plant:source': 'solar', 'power': 'plant'}"
1004058596,way,Восточно-Крымская ВЭС,,,,,45.3956733,35.8623822,"{'landuse': 'industrial', 'name': 'Восточно-Крымская ВЭС', 'power': 'plant'}"
1009945860,way,Unknown,,,,,48.6371436,34.8888908,"{'plant:method': 'photovoltaic', 'plant:output:electricity': 'yes', 'plant:source': 'solar', 'power': 'plant'}"
1011504466,way,Сонячна електростанція,,,,,50.7291771,25.3445156,"{'access': 'private', 'name': 'Сонячна електростанція', 'name:en': 'Solar Power Station', 'name:uk': 'Сонячна електростанція', 'plant:output:electricity': 'yes', 'plant:source': 'solar', 'power': 'plant'}"
1012744913,way,"МГЕС ""Нижні Млини""",,,,,49.5365569,34.5865099,"{'addr:housenumber': '2', 'addr:street': 'Набережна вулиця', 'landuse': 'industrial', 'name': 'МГЕС ""Нижні Млини""', 'name:uk': 'МГЕС ""Нижні Млини""', 'operator': 'Гідроенергоресурс', 'plant:method': 'water-storage', 'plant:output:electricity': 'yes', 'plant:source': 'hydro', 'power': 'plant'}"
1013293967,way,Unknown,,,,,50.081379,29.9059337,"{'building': 'industrial', 'plant:source': 'gas', 'power': 'plant'}"
1018616111,way,Unknown,,,,,48.4803458,29.6892134,"{'plant:method': 'photovoltaic', 'plant:output:electricity': 'yes', 'plant:source': 'solar', 'power': 'plant'}"
1019863224,way,Unknown,,,,,49.7504273,28.7389607,"{'landuse': 'industrial', 'plant:method': 'photovoltaic', 'plant:output:electricity': 'yes', 'plant:source': 'solar', 'power': 'plant'}"
1019933946,way,Unknown,,,,,47.7877937,34.941814,"{'landuse': 'industrial', 'power': 'plant'}"
1020373904,way,Чернятська ГЕС,,,,,48.4847072,29.6829161,"{'landuse': 'industrial', 'name': 'Чернятська ГЕС', 'name:uk': 'Чернятська ГЕС', 'plant:output:electricity': 'yes', 'plant:source': 'hydro', 'power': 'plant'}"
1020383105,way,Глиняни СЕС,,,,,49.8266701,24.4831016,"{'barrier': 'fence', 'landuse': 'industrial', 'name': 'Глиняни СЕС', 'name:uk': 'Глиняни СЕС', 'operator': 'Еко-Оптіма', 'plant:method': 'photovoltaic', 'plant:output:electricity': '15.7 MW', 'plant:source': 'solar', 'power': 'plant', 'start_date': '01.01.2019'}"
1020599528,way,Unknown,,,,,48.151116,38.3571756,"{'landuse': 'industrial', 'power': 'plant'}"
1020599547,way,Unknown,,,,,48.1567005,38.3594677,"{'landuse': 'industrial', 'power': 'plant'}"
1020599553,way,Unknown,,,,,48.1568452,38.354388,"{'landuse': 'industrial', 'power': 'plant'}"
1020599577,way,Unknown,,,,,48.1605755,38.3499958,"{'landuse': 'industrial', 'power': 'plant'}"
1020672992,way,СЕС Луквиця,,,,,48.7545147,24.2640519,"{'name': 'СЕС Луквиця', 'name:uk': 'СЕС Луквиця', 'plant:method': 'photovoltaic', 'plant:output:electricity': '4.5 MW', 'plant:source': 'solar', 'power': 'plant', 'start_date': '2018'}"
1020679367,way,СЕС Пшеничники,,,,,48.8724445,24.8976327,"{'name': 'СЕС Пшеничники', 'name:uk': 'СЕС Пшеничники', 'operator': 'ТОВ ""Санні Сіті""', 'plant:method': 'photovoltaic', 'plant:output:electricity': '8.32 MW', 'plant:source': 'solar', 'power': 'plant', 'start_date': '2019'}"
1020694577,way,Литячівська СЕС,,,,,48.8166966,25.4992407,"{'name': 'Литячівська СЕС', 'name:uk': 'Литячівська СЕС', 'plant:method': 'photovoltaic', 'plant:output:electricity': '14.68 MW', 'plant:source': 'solar', 'power': 'plant', 'start_date': '2019'}"
1020696295,way,СЕС Іванків,,,,,48.835833,26.176545,"{'name': 'СЕС Іванків', 'name:uk': 'СЕС Іванків', 'plant:output:electricity': '1.2 MW', 'plant:source': 'solar', 'power': 'plant'}"
1020702876,way,СЕС МЕБ-Галицька,,,,,49.1052725,25.1509184,"{'name': 'СЕС МЕБ-Галицька', 'name:uk': 'СЕС МЕБ-Галицька', 'plant:method': 'photovoltaic', 'plant:output:electricity': 'yes', 'plant:source': 'solar', 'power': 'plant'}"
1020705780,way,СЕС Гукалівці,,,,,49.7756013,25.2074047,"{'name': 'СЕС Гукалівці', 'name:uk': 'СЕС Гукалівці', 'plant:method': 'photovoltaic', 'plant:output:electricity': '18.957 MW', 'plant:source': 'solar', 'power': 'plant', 'start_date': '2019'}"
1020706317,way,Груп-енерго ВЕС,,,,,49.7438267,25.2484165,"{'name': 'Груп-енерго ВЕС', 'name:uk': 'Груп-енерго ВЕС', 'plant:output:electricity': 'yes', 'plant:source': 'wind', 'power': 'plant'}"
1024101552,way,Токмак Солар Енерджі,,,,,47.2783039,35.7225679,"{'name': 'Токмак Солар Енерджі', 'name:uk': 'Токмак Солар Енерджі', 'plant:method': 'photovoltaic', 'plant:output:electricity': 'yes', 'plant:source': 'solar', 'power': 'plant'}"
1026509663,way,Unknown,,,,,47.6275107,34.5071584,"{'plant:method': 'photovoltaic', 'plant:output:electricity': 'yes', 'plant:source': 'solar', 'power': 'plant'}"
1027364728,way,СЕС Південна,,,,,49.4532708,24.0506358,"{'landuse': 'industrial', 'name': 'СЕС Південна', 'name:uk': 'СЕС Південна', 'plant:method': 'photovoltaic', 'plant:output:electricity': '9.95 MW', 'plant:source': 'solar', 'power': 'plant', 'start_date': '2019'}"
1027676996,way,СЕС Павлівка,,,,,49.0064261,24.6584559,"{'landuse': 'industrial', 'name': 'СЕС Павлівка', 'name:uk': 'СЕС Павлівка', 'plant:method': 'photovoltaic', 'plant:output:electricity': '5.9 MW', 'plant:source': 'solar', 'power': 'plant', 'source': 'kadastr'}"
1027704326,way,СЕС Нагірне,,,,,49.740609,23.1216129,"{'landuse': 'industrial', 'name': 'СЕС Нагірне', 'name:uk': 'СЕС Нагірне', 'plant:method': 'photovoltaic', 'plant:output:electricity': '1.8 MW', 'plant:source': 'solar', 'power': 'plant', 'source': 'kadastr', 'start_date': '2019'}"
1027706710,way,СЕС Вороців,,,,,49.8528175,23.80673,"{'landuse': 'industrial', 'name': 'СЕС Вороців', 'name:uk': 'СЕС Вороців', 'plant:method': 'photovoltaic', 'plant:output:electricity': '0.72 MW', 'plant:source': 'solar', 'power': 'plant', 'source': 'kadastr', 'start_date': '2020'}"
1027710670,way,СЕС Лайтдей,,,,,49.3136637,24.1024887,"{'landuse': 'industrial', 'name': 'СЕС Лайтдей', 'name:uk': 'СЕС Лайтдей', 'plant:method': 'photovoltaic', 'plant:output:electricity': '2.16 MW', 'plant:source': 'solar', 'power': 'plant', 'source': 'kadastr', 'start_date': '2020'}"
1027713659,way,СЕС Північна,,,,,49.4667594,24.0825397,"{'landuse': 'industrial', 'name': 'СЕС Північна', 'name:uk': 'СЕС Північна', 'plant:method': 'photovoltaic', 'plant:output:electricity': '9.95 MW', 'plant:source': 'solar', 'power': 'plant', 'start_date': '2019'}"
1028366511,way,Unknown,,,,,49.3039275,23.5671888,"{'landuse': 'industrial', 'power': 'plant'}"
1029076179,way,Селищна котельня,,,,,48.1610253,30.5978915,"{'landuse': 'industrial', 'name': 'Селищна котельня', 'name:ru': 'Посёлковая котёльная', 'name:uk': 'Селищна котельня', 'plant:source': 'wood', 'power': 'plant'}"
1030208462,way,Unknown,,,,,47.991618,34.9769149,"{'plant:method': 'photovoltaic', 'plant:output:electricity': 'yes', 'plant:source': 'solar', 'power': 'plant'}"
1031318901,way,Unknown,,,,,48.8263513,27.3046201,"{'plant:method': 'photovoltaic', 'plant:output:electricity': 'yes', 'plant:source': 'solar', 'power': 'plant'}"
1031318902,way,Unknown,,,,,48.8277266,27.3051373,"{'plant:method': 'photovoltaic', 'plant:output:electricity': 'yes', 'plant:source': 'solar', 'power': 'plant'}"
1031318903,way,Unknown,,,,,48.8277417,27.3028712,"{'plant:method': 'photovoltaic', 'plant:output:electricity': 'yes', 'plant:source': 'solar', 'power': 'plant'}"
1035424029,way,Unknown,,,,,49.2695305,23.5011083,"{'landuse': 'industrial', 'power': 'plant'}"
1039037357,way,Unknown,,,,,48.4354668,22.7184126,"{'landuse': 'industrial', 'power': 'plant'}"
1039204222,way,Unknown,,,,,48.4188724,22.6784085,"{'barrier': 'fence', 'landuse': 'industrial', 'plant:method': 'photovoltaic', 'plant:output:electricity': 'yes', 'plant:source': 'solar', 'power': 'plant'}"
1044134094,way,Unknown,,,,,48.4208029,22.7949371,"{'barrier': 'fence', 'landuse': 'industrial', 'plant:method': 'photovoltaic', 'plant:output:electricity': 'yes', 'plant:source': 'solar', 'power': 'plant'}"
1053158350,way,Unknown,,,,,49.7466362,28.8447351,"{'landuse': 'industrial', 'plant:method': 'photovoltaic', 'plant:output:electricity': 'yes', 'plant:source': 'solar', 'power': 'plant'}"
1053594212,way,Unknown,,,,,45.6552285,34.3255653,"{'addr:street': 'Садовая улица', 'building': 'yes', 'generator:output:hot_water': 'yes', 'landuse': 'industrial', 'power': 'plant'}"
1054262861,way,Unknown,,,,,46.1573149,30.3008831,"{'plant:method': 'photovoltaic', 'plant:output:electricity': 'yes', 'plant:source': 'solar', 'power': 'plant'}"
1054885400,way,Unknown,,,,,45.8619651,29.6855078,"{'plant:method': 'photovoltaic', 'plant:output:electricity': 'yes', 'plant:source': 'solar', 'power': 'plant'}"
1055836534,way,Unknown,,,,,50.4668356,26.1942289,"{'landuse': 'industrial', 'power': 'plant'}"
1056481911,way,Шкільна котельня,,,,,51.4536329,26.3374534,"{'landuse': 'industrial', 'name': 'Шкільна котельня', 'name:uk': 'Шкільна котельня', 'plant:source': 'biomass', 'power': 'plant'}"
1057552289,way,Котельня лікарні,,,,,50.2306079,28.6889239,"{'landuse': 'industrial', 'name': 'Котельня лікарні', 'name:uk': 'Котельня лікарні', 'plant:method': 'combustion', 'plant:output:electricity': 'yes', 'plant:source': 'gas', 'power': 'plant'}"
1057991097,way,Unknown,,,,,45.9290759,29.6874263,"{'plant:method': 'photovoltaic', 'plant:output:electricity': 'yes', 'plant:source': 'solar', 'power': 'plant'}"
1058911583,way,Unknown,,,,,47.7563825,33.468128,"{'plant:source': 'solar', 'power': 'plant'}"
1058911588,way,Unknown,,,,,47.7656357,33.4660238,"{'plant:source': 'solar', 'power': 'plant'}"
1060033303,way,Димерська СЕС-2,,,,,50.6123061,30.8892105,"{'addr:housenumber': '40Б', 'addr:postcode': '07442', 'addr:street': 'Промислова вулиця', 'name': 'Димерська СЕС-2', 'name:uk': 'Димерська СЕС-2', 'plant:method': 'photovoltaic', 'plant:output:electricity': 'yes', 'plant:source': 'solar', 'power': 'plant'}"
1060033304,way,Димерська СЕС-3,,,,,50.6145141,30.884525,"{'addr:housenumber': '40В', 'addr:postcode': '07442', 'addr:street': 'Промислова вулиця', 'name': 'Димерська СЕС-3', 'name:uk': 'Димерська СЕС-3', 'plant:method': 'photovoltaic', 'plant:output:electricity': 'yes', 'plant:source': 'solar', 'power': 'plant'}"
1060033305,way,Димерська СЕС-4,,,,,50.6156066,30.8770991,"{'addr:housenumber': '40Г', 'addr:postcode': '07442', 'addr:street': 'Промислова вулиця', 'name': 'Димерська СЕС-4', 'name:uk': 'Димерська СЕС-4', 'plant:method': 'photovoltaic', 'plant:output:electricity': 'yes', 'plant:source': 'solar', 'power': 'plant'}"
1060291445,way,Unknown,,,,,46.9086219,30.7527741,"{'plant:method': 'photovoltaic', 'plant:output:electricity': 'yes', 'plant:source': 'solar', 'power': 'plant'}"
1061638233,way,Unknown,,,,,50.6510471,30.4081488,"{'landuse': 'industrial', 'power': 'plant'}"
1062331038,way,Unknown,,,,,51.2192931,25.7276763,"{'landuse': 'industrial', 'plant:method': 'combustion', 'plant:output:electricity': 'yes', 'plant:source': 'coal', 'power': 'plant'}"
1062463160,way,"Сонячна Електростанція ""Фурси Солар""",,,,,49.7910429,30.0188719,"{'name': 'Сонячна Електростанція ""Фурси Солар""', 'name:uk': 'Сонячна Електростанція ""Фурси Солар""', 'plant:method': 'photovoltaic', 'plant:output:electricity': 'yes', 'plant:source': 'solar', 'power': 'plant'}"
1062692233,way,Unknown,,,,,45.5981976,28.9671012,"{'plant:method': 'photovoltaic', 'plant:output:electricity': 'yes', 'plant:source': 'solar', 'power': 'plant'}"
1062692234,way,Unknown,,,,,45.5999128,28.9657919,"{'plant:method': 'photovoltaic', 'plant:output:electricity': 'yes', 'plant:source': 'solar', 'power': 'plant'}"
1062692235,way,Unknown,,,,,45.604715,28.9596961,"{'plant:method': 'photovoltaic', 'plant:output:electricity': 'yes', 'plant:source': 'solar', 'power': 'plant'}"
1062937244,way,Unknown,,,,,45.5606638,28.8976302,"{'plant:method': 'photovoltaic', 'plant:output:electricity': 'yes', 'plant:source': 'solar', 'power': 'plant'}"
1064815641,way,СЕС “Катеринівка”,,,,,48.8156379,34.369591,"{'name': 'СЕС “Катеринівка”', 'name:uk': 'СЕС “Катеринівка”', 'operator': 'Солар Естейт', 'plant:method': 'photovoltaic', 'plant:output:electricity': '13,5 MW', 'plant:source': 'solar', 'power': 'plant', 'source': 'https://avenston.com/portfolio/umitli-3/', 'start_date': '2019'}"
1065811387,way,Unknown,,,,,46.0326395,29.101908,"{'plant:method': 'photovoltaic', 'plant:output:electricity': 'yes', 'plant:source': 'solar', 'power': 'plant'}"
1066121480,way,Unknown,,,,,47.6138575,31.3655748,"{'barrier': 'fence', 'fence_type': 'chain_link', 'height': '2', 'material': 'metal', 'plant:method': 'photovoltaic', 'plant:output:electricity': 'yes', 'plant:source': 'solar', 'power': 'plant'}"
1066434375,way,Unknown,,,,,46.1188188,29.2366914,"{'plant:method': 'photovoltaic', 'plant:output:electricity': 'yes', 'plant:source': 'solar', 'power': 'plant'}"
1066851661,way,Unknown,,,,,48.5395031,25.3104651,"{'plant:method': 'photovoltaic', 'plant:output:electricity': 'yes', 'plant:source': 'solar', 'power': 'plant'}"
1067091194,way,Unknown,,,,,49.1922723,28.4562991,"{'landuse': 'industrial', 'power': 'plant'}"
1072436124,way,Unknown,,,,,47.1213561,31.8183029,"{'plant:method': 'photovoltaic', 'plant:output:electricity': 'yes', 'plant:source': 'solar', 'power': 'plant'}"
1072436137,way,Unknown,,,,,47.1380069,31.615805,"{'plant:method': 'photovoltaic', 'plant:output:electricity': 'yes', 'plant:source': 'solar', 'power': 'plant'}"
1072618691,way,Unknown,,,,,47.5607917,31.3713746,"{'barrier': 'fence', 'fence_type': 'chain_link', 'height': '2', 'plant:method': 'photovoltaic', 'plant:output:electricity': 'yes', 'plant:source': 'solar', 'power': 'plant'}"
1072674506,way,Unknown,,,,,48.3491682,36.3943146,"{'landuse': 'industrial', 'power': 'plant'}"
1072674511,way,Unknown,,,,,48.3394692,36.4064725,"{'landuse': 'industrial', 'power': 'plant'}"
1073028034,way,Unknown,,,,,49.6380539,29.9230767,"{'plant:method': 'photovoltaic', 'plant:source': 'solar', 'power': 'plant'}"
1079408895,way,Unknown,,,,,50.3029648,30.0625832,"{'landuse': 'industrial', 'power': 'plant'}"
1080580332,way,Високопільська СЕС,,,,,47.4943771,33.5381569,"{'name': 'Високопільська СЕС', 'name:uk': 'Високопільська СЕС', 'plant:method': 'photovoltaic', 'plant:output:electricity': '4 MW', 'plant:source': 'solar', 'power': 'plant', 'website': 'https://www.energo.ua/ua/assets/2_stage_vysokopilska_pv_plant'}"
1081676733,way,Unknown,,,,,44.9538577,34.1305659,"{'landuse': 'industrial', 'power': 'plant'}"
1082591520,way,Unknown,,,,,50.1715519,27.1073727,"{'plant:method': 'photovoltaic', 'plant:output:electricity': 'yes', 'plant:source': 'solar', 'power': 'plant'}"
1084245329,way,РЕС,,,,,49.2889043,38.916976,"{'landuse': 'industrial', 'name': 'РЕС', 'name:uk': 'РЕС', 'power': 'plant'}"
1086694449,way,Unknown,,,,,49.0285692,24.8631674,"{'plant:method': 'photovoltaic', 'plant:output:electricity': 'yes', 'plant:source': 'solar', 'power': 'plant'}"
1089876399,way,Unknown,,,,,48.2927095,35.2130669,"{'plant:method': 'photovoltaic', 'plant:output:electricity': 'yes', 'plant:source': 'solar', 'power': 'plant'}"
1090817738,way,Unknown,,,,,50.9684524,28.6364038,"{'plant:method': 'photovoltaic', 'plant:output:electricity': 'yes', 'plant:source': 'solar', 'power': 'plant'}"
1091609365,way,Unknown,,,,,50.6446154,30.4250688,"{'plant:method': 'photovoltaic', 'plant:output:electricity': 'yes', 'plant:source': 'solar', 'power': 'plant'}"
1091609366,way,Unknown,,,,,50.6443687,30.4247697,"{'plant:method': 'photovoltaic', 'plant:output:electricity': 'yes', 'plant:source': 'solar', 'power': 'plant'}"
1091707245,way,Unknown,,,,,49.5713921,25.6856469,"{'plant:method': 'photovoltaic', 'plant:output:electricity': 'yes', 'plant:source': 'solar', 'power': 'plant'}"
1092741934,way,Unknown,,,,,46.6312044,31.0933006,"{'barrier': 'fence', 'plant:method': 'photovoltaic', 'plant:output:electricity': 'yes', 'plant:source': 'solar', 'power': 'plant'}"
1093925515,way,СЕС Тайглаш 8 черга,,,,,48.4911756,22.237148,"{'landuse': 'industrial', 'name': 'СЕС Тайглаш 8 черга', 'name:uk': 'СЕС Тайглаш 8 черга', 'plant:method': 'photovoltaic', 'plant:output:electricity': '2.27 MW', 'plant:source': 'solar', 'power': 'plant', 'source': 'https://www.energo.ua/ua/assets/pv_plant_tayhlash_8_stage'}"
1100550477,way,Unknown,,,,,48.8764825,23.8963918,"{'plant:method': 'wind_turbine', 'plant:output:electricity': 'yes', 'plant:source': 'wind', 'power': 'plant'}"
1100550478,way,Unknown,,,,,48.8752406,23.89092,"{'plant:method': 'wind_turbine', 'plant:output:electricity': 'yes', 'plant:source': 'wind', 'power': 'plant'}"
1100550479,way,Unknown,,,,,48.8742739,23.8880984,"{'plant:method': 'wind_turbine', 'plant:output:electricity': 'yes', 'plant:source': 'wind', 'power': 'plant'}"
1100953646,way,СЕС «Веряця»,,,,,48.146471,23.1702901,"{'barrier': 'fence', 'landuse': 'industrial', 'name': 'СЕС «Веряця»', 'name:uk': 'СЕС «Веряця»', 'plant:method': 'photovoltaic', 'plant:output:electricity': 'yes', 'plant:source': 'solar', 'power': 'plant'}"
1110199007,way,Unknown,,,,,46.7414556,33.3798627,"{'plant:method': 'photovoltaic', 'plant:output:electricity': 'yes', 'plant:source': 'solar', 'power': 'plant'}"
1112078021,way,Грп,,,,,47.6871819,34.8274853,"{'landuse': 'industrial', 'name': 'Грп', 'name:uk': 'Грп', 'operator': 'Дніпропетровськгаз', 'plant:method': 'combustion', 'plant:output:electricity': 'yes', 'plant:source': 'gas', 'power': 'plant'}"
1113293954,way,Unknown,,,,,48.8434386,24.1710208,"{'plant:method': 'photovoltaic', 'plant:output:electricity': 'yes', 'plant:source': 'solar', 'power': 'plant'}"
1119496943,way,Unknown,,,,,48.6542173,37.6734246,"{'landuse': 'industrial', 'power': 'plant'}"
1119681992,way,Unknown,,,,,48.6747456,37.6161692,"{'landuse': 'industrial', 'power': 'plant'}"
1120973432,way,Unknown,,,,,49.8897127,29.3297079,"{'plant:output:electricity': 'yes', 'plant:source': 'solar', 'power': 'plant'}"
1126014334,way,Unknown,,,,,48.4047066,22.5444993,"{'barrier': 'fence', 'landuse': 'industrial', 'plant:method': 'photovoltaic', 'plant:output:electricity': 'yes', 'plant:source': 'solar', 'power': 'plant'}"
1126786242,way,Unknown,,,,,48.3472132,37.211361,"{'landuse': 'industrial', 'power': 'plant'}"
1126786243,way,Unknown,,,,,48.3566248,37.2036672,"{'landuse': 'industrial', 'power': 'plant'}"
1126786244,way,Unknown,,,,,48.3462512,37.212916,"{'landuse': 'industrial', 'power': 'plant'}"
1127622260,way,Котельня,,,,,51.3053794,27.0675204,"{'addr:housenumber': '32', 'addr:postcode': '34240', 'addr:street': 'Соборна вулиця', 'building': 'yes', 'landuse': 'industrial', 'name': 'Котельня', 'name:uk': 'Котельня', 'power': 'plant'}"
1128012459,way,Центральний тепловий пункт,,,,,51.3078744,27.0672382,"{'building': 'yes', 'landuse': 'industrial', 'name': 'Центральний тепловий пункт', 'name:uk': 'Центральний тепловий пункт', 'power': 'plant'}"
1128460093,way,Бориславська СЕС,,,,,49.308445,23.4301056,"{'landuse': 'industrial', 'name': 'Бориславська СЕС', 'name:uk': 'Бориславська СЕС', 'plant:method': 'photovoltaic', 'plant:output:electricity': '8.5 MW', 'plant:source': 'solar', 'power': 'plant', 'start_date': '2019'}"
1131108444,way,СЕС «Виноградів»,,,,,48.1318912,23.0447738,"{'landuse': 'industrial', 'name': 'СЕС «Виноградів»', 'name:uk': 'СЕС «Виноградів»', 'plant:method': 'photovoltaic', 'plant:output:electricity': 'yes', 'plant:source': 'solar', 'power': 'plant'}"
1131857064,way,Unknown,,,,,48.9124312,31.8052529,"{'landuse': 'industrial', 'power': 'plant'}"
1132993951,way,Unknown,,,,,50.2836841,27.2930214,"{'plant:method': 'photovoltaic', 'plant:output:electricity': 'yes', 'plant:source': 'solar', 'power': 'plant'}"
1134084460,way,Unknown,,,,,46.754119,32.9068382,"{'plant:method': 'photovoltaic', 'plant:output:electricity': 'yes', 'plant:source': 'solar', 'power': 'plant'}"
1136576316,way,Unknown,,,,,48.1191431,22.6679546,"{'plant:method': 'photovoltaic', 'plant:output:electricity': 'yes', 'plant:source': 'solar', 'power': 'plant'}"
1148224775,way,Unknown,,,,,48.5915075,35.2931322,"{'plant:method': 'photovoltaic', 'plant:output:electricity': 'yes', 'plant:source': 'solar', 'power': 'plant'}"
1148224776,way,Unknown,,,,,48.5914121,35.2932035,"{'plant:method': 'photovoltaic', 'plant:output:electricity': 'yes', 'plant:source': 'solar', 'power': 'plant'}"
1148224777,way,Unknown,,,,,48.5913183,35.293262,"{'plant:method': 'photovoltaic', 'plant:output:electricity': 'yes', 'plant:source': 'solar', 'power': 'plant'}"
1152896833,way,Unknown,,,,,50.3192316,31.0382746,"{'plant:source': 'solar', 'power': 'plant'}"
1152896836,way,Unknown,,,,,50.319075,31.0415102,"{'plant:source': 'solar', 'power': 'plant'}"
1156325226,way,Unknown,,,,,49.3466406,28.7177243,"{'landuse': 'industrial', 'power': 'plant'}"
1156787468,way,Unknown,,,,,47.6048545,34.3647576,"{'landuse': 'industrial', 'plant:method': 'photovoltaic', 'plant:output:electricity': 'yes', 'plant:source': 'solar', 'power': 'plant'}"
1156787469,way,Unknown,,,,,47.6078684,34.3668482,"{'landuse': 'industrial', 'plant:method': 'photovoltaic', 'plant:output:electricity': 'yes', 'plant:source': 'solar', 'power': 'plant'}"
1156787470,way,Unknown,,,,,47.6085899,34.3603254,"{'landuse': 'industrial', 'plant:method': 'photovoltaic', 'plant:output:electricity': 'yes', 'plant:source': 'solar', 'power': 'plant'}"
1156787471,way,Unknown,,,,,47.6013256,34.4108492,"{'landuse': 'industrial', 'plant:method': 'photovoltaic', 'plant:output:electricity': 'yes', 'plant:source': 'solar', 'power': 'plant'}"
1156787472,way,Unknown,,,,,47.59329,34.4052151,"{'landuse': 'industrial', 'plant:method': 'photovoltaic', 'plant:output:electricity': 'yes', 'plant:source': 'solar', 'power': 'plant'}"
1156796995,way,Unknown,,,,,47.7913364,35.244141,"{'landuse': 'industrial', 'plant:method': 'photovoltaic', 'plant:output:electricity': 'yes', 'plant:source': 'solar', 'power': 'plant'}"
1158712794,way,Unknown,,,,,48.5847793,24.6182683,"{'plant:method': 'photovoltaic', 'plant:output:electricity': 'yes', 'plant:source': 'solar', 'power': 'plant'}"
1161207651,way,Unknown,,,,,49.5107816,26.7665656,"{'plant:method': 'photovoltaic', 'plant:output:electricity': 'yes', 'plant:source': 'solar', 'power': 'plant'}"
1161989217,way,Unknown,,,,,47.670557,34.1093143,"{'plant:source': 'solar', 'power': 'plant'}"
1161989246,way,Unknown,,,,,47.6452461,34.1395643,"{'plant:source': 'solar', 'power': 'plant'}"
1163642028,way,Котельная энергорайона №2,,,,,44.5795141,33.514814,"{'landuse': 'industrial', 'name': 'Котельная энергорайона №2', 'name:ru': 'Котельная энергорайона №2', 'plant:method': 'combustion', 'plant:output:hot_water': 'yes', 'power': 'plant'}"
1164601006,way,Unknown,,,,,50.1260963,31.538127,"{'landuse': 'industrial', 'plant:output:electricity': 'yes', 'plant:source': 'solar', 'power': 'plant'}"
1164747881,way,Unknown,,,,,48.937797,24.052005,"{'plant:method': 'photovoltaic', 'plant:output:electricity': 'yes', 'plant:source': 'solar', 'power': 'plant'}"
1167387660,way,Unknown,,,,,49.0679653,27.7266301,"{'note': 'на Гугл картах видна.', 'plant:method': 'photovoltaic', 'plant:output:electricity': 'yes', 'plant:source': 'solar', 'power': 'plant'}"
1168917981,way,Unknown,,,,,46.7265807,32.2864046,"{'plant:method': 'photovoltaic', 'plant:output:electricity': 'yes', 'plant:source': 'solar', 'power': 'plant'}"
1173065252,way,Unknown,,,,,47.933625,37.6469352,"{'building:levels': '1', 'landuse': 'industrial', 'plant:source': 'gas', 'power': 'plant', 'roof:colour': '#999999', 'roof:shape': 'hipped'}"
1175859845,way,Unknown,,,,,46.7814669,32.0846881,"{'plant:method': 'photovoltaic', 'plant:output:electricity': 'yes', 'plant:source': 'solar', 'power': 'plant'}"
1178016878,way,ЧОРНОМОРСЬКА СЕС,,,,,46.3095126,30.637637,"{'name': 'ЧОРНОМОРСЬКА СЕС', 'name:uk': 'ЧОРНОМОРСЬКА СЕС', 'plant:method': 'photovoltaic', 'plant:output:electricity': 'yes', 'plant:source': 'solar', 'power': 'plant'}"
1180957762,way,Unknown,,,,,48.9146305,27.6553871,"{'note': 'на карті Гугл 2023 року ця станція є.', 'plant:method': 'photovoltaic', 'plant:output:electricity': 'yes', 'plant:source': 'solar', 'power': 'plant'}"
1181161933,way,Котельня,,,,,48.2627208,38.2050803,"{'landuse': 'industrial', 'name': 'Котельня', 'name:uk': 'Котельня', 'power': 'plant'}"
1182209727,way,СЕС Ясенівка,,,,,49.1344673,26.766378,"{'name': 'СЕС Ясенівка', 'name:uk': 'СЕС Ясенівка', 'plant:output:electricity': 'yes', 'plant:source': 'solar', 'power': 'plant'}"
1182965614,way,Unknown,,,,,46.7691679,32.3989015,"{'plant:method': 'photovoltaic', 'plant:output:electricity': 'yes', 'plant:source': 'solar', 'power': 'plant'}"
1182969233,way,Unknown,,,,,46.7739637,32.3928017,"{'plant:method': 'photovoltaic', 'plant:output:electricity': 'yes', 'plant:source': 'solar', 'power': 'plant'}"
1183616086,way,Unknown,,,,,48.5943676,35.3299593,"{'plant:method': 'photovoltaic', 'plant:output:electricity': 'yes', 'plant:source': 'solar', 'power': 'plant'}"
1183616087,way,Unknown,,,,,48.5944495,35.3299684,"{'plant:method': 'photovoltaic', 'plant:output:electricity': 'yes', 'plant:source': 'solar', 'power': 'plant'}"
1183623242,way,Unknown,,,,,48.5964838,35.3311308,"{'plant:method': 'photovoltaic', 'plant:output:electricity': 'yes', 'plant:source': 'solar', 'power': 'plant'}"
1183729193,way,Unknown,,,,,48.2614134,28.8681085,"{'plant:method': 'photovoltaic', 'plant:output:electricity': 'yes', 'plant:source': 'solar', 'power': 'plant'}"
1184225003,way,СЕС Миколаївка,,,,,47.0916695,34.2339352,"{'name': 'СЕС Миколаївка', 'name:uk': 'СЕС Миколаївка', 'operator': 'ООО ""РЕНДЖИ ТРОСТЯНЕЦЬ""', 'plant:method': 'photovoltaic', 'plant:output:electricity': '5.76 MW', 'plant:source': 'solar', 'power': 'plant', 'start_date': '2017-04'}"
1184245147,way,Котельня,,,,,48.0173763,38.7552156,"{'landuse': 'industrial', 'name': 'Котельня', 'name:uk': 'Котельня', 'power': 'plant'}"
1185866479,way,СЕС Королево,,,,,48.1558898,23.151108,"{'landuse': 'industrial', 'name': 'СЕС Королево', 'name:uk': 'СЕС Королево', 'plant:method': 'photovoltaic', 'plant:output:electricity': 'yes', 'plant:source': 'solar', 'power': 'plant'}"
1186193112,way,СЕС Станція Солар-Січ,,,,,47.308897,35.2291348,"{'name': 'СЕС Станція Солар-Січ', 'name:uk': 'СЕС Станція Солар-Січ', 'operator': 'ООО ""Станція Солар-Січ""', 'plant:method': 'photovoltaic', 'plant:output:electricity': '9.99 MW', 'plant:source': 'solar', 'power': 'plant', 'start_date': '2019-05'}"
1188941381,way,Unknown,,,,,46.4726289,33.8879057,"{'plant:method': 'photovoltaic', 'plant:output:electricity': 'yes', 'plant:source': 'solar', 'power': 'plant'}"
1188941382,way,Unknown,,,,,46.4705272,33.8857482,"{'plant:method': 'photovoltaic', 'plant:output:electricity': 'yes', 'plant:source': 'solar', 'power': 'plant'}"
1190788570,way,СЕС Дашів,,,,,49.020113,29.4140536,"{'name': 'СЕС Дашів', 'name:uk': 'СЕС Дашів', 'operator': 'KNESS Group', 'plant:method': 'photovoltaic', 'plant:output:electricity': '10 MW', 'plant:source': 'solar', 'power': 'plant'}"
1194064015,way,Unknown,,,,,47.5816139,31.3524084,"{'barrier': 'fence', 'fence_type': 'chain_link', 'height': '2', 'material': 'metal', 'plant:method': 'photovoltaic', 'plant:output:electricity': 'yes', 'plant:source': 'solar', 'power': 'plant'}"
1196119331,way,Unknown,,,,,47.5648183,31.367645,"{'barrier': 'fence', 'fence_type': 'chain_link', 'height': '2', 'plant:method': 'photovoltaic', 'plant:output:electricity': 'yes', 'plant:source': 'solar', 'power': 'plant'}"
1197980465,way,Студениківська ФЕС,,,,,50.1865553,31.6493095,"{'addr:housenumber': 'Студениківська вулиця', 'addr:street': '46', 'name': 'Студениківська ФЕС', 'name:uk': 'Студениківська ФЕС', 'operator': 'ТОВ ""Пелском""', 'plant:method': 'photovoltaic', 'plant:output:electricity': '15 MW', 'plant:source': 'solar', 'power': 'plant'}"
1201736954,way,Unknown,,,,,51.5651569,33.4236512,"{'generator:method': 'photovoltaic', 'plant:source': 'solar', 'power': 'plant'}"
1203383002,way,БіоТЕС АФ Чкалова 1 черга,,,,,48.9062444,31.7464837,"{'barrier': 'fence', 'name': 'БіоТЕС АФ Чкалова 1 черга', 'name:uk': 'БіоТЕС АФ Чкалова 1 черга', 'operator': 'ТОВ ""АГРОФІРМА ІМ. ЧКАЛОВА""', 'plant:method': 'combustion', 'plant:output:electricity': '6MW', 'plant:source': 'biogas', 'power': 'plant', 'start_date': '08.2020'}"
1205044237,way,Тисмениця-1,,,,,48.9192266,24.8348964,"{'addr:housenumber': '65', 'name': 'Тисмениця-1', 'operator': 'ПВКФ ""В. С. К.""', 'plant:method': 'photovoltaic', 'plant:output:electricity': 'yes', 'plant:source': 'solar', 'power': 'plant', 'start_date': '2020'}"
1208533060,way,Unknown,,,,,48.4183767,22.7377876,"{'landuse': 'industrial', 'power': 'plant'}"
1209470691,way,Unknown,,,,,48.9658643,33.2183218,"{'plant:source': 'solar', 'power': 'plant'}"
1211768009,way,Красношурська Міні ГЕС,,,,,48.2345471,23.9155878,"{'name': 'Красношурська Міні ГЕС', 'name:uk': 'Красношурська Міні ГЕС', 'plant:output:electricity': 'yes', 'plant:source': 'hydro', 'power': 'plant'}"
1212601536,way,Unknown,,,,,49.8286885,24.0489565,"{'landuse': 'industrial', 'power': 'plant'}"
1212603666,way,Unknown,,,,,50.4429029,29.8202774,"{'plant:method': 'photovoltaic', 'plant:output:electricity': 'yes', 'plant:source': 'solar', 'power': 'plant'}"
1213719880,way,Unknown,,,,,48.4541627,22.7035672,"{'landuse': 'industrial', 'power': 'plant'}"
1216424566,way,Unknown,,,,,49.2925297,29.0005334,"{'plant:method': 'photovoltaic', 'plant:output:electricity': 'yes', 'plant:source': 'solar', 'power': 'plant'}"
1217895115,way,Unknown,,,,,48.9519566,24.6671971,"{'plant:method': 'photovoltaic', 'plant:output:electricity': 'yes', 'plant:source': 'solar', 'power': 'plant'}"
1223419324,way,Unknown,,,,,48.6636467,23.5874315,"{'plant:method': 'photovoltaic', 'plant:output:electricity': 'yes', 'plant:source': 'solar', 'power': 'plant'}"
1231642726,way,Unknown,,,,,48.0605517,37.9176808,"{'landuse': 'industrial', 'power': 'plant'}"
1237270926,way,Unknown,,,,,49.025263,24.8539343,"{'plant:method': 'photovoltaic', 'plant:output:electricity': 'yes', 'plant:source': 'solar', 'power': 'plant'}"
1242586502,way,Unknown,,,,,48.6665064,31.6436248,"{'plant:method': 'photovoltaic', 'plant:output:electricity': 'yes', 'plant:source': 'solar', 'power': 'plant'}"
1245488082,way,Unknown,,,,,49.8649623,27.5712701,"{'plant:method': 'photovoltaic', 'plant:output:electricity': 'yes', 'plant:source': 'solar', 'power': 'plant'}"
1245515064,way,Unknown,,,,,50.3831096,30.9279942,"{'plant:method': 'photovoltaic', 'plant:output:electricity': 'yes', 'plant:source': 'solar', 'power': 'plant'}"
1245657854,way,Unknown,,,,,48.1911918,31.5814364,"{'plant:method': 'photovoltaic', 'plant:output:electricity': 'yes', 'plant:source': 'solar', 'power': 'plant'}"
1246128233,way,Unknown,,,,,49.2428121,27.1481635,"{'barrier': 'fence', 'plant:source': 'solar', 'power': 'plant'}"
1248172535,way,Unknown,,,,,48.2308647,29.346085,"{'plant:method': 'photovoltaic', 'plant:source': 'solar', 'power': 'plant'}"
1252006509,way,"ТОВ ""Орівська ВЕС""",,,,,49.203293,23.5452354,"{'landuse': 'industrial', 'name': 'ТОВ ""Орівська ВЕС""', 'name:en': 'Oriv Windpark, Ltd', 'name:uk': 'ТОВ ""Орівська ВЕС""', 'plant:method': 'wind_turbine', 'plant:output:electricity': '54 MW', 'plant:source': 'wind', 'power': 'plant', 'start_date': '2023', 'website': 'https://www.owes.com.ua/'}"
1252081004,way,СЕС Тер Сан Енерджі,,,,,49.5497449,25.8832302,"{'name': 'СЕС Тер Сан Енерджі', 'operator': 'ТОВ ""Тер Сан Енерджі""', 'plant:method': 'photovoltaic', 'plant:output:electricity': '1 352.34 kW', 'plant:source': 'solar', 'power': 'plant', 'start_date': '2019'}"
1254082670,way,ШРП,,,,,49.1324017,26.5602596,"{'landuse': 'industrial', 'name': 'ШРП', 'name:uk': 'ШРП', 'plant:method': 'combustion', 'plant:output:electricity': 'yes', 'plant:source': 'gas', 'power': 'plant'}"
1256570720,way,Unknown,,,,,49.9365085,27.811491,"{'plant:method': 'photovoltaic', 'plant:output:electricity': 'yes', 'plant:source': 'solar', 'power': 'plant'}"
1256654509,way,Unknown,,,,,48.774777,31.7944491,"{'plant:method': 'photovoltaic', 'plant:output:electricity': 'yes', 'plant:source': 'solar', 'power': 'plant'}"
1257928567,way,Unknown,,,,,50.8137672,30.3089296,"{'plant:method': 'photovoltaic', 'plant:output:electricity': 'yes', 'plant:source': 'solar', 'power': 'plant'}"
1257928568,way,Unknown,,,,,50.8143573,30.3121746,"{'plant:method': 'photovoltaic', 'plant:output:electricity': 'yes', 'plant:source': 'solar', 'power': 'plant'}"
1258432506,way,Unknown,,,,,48.4343626,29.5586461,"{'plant:method': 'photovoltaic', 'plant:output:electricity': 'yes', 'plant:source': 'solar', 'power': 'plant'}"
1258959617,way,ШРП,,,,,49.1662814,26.5518356,"{'landuse': 'industrial', 'name': 'ШРП', 'name:uk': 'ШРП', 'plant:method': 'combustion', 'plant:output:electricity': 'yes', 'plant:source': 'gas', 'power': 'plant'}"
1258959618,way,ШРП,,,,,49.1587508,26.5570352,"{'landuse': 'industrial', 'name': 'ШРП', 'name:uk': 'ШРП', 'plant:method': 'combustion', 'plant:output:electricity': 'yes', 'plant:source': 'gas', 'power': 'plant'}"
1258959619,way,ШРП,,,,,49.1629397,26.5666948,"{'landuse': 'industrial', 'name': 'ШРП', 'name:uk': 'ШРП', 'plant:method': 'combustion', 'plant:output:electricity': 'yes', 'plant:source': 'gas', 'power': 'plant'}"
1258959620,way,ГРП,,,,,49.1553794,26.5658266,"{'landuse': 'industrial', 'name': 'ГРП', 'name:uk': 'ГРП', 'plant:method': 'combustion', 'plant:output:electricity': 'yes', 'plant:source': 'gas', 'power': 'plant'}"
1258959621,way,ШРП,,,,,49.1530532,26.565622,"{'landuse': 'industrial', 'name': 'ШРП', 'name:uk': 'ШРП', 'plant:method': 'combustion', 'plant:output:electricity': 'yes', 'plant:source': 'gas', 'power': 'plant'}"
1258959622,way,ШРП,,,,,49.1510301,26.5659787,"{'landuse': 'industrial', 'name': 'ШРП', 'name:uk': 'ШРП', 'plant:method': 'combustion', 'plant:output:electricity': 'yes', 'plant:source': 'gas', 'power': 'plant'}"
1258959623,way,ШРП,,,,,49.1492067,26.5663131,"{'landuse': 'industrial', 'name': 'ШРП', 'name:uk': 'ШРП', 'plant:method': 'combustion', 'plant:output:electricity': 'yes', 'plant:source': 'gas', 'power': 'plant'}"
1258959624,way,ШРП,,,,,49.1649635,26.5694308,"{'landuse': 'industrial', 'name': 'ШРП', 'name:uk': 'ШРП', 'plant:method': 'combustion', 'plant:output:electricity': 'yes', 'plant:source': 'gas', 'power': 'plant'}"
1258960617,way,ШРП,,,,,49.166433,26.5686661,"{'landuse': 'industrial', 'name': 'ШРП', 'name:uk': 'ШРП', 'plant:method': 'combustion', 'plant:output:electricity': 'yes', 'plant:source': 'gas', 'power': 'plant'}"
1258960619,way,ШРП,,,,,49.1661143,26.5692267,"{'landuse': 'industrial', 'name': 'ШРП', 'name:uk': 'ШРП', 'plant:method': 'combustion', 'plant:output:electricity': 'yes', 'plant:source': 'gas', 'power': 'plant'}"
1258965314,way,ШРП,,,,,49.1670522,26.5703622,"{'landuse': 'industrial', 'name': 'ШРП', 'name:uk': 'ШРП', 'plant:method': 'combustion', 'plant:output:electricity': 'yes', 'plant:source': 'gas', 'power': 'plant'}"
1258965315,way,ШРП,,,,,49.1668084,26.5723015,"{'landuse': 'industrial', 'name': 'ШРП', 'name:uk': 'ШРП', 'plant:method': 'combustion', 'plant:output:electricity': 'yes', 'plant:source': 'gas', 'power': 'plant'}"
1258965316,way,ШРП,,,,,49.17022,26.5733048,"{'landuse': 'industrial', 'name': 'ШРП', 'name:uk': 'ШРП', 'plant:method': 'combustion', 'plant:output:electricity': 'yes', 'plant:source': 'gas', 'power': 'plant'}"
1258965317,way,ШРП,,,,,49.1706045,26.575311,"{'landuse': 'industrial', 'name': 'ШРП', 'name:uk': 'ШРП', 'plant:method': 'combustion', 'plant:output:electricity': 'yes', 'plant:source': 'gas', 'power': 'plant'}"
1258965318,way,ШРП,,,,,49.1705463,26.5772855,"{'landuse': 'industrial', 'name': 'ШРП', 'name:uk': 'ШРП', 'plant:method': 'combustion', 'plant:output:electricity': 'yes', 'plant:source': 'gas', 'power': 'plant'}"
1258965319,way,ШРП,,,,,49.1684106,26.5787021,"{'landuse': 'industrial', 'name': 'ШРП', 'name:uk': 'ШРП', 'plant:method': 'combustion', 'plant:output:electricity': 'yes', 'plant:source': 'gas', 'power': 'plant'}"
1258965320,way,ШРП,,,,,49.1623586,26.5774911,"{'landuse': 'industrial', 'name': 'ШРП', 'name:uk': 'ШРП', 'plant:method': 'combustion', 'plant:output:electricity': 'yes', 'plant:source': 'gas', 'power': 'plant'}"
1258965321,way,ШРП,,,,,49.1578906,26.5792531,"{'landuse': 'industrial', 'name': 'ШРП', 'name:uk': 'ШРП', 'plant:method': 'combustion', 'plant:output:electricity': 'yes', 'plant:source': 'gas', 'power': 'plant'}"
1258965322,way,ГРП,,,,,49.1558349,26.5808327,"{'landuse': 'industrial', 'name': 'ГРП', 'name:uk': 'ГРП', 'plant:method': 'combustion', 'plant:output:electricity': 'yes', 'plant:source': 'gas', 'power': 'plant'}"
1258965323,way,ШРП,,,,,49.1688457,26.582657,"{'landuse': 'industrial', 'name': 'ШРП', 'name:uk': 'ШРП', 'plant:method': 'combustion', 'plant:output:electricity': 'yes', 'plant:source': 'gas', 'power': 'plant'}"
1258965324,way,ШРП,,,,,49.1705006,26.5825781,"{'landuse': 'industrial', 'name': 'ШРП', 'name:uk': 'ШРП', 'plant:method': 'combustion', 'plant:output:electricity': 'yes', 'plant:source': 'gas', 'power': 'plant'}"
1258965325,way,ГРП,,,,,49.176311,26.5594212,"{'landuse': 'industrial', 'name': 'ГРП', 'name:uk': 'ГРП', 'plant:method': 'combustion', 'plant:output:electricity': 'yes', 'plant:source': 'gas', 'power': 'plant'}"
1258965326,way,ШРП,,,,,49.1715207,26.5680708,"{'landuse': 'industrial', 'name': 'ШРП', 'name:uk': 'ШРП', 'plant:method': 'combustion', 'plant:output:electricity': 'yes', 'plant:source': 'gas', 'power': 'plant'}"
1258965327,way,ШРП,,,,,49.1780056,26.5734907,"{'landuse': 'industrial', 'name': 'ШРП', 'name:uk': 'ШРП', 'plant:method': 'combustion', 'plant:output:electricity': 'yes', 'plant:source': 'gas', 'power': 'plant'}"
1258967601,way,ШРП,,,,,49.167,26.5858735,"{'landuse': 'industrial', 'name': 'ШРП', 'name:uk': 'ШРП', 'plant:method': 'combustion', 'plant:output:electricity': 'yes', 'plant:source': 'gas', 'power': 'plant'}"
1258967602,way,ШРП,,,,,49.1687874,26.6024264,"{'landuse': 'industrial', 'name': 'ШРП', 'name:uk': 'ШРП', 'plant:method': 'combustion', 'plant:output:electricity': 'yes', 'plant:source': 'gas', 'power': 'plant'}"
1258967603,way,ШРП,,,,,49.1689911,26.6086888,"{'landuse': 'industrial', 'name': 'ШРП', 'name:uk': 'ШРП', 'plant:method': 'combustion', 'plant:output:electricity': 'yes', 'plant:source': 'gas', 'power': 'plant'}"
1258967604,way,ШРП,,,,,49.16754,26.6074303,"{'landuse': 'industrial', 'name': 'ШРП', 'name:uk': 'ШРП', 'plant:method': 'combustion', 'plant:output:electricity': 'yes', 'plant:source': 'gas', 'power': 'plant'}"
1258967605,way,ШРП,,,,,49.171448,26.6110359,"{'landuse': 'industrial', 'name': 'ШРП', 'name:uk': 'ШРП', 'plant:method': 'combustion', 'plant:output:electricity': 'yes', 'plant:source': 'gas', 'power': 'plant'}"
1258967606,way,ШРП,,,,,49.172144,26.6105629,"{'landuse': 'industrial', 'name': 'ШРП', 'name:uk': 'ШРП', 'plant:method': 'combustion', 'plant:output:electricity': 'yes', 'plant:source': 'gas', 'power': 'plant'}"
1258967607,way,ШРП,,,,,49.1779926,26.6143625,"{'landuse': 'industrial', 'name': 'ШРП', 'name:uk': 'ШРП', 'plant:method': 'combustion', 'plant:output:electricity': 'yes', 'plant:source': 'gas', 'power': 'plant'}"
1258967608,way,ШРП,,,,,49.1591942,26.5888944,"{'landuse': 'industrial', 'name': 'ШРП', 'name:uk': 'ШРП', 'plant:method': 'combustion', 'plant:output:electricity': 'yes', 'plant:source': 'gas', 'power': 'plant'}"
1258967609,way,ШРП,,,,,49.164811,26.5931934,"{'landuse': 'industrial', 'name': 'ШРП', 'name:uk': 'ШРП', 'plant:method': 'combustion', 'plant:output:electricity': 'yes', 'plant:source': 'gas', 'power': 'plant'}"
1258967610,way,ГРП,,,,,49.166455,26.5970109,"{'landuse': 'industrial', 'name': 'ГРП', 'name:uk': 'ГРП', 'plant:method': 'combustion', 'plant:output:electricity': 'yes', 'plant:source': 'gas', 'power': 'plant'}"
1258967611,way,ШРП,,,,,49.1630271,26.6016272,"{'landuse': 'industrial', 'name': 'ШРП', 'name:uk': 'ШРП', 'plant:method': 'combustion', 'plant:output:electricity': 'yes', 'plant:source': 'gas', 'power': 'plant'}"
1258967612,way,ГРП,,,,,49.1599866,26.6011236,"{'landuse': 'industrial', 'name': 'ГРП', 'name:uk': 'ГРП', 'plant:method': 'combustion', 'plant:output:electricity': 'yes', 'plant:source': 'gas', 'power': 'plant'}"
1258967613,way,ШРП,,,,,49.1578689,26.6032523,"{'landuse': 'industrial', 'name': 'ШРП', 'name:uk': 'ШРП', 'plant:method': 'combustion', 'plant:output:electricity': 'yes', 'plant:source': 'gas', 'power': 'plant'}"
1258967614,way,ШРП,,,,,49.1488303,26.6189747,"{'landuse': 'industrial', 'name': 'ШРП', 'name:uk': 'ШРП', 'plant:method': 'combustion', 'plant:output:electricity': 'yes', 'plant:source': 'gas', 'power': 'plant'}"
1258968601,way,ШРП,,,,,49.1068971,26.5777586,"{'landuse': 'industrial', 'name': 'ШРП', 'name:uk': 'ШРП', 'plant:method': 'combustion', 'plant:output:electricity': 'yes', 'plant:source': 'gas', 'power': 'plant'}"
1258968602,way,ШРП,,,,,49.1005836,26.5742339,"{'landuse': 'industrial', 'name': 'ШРП', 'name:uk': 'ШРП', 'plant:method': 'combustion', 'plant:output:electricity': 'yes', 'plant:source': 'gas', 'power': 'plant'}"
1258968603,way,ШРП,,,,,49.0979794,26.5806725,"{'landuse': 'industrial', 'name': 'ШРП', 'name:uk': 'ШРП', 'plant:method': 'combustion', 'plant:output:electricity': 'yes', 'plant:source': 'gas', 'power': 'plant'}"
1258968605,way,ШРП,,,,,49.0941507,26.5813972,"{'landuse': 'industrial', 'name': 'ШРП', 'name:uk': 'ШРП', 'plant:method': 'combustion', 'plant:output:electricity': 'yes', 'plant:source': 'gas', 'power': 'plant'}"
1258972142,way,ШРП,,,,,49.0956652,26.6244644,"{'landuse': 'industrial', 'name': 'ШРП', 'name:uk': 'ШРП', 'plant:method': 'combustion', 'plant:output:electricity': 'yes', 'plant:source': 'gas', 'power': 'plant'}"
1258972143,way,ШРП,,,,,49.0662142,26.5986208,"{'landuse': 'industrial', 'name': 'ШРП', 'name:uk': 'ШРП', 'plant:method': 'combustion', 'plant:output:electricity': 'yes', 'plant:source': 'gas', 'power': 'plant'}"
1258972144,way,ГРП,,,,,49.0648619,26.5880776,"{'landuse': 'industrial', 'name': 'ГРП', 'name:uk': 'ГРП', 'plant:method': 'combustion', 'plant:output:electricity': 'yes', 'plant:source': 'gas', 'power': 'plant'}"
1258972145,way,ШРП,,,,,49.0599146,26.5769228,"{'landuse': 'industrial', 'name': 'ШРП', 'name:uk': 'ШРП', 'plant:method': 'combustion', 'plant:output:electricity': 'yes', 'plant:source': 'gas', 'power': 'plant'}"
1258972146,way,ШРП,,,,,49.0773745,26.5134441,"{'landuse': 'industrial', 'name': 'ШРП', 'name:uk': 'ШРП', 'plant:method': 'combustion', 'plant:output:electricity': 'yes', 'plant:source': 'gas', 'power': 'plant'}"
1258972147,way,ГРП,,,,,49.1113445,26.515443,"{'landuse': 'industrial', 'name': 'ГРП', 'name:uk': 'ГРП', 'plant:method': 'combustion', 'plant:output:electricity': 'yes', 'plant:source': 'gas', 'power': 'plant'}"
1258972148,way,ШРП,,,,,49.1072573,26.5095098,"{'landuse': 'industrial', 'name': 'ШРП', 'name:uk': 'ШРП', 'plant:method': 'combustion', 'plant:output:electricity': 'yes', 'plant:source': 'gas', 'power': 'plant'}"
1258972149,way,ШРП,,,,,49.1066678,26.5003091,"{'landuse': 'industrial', 'name': 'ШРП', 'name:uk': 'ШРП', 'plant:method': 'combustion', 'plant:output:electricity': 'yes', 'plant:source': 'gas', 'power': 'plant'}"
1258972150,way,ШРП,,,,,49.1603375,26.4657019,"{'landuse': 'industrial', 'name': 'ШРП', 'name:uk': 'ШРП', 'plant:method': 'combustion', 'plant:output:electricity': 'yes', 'plant:source': 'gas', 'power': 'plant'}"
1258972151,way,ГРП,,,,,49.1687282,26.4574131,"{'landuse': 'industrial', 'name': 'ГРП', 'name:uk': 'ГРП', 'plant:method': 'combustion', 'plant:output:electricity': 'yes', 'plant:source': 'gas', 'power': 'plant'}"
1258972152,way,ШРП,,,,,49.1712164,26.456221,"{'landuse': 'industrial', 'name': 'ШРП', 'name:uk': 'ШРП', 'plant:method': 'combustion', 'plant:output:electricity': 'yes', 'plant:source': 'gas', 'power': 'plant'}"
1258972154,way,ГРП,,,,,49.1760227,26.45559,"{'landuse': 'industrial', 'name': 'ГРП', 'name:uk': 'ГРП', 'plant:method': 'combustion', 'plant:output:electricity': 'yes', 'plant:source': 'gas', 'power': 'plant'}"
1258976303,way,ШРП,,,,,49.1832534,26.4538772,"{'landuse': 'industrial', 'name': 'ШРП', 'name:uk': 'ШРП', 'plant:method': 'combustion', 'plant:output:electricity': 'yes', 'plant:source': 'gas', 'power': 'plant'}"
1258976304,way,ШРП,,,,,49.1945401,26.4742619,"{'landuse': 'industrial', 'name': 'ШРП', 'name:uk': 'ШРП', 'plant:method': 'combustion', 'plant:output:electricity': 'yes', 'plant:source': 'gas', 'power': 'plant'}"
1258976305,way,ГРП,,,,,49.1962253,26.4887344,"{'landuse': 'industrial', 'name': 'ГРП', 'name:uk': 'ГРП', 'plant:method': 'combustion', 'plant:output:electricity': 'yes', 'plant:source': 'gas', 'power': 'plant'}"
1258976306,way,ШРП,,,,,49.2097337,26.4877823,"{'landuse': 'industrial', 'name': 'ШРП', 'name:uk': 'ШРП', 'plant:method': 'combustion', 'plant:output:electricity': 'yes', 'plant:source': 'gas', 'power': 'plant'}"
1258976307,way,ГРП,,,,,49.2072888,26.5434289,"{'landuse': 'industrial', 'name': 'ГРП', 'name:uk': 'ГРП', 'plant:method': 'combustion', 'plant:output:electricity': 'yes', 'plant:source': 'gas', 'power': 'plant'}"
1264601469,way,Unknown,,,,,49.6320954,34.5345506,"{'landuse': 'industrial', 'power': 'plant'}"
1265770852,way,Unknown,,,,,50.1096403,30.3712088,"{'landuse': 'industrial', 'power': 'plant'}"
1268508296,way,Unknown,,,,,49.0169349,24.9117112,"{'plant:method': 'photovoltaic', 'plant:output:electricity': 'yes', 'plant:source': 'solar', 'power': 'plant'}"
1268508297,way,Unknown,,,,,49.0167277,24.913465,"{'plant:method': 'photovoltaic', 'plant:output:electricity': 'yes', 'plant:source': 'solar', 'power': 'plant'}"
1268508299,way,Unknown,,,,,49.0179773,24.9121982,"{'plant:method': 'photovoltaic', 'plant:output:electricity': 'yes', 'plant:source': 'solar', 'power': 'plant'}"
1269409622,way,руины котельной,,,,,45.5082212,34.3857993,"{'landuse': 'industrial', 'name': 'руины котельной', 'power': 'plant'}"
1269832379,way,Unknown,,,,,49.3493192,27.1572097,"{'plant:source': 'solar', 'power': 'plant'}"
1272075187,way,Unknown,,,,,46.9936683,32.8355009,"{'plant:method': 'photovoltaic', 'plant:output:electricity': 'yes', 'plant:source': 'solar', 'power': 'plant'}"
1272975165,way,Unknown,,,,,46.9833402,32.1036324,"{'landuse': 'industrial', 'plant:source': 'solar', 'power': 'plant'}"
1275370779,way,Unknown,,,,,48.2127857,25.908297,"{'plant:method': 'photovoltaic', 'plant:output:electricity': 'yes', 'plant:source': 'solar', 'power': 'plant'}"
1275855677,way,Unknown,,,,,48.211255,23.1258252,"{'plant:method': 'photovoltaic', 'plant:output:electricity': 'yes', 'plant:source': 'solar', 'power': 'plant'}"
1275855678,way,Unknown,,,,,48.2114176,23.1256695,"{'plant:method': 'photovoltaic', 'plant:output:electricity': 'yes', 'plant:source': 'solar', 'power': 'plant'}"
1280000726,way,Unknown,,,,,49.3306969,28.3790276,"{'plant:method': 'photovoltaic', 'plant:output:electricity': 'yes', 'plant:source': 'solar', 'power': 'plant'}"
1285539313,way,Unknown,,,,,49.4357505,24.112986,"{'plant:method': 'photovoltaic', 'plant:output:electricity': 'yes', 'plant:source': 'solar', 'power': 'plant'}"
1289436088,way,Unknown,,,,,46.7625916,32.5724986,"{'plant:method': 'photovoltaic', 'plant:output:electricity': 'yes', 'plant:source': 'solar', 'power': 'plant'}"
1291378308,way,Unknown,,,,,49.4637336,32.0139099,"{'landuse': 'industrial', 'power': 'plant'}"
1298236795,way,Unknown,,,,,48.0295917,23.0783941,"{'plant:method': 'photovoltaic', 'plant:output:electricity': 'yes', 'plant:source': 'solar', 'power': 'plant'}"
1302670247,way,Unknown,,,,,49.2873834,23.5299882,"{'landuse': 'industrial', 'power': 'plant'}"
1306972521,way,Горский РЭС,,,,,48.7534169,38.4991166,"{'name': 'Горский РЭС', 'plant:output:electricity': 'yes', 'power': 'plant'}"
1309331458,way,Unknown,,,,,49.9893232,36.3251128,"{'landuse': 'industrial', 'power': 'plant'}"
1314188273,way,Unknown,,,,,49.4996749,28.2047132,"{'landuse': 'industrial', 'plant:output:electricity': 'yes', 'plant:source': 'solar', 'power': 'plant'}"
1315342769,way,Unknown,,,,,48.492386,27.5605935,"{'landuse': 'industrial', 'plant:source': 'solar', 'power': 'plant'}"
1316348152,way,Unknown,,,,,48.7135091,29.6306374,"{'plant:method': 'photovoltaic', 'plant:output:electricity': 'yes', 'plant:source': 'solar', 'power': 'plant'}"
1316348158,way,Unknown,,,,,48.71007,29.6368773,"{'plant:method': 'photovoltaic', 'plant:output:electricity': 'yes', 'plant:source': 'solar', 'power': 'plant'}"
1316829090,way,СЕС «Петрово»,,,,,48.0473936,22.9345437,"{'landuse': 'industrial', 'name': 'СЕС «Петрово»', 'name:uk': 'СЕС «Петрово»', 'plant:method': 'photovoltaic', 'plant:output:electricity': 'yes', 'plant:source': 'solar', 'power': 'plant'}"
1318345537,way,Unknown,,,,,49.5847373,34.5366573,"{'building': 'yes', 'industrial': 'heating_station', 'power': 'plant'}"
1324989205,way,Unknown,,,,,45.3520579,28.838458,"{'fixme': 'Перемалювати геометрію з появлю свіжішіх знимків', 'landuse': 'industrial', 'plant:method': 'combustion', 'plant:output:hot_water': 'yes', 'plant:source': 'biomass', 'power': 'plant', 'source': 'https://yug.today/izmail-na-shliakhu-do-enerhonezalezhnosti-u-miskiy-tsentralniy-likarni-rozbudovano-rezervnu-kotelniu-na-tverdomu-palyvi/', 'start_date': '2024'}"
1329859166,way,Unknown,,,,,46.9631729,31.9527925,"{'landuse': 'industrial', 'plant:output:hot_water': 'yes', 'power': 'plant'}"
1329859167,way,Unknown,,,,,46.9561967,31.9520597,"{'landuse': 'industrial', 'plant:output:hot_water': 'yes', 'power': 'plant'}"
1329859168,way,Unknown,,,,,46.9523435,31.9534957,"{'landuse': 'industrial', 'plant:output:hot_water': 'yes', 'power': 'plant'}"
1331916061,way,Unknown,,,,,49.5450755,34.5138888,"{'building': 'industrial', 'building:colour': '#D4D38F', 'building:levels': '1', 'height': '3', 'landuse': 'industrial', 'plant:method': 'combustion', 'plant:output:electricity': 'no', 'plant:output:hot_water': 'yes', 'plant:source': 'gas', 'plant:type': 'combined_cycle', 'power': 'plant', 'roof:colour': 'grey'}"
1333441466,way,Unknown,,,,,48.7144974,31.9399059,"{'plant:source': 'solar', 'power': 'plant'}"
1333441467,way,Unknown,,,,,48.7150766,31.9387408,"{'plant:source': 'solar', 'power': 'plant'}"
1333494361,way,Unknown,,,,,47.0145048,31.9253358,"{'landuse': 'industrial', 'plant:method': 'combustion', 'plant:output:electricity': 'yes', 'plant:output:hot_air': 'yes', 'plant:output:hot_water': 'yes', 'plant:source': 'coal', 'power': 'plant'}"
1335076205,way,Unknown,,,,,47.0117717,32.644431,"{'landuse': 'industrial', 'plant:output:hot_water': 'yes', 'power': 'plant'}"
1335733621,way,Unknown,,,,,46.9696397,31.9721981,"{'landuse': 'industrial', 'plant:output:hot_water': 'yes', 'power': 'plant'}"
1335957863,way,Unknown,,,,,46.9879794,32.0024068,"{'landuse': 'industrial', 'plant:output:hot_water': 'yes', 'power': 'plant'}"
1335957864,way,Unknown,,,,,46.9781928,31.9873806,"{'landuse': 'industrial', 'plant:output:hot_air': 'yes', 'plant:output:hot_water': 'yes', 'power': 'plant'}"
1336778094,way,Unknown,,,,,46.9656625,31.9523725,"{'landuse': 'industrial', 'plant:output:hot_water': 'yes', 'power': 'plant'}"
1337552101,way,Unknown,,,,,48.2094604,31.7638117,"{'plant:method': 'photovoltaic', 'plant:output:electricity': 'yes', 'plant:source': 'solar', 'power': 'plant'}"
1337552102,way,Unknown,,,,,48.2084625,31.7646995,"{'plant:method': 'photovoltaic', 'plant:output:electricity': 'yes', 'plant:source': 'solar', 'power': 'plant'}"
1339051970,way,Unknown,,,,,48.8177582,24.7817658,"{'plant:method': 'photovoltaic', 'plant:output:electricity': 'yes', 'plant:source': 'solar', 'power': 'plant'}"
1342740636,way,Unknown,,,,,49.2822864,38.9049241,"{'landuse': 'industrial', 'power': 'plant'}"
1349459142,way,Unknown,,,,,49.2896913,27.0411998,"{'landuse': 'industrial', 'plant:source': 'solar', 'power': 'plant'}"
1354038033,way,котельная,,,,,47.763992,34.8537382,"{'landuse': 'industrial', 'name': 'котельная', 'plant:method': 'combustion', 'plant:output:electricity': 'yes', 'plant:source': 'gas', 'power': 'plant'}"
1355198401,way,Unknown,,,,,49.8388852,27.3274827,"{'barrier': 'fence', 'landuse': 'industrial', 'plant:source': 'solar', 'power': 'plant'}"
1356391688,way,Котельная,,,,,48.4606602,36.0358425,"{'landuse': 'industrial', 'name': 'Котельная', 'operator': 'Богуславська загальноосвітня школа', 'power': 'plant'}"
1358535205,way,Котельна,,,,,48.2939178,37.2632766,"{'landuse': 'industrial', 'name': 'Котельна', 'power': 'plant'}"
1361251872,way,СЕС «Шаланки-3»,,,,,48.2011041,22.8805794,"{'landuse': 'industrial', 'name': 'СЕС «Шаланки-3»', 'name:uk': 'СЕС «Шаланки-3»', 'plant:method': 'photovoltaic', 'plant:output:electricity': '30 MW', 'plant:source': 'solar', 'power': 'plant', 'source': 'Cadastre'}"
1367962158,way,Unknown,,,,,49.4738517,26.4122808,"{'plant:method': 'photovoltaic', 'plant:output:electricity': 'yes', 'plant:source': 'solar', 'power': 'plant', 'start_date': '2018-05-01'}"
1367964114,way,Unknown,,,,,48.9853053,26.4848499,"{'plant:method': 'photovoltaic', 'plant:output:electricity': 'yes', 'plant:source': 'solar', 'power': 'plant'}"
1367965201,way,Unknown,,,,,48.7126403,27.2506401,"{'plant:method': 'photovoltaic', 'plant:output:electricity': 'yes', 'plant:source': 'solar', 'power': 'plant'}"
1368610351,way,Unknown,,,,,50.4378485,28.8482845,"{'plant:source': 'solar', 'power': 'plant'}"
1371943970,way,Unknown,,,,,48.5268887,39.2762491,"{'official_status': 'котельня', 'plant:source': 'gas', 'power': 'plant'}"
1371944114,way,Сонячна,,,,,48.5651508,39.3854848,"{'landuse': 'industrial', 'name': 'Сонячна', 'name:ru': 'Солнечная', 'name:uk': 'Сонячна', 'official_status': 'котельня', 'power': 'plant'}"
1373653464,way,Unknown,,,,,45.3417965,34.916657,"{'landuse': 'industrial', 'power': 'plant'}"
1376987930,way,Unknown,,,,,48.1701874,31.593984,"{'barrier': 'fence', 'plant:source': 'solar', 'power': 'plant'}"
1377722338,way,Unknown,,,,,48.3860062,29.6304558,"{'plant:method': 'photovoltaic', 'plant:output:electricity': 'yes', 'plant:source': 'solar', 'power': 'plant'}"
1378854043,way,Unknown,,,,,48.8675089,24.7473042,"{'frequency': '50', 'plant:method': 'photovoltaic', 'plant:output:electricity': 'yes', 'plant:source': 'solar', 'power': 'plant'}"
1381825546,way,Unknown,,,,,48.9202907,28.4039198,"{'plant:method': 'photovoltaic', 'plant:output:electricity': 'yes', 'plant:source': 'solar', 'power': 'plant'}"
1383767201,way,СЕС Молодіжне,,,,,48.156311,32.6928208,"{'name': 'СЕС Молодіжне', 'name:uk': 'СЕС Молодіжне', 'operator': 'НТЦВЕ ""Альтернатива""', 'plant:method': 'photovoltaic', 'plant:output:electricity': '5 MW', 'plant:source': 'solar', 'power': 'plant', 'start_date': '12.2018'}"
1385143863,way,Березівська ГЕС,,,,,48.167689,30.0373162,"{'building': 'industrial', 'name': 'Березівська ГЕС', 'name:uk': 'Березівська ГЕС', 'operator': 'ТОВ ""Компанія Гідроенерго""', 'plant:method': 'run-of-the-river', 'plant:output:electricity': '330kW', 'plant:source': 'hydro', 'power': 'plant', 'start_date': '2011'}"
1385143864,way,Сальківська ГЕС,,,,,48.2569615,29.9731248,"{'building': 'industrial', 'name': 'Сальківська ГЕС', 'name:uk': 'Сальківська ГЕС', 'operator': 'Фоп Бойко Є.Л', 'plant:method': 'run-of-the-river', 'plant:output:electricity': '200kW', 'plant:source': 'hydro', 'power': 'plant', 'start_date': '2019'}"
1385143875,way,Орловська ГЕС,,,,,48.4696295,30.6550092,"{'building': 'industrial', 'layer': '1', 'name': 'Орловська ГЕС', 'name:uk': 'Орловська ГЕС', 'operator': 'Тов ""Гідроенергоінвест""', 'plant:output:electricity': '184kW', 'plant:source': 'hydro', 'power': 'plant', 'start_date': '2019'}"
1385143877,way,МГЕС Полонисте,,,,,48.4751231,30.5222162,"{'addr:housenumber': '1-А', 'addr:street': 'вулиця Шевченка', 'building': 'industrial', 'layer': '1', 'name': 'МГЕС Полонисте', 'name:uk': 'МГЕС Полонисте', 'operator': 'Тов ""Гідроенергоінвест""', 'plant:output:electricity': '196kW', 'plant:source': 'hydro', 'power': 'plant', 'start_date': '2014'}"
1385143878,way,Перегонівська ГЕС,,,,,48.5156861,30.526245,"{'building': 'industrial', 'layer': '1', 'name': 'Перегонівська ГЕС', 'name:uk': 'Перегонівська ГЕС', 'operator': 'Тов ""Гідроенергоінвест""', 'plant:output:electricity': '196kW', 'plant:source': 'hydro', 'power': 'plant', 'start_date': '2014'}"
1385143880,way,Краснохутірська ГЕС,,,,,48.19292,30.8337869,"{'addr:housenumber': '44', 'landuse': 'industrial', 'name': 'Краснохутірська ГЕС', 'name:uk': 'Краснохутірська ГЕС', 'operator': 'Тов ""Гідроенергоінвест""', 'plant:method': 'water-storage', 'plant:output:electricity': '3585 kW', 'plant:source': 'hydro', 'power': 'plant', 'start_date': '1955', 'wikidata': 'Q4239161'}"
1385143881,way,Лебединська ГЕС,,,,,48.4581094,30.5883321,"{'building': 'industrial', 'layer': '1', 'name': 'Лебединська ГЕС', 'name:uk': 'Лебединська ГЕС', 'operator': 'ПП ""АВКУБІ""', 'plant:output:electricity': '132kW', 'plant:source': 'hydro', 'power': 'plant', 'start_date': '2015'}"
1389468847,way,Unknown,,,,,47.8646319,35.2410201,"{'plant:method': 'photovoltaic', 'plant:output:electricity': 'yes', 'plant:source': 'solar', 'power': 'plant'}"
1393721674,way,Unknown,,,,,48.8579793,31.8544105,"{'plant:method': 'photovoltaic', 'plant:output:electricity': 'yes', 'plant:source': 'solar', 'power': 'plant'}"
1395960854,way,Unknown,,,,,49.402153,24.3034801,"{'plant:method': 'photovoltaic', 'plant:output:electricity': 'yes', 'plant:source': 'solar', 'power': 'plant'}"
1408893283,way,Unknown,,,,,49.4652272,24.1325174,"{'plant:method': 'photovoltaic', 'plant:output:electricity': 'yes', 'plant:source': 'solar', 'power': 'plant'}"
1415417598,way,Давидівська ГЕС,,,,,48.4625546,30.5303311,"{'addr:housenumber': '58-А', 'addr:street': 'вулиця Кайнара', 'name': 'Давидівська ГЕС', 'name:uk': 'Давидівська ГЕС', 'operator': 'Тов ""Гідроенергоінвест""', 'plant:output:electricity': '132kW', 'plant:source': 'hydro', 'power': 'plant', 'start_date': '2016'}"
1416046086,way,Unknown,,,,,49.1761777,26.985957,"{'plant:method': 'photovoltaic', 'plant:source': 'solar', 'power': 'plant'}"
1419317676,way,Unknown,,,,,48.1916258,25.9982979,"{'plant:method': 'photovoltaic', 'plant:output:electricity': 'yes', 'plant:source': 'solar', 'power': 'plant'}"
1420322484,way,Unknown,,,,,46.9717049,31.8948045,"{'landuse': 'industrial', 'plant:source': 'solar', 'power': 'plant'}"
1420746438,way,Unknown,,,,,50.0072281,35.9970849,"{'plant:method': 'photovoltaic', 'plant:output:electricity': 'yes', 'plant:source': 'solar', 'power': 'plant'}"
1421594044,way,Unknown,,,,,48.0319119,37.83247,"{'landuse': 'industrial', 'power': 'plant'}"
1422479181,way,Unknown,,,,,48.0395465,37.8389424,"{'landuse': 'industrial', 'power': 'plant'}"
1426897341,way,Котельная Інтернат,,,,,48.5382071,37.6878165,"{'addr:housenumber': '5', 'addr:street': 'вулиця Білоусова', 'landuse': 'industrial', 'name': 'Котельная Інтернат', 'name:uk': 'Котельная Інтернат', 'opening_hours': 'off', 'plant:method': 'gasification', 'plant:output:hot_water': 'yes', 'power': 'plant'}"
1427492491,way,Котельная Білоусова,,,,,48.5380162,37.6901838,"{'landuse': 'industrial', 'name': 'Котельная Білоусова', 'name:uk': 'Котельная Білоусова', 'opening_hours': 'off', 'plant:method': 'gasification', 'plant:output:hot_water': 'yes', 'power': 'plant'}"
1427525775,way,СЕС Гнівань,,,,,49.0804247,28.3825437,"{'name': 'СЕС Гнівань', 'plant:method': 'photovoltaic', 'plant:output:electricity': 'yes', 'plant:source': 'solar', 'power': 'plant'}"
1427557333,way,Котельная МНВК,,,,,48.5335231,37.6860861,"{'landuse': 'industrial', 'name': 'Котельная МНВК', 'opening_hours': 'off', 'plant:method': 'gasification', 'plant:output:hot_water': 'yes', 'power': 'plant'}"
1429248808,way,Unknown,,,,,50.2026967,30.8405836,"{'plant:method': 'photovoltaic', 'plant:output:electricity': 'yes', 'plant:source': 'solar', 'power': 'plant'}"
1430685001,way,Котельная №24,,,,,48.5183459,37.6848862,"{'landuse': 'industrial', 'name': 'Котельная №24', 'opening_hours': 'off', 'plant:method': 'gasification', 'plant:output:hot_water': 'yes', 'power': 'plant'}"
1432140933,way,Unknown,,,,,48.1950023,23.1347628,"{'plant:method': 'photovoltaic', 'plant:output:electricity': 'yes', 'plant:source': 'solar', 'power': 'plant'}"
1434135479,way,Unknown,,,,,48.7548693,24.2554347,"{'plant:method': 'photovoltaic', 'plant:output:electricity': 'yes', 'plant:source': 'solar', 'power': 'plant'}"
1434317168,way,Unknown,,,,,48.6741533,28.0143008,"{'plant:method': 'photovoltaic', 'plant:output:electricity': 'yes', 'plant:source': 'solar', 'power': 'plant'}"
1434317169,way,Unknown,,,,,48.6742422,28.0142587,"{'plant:method': 'photovoltaic', 'plant:output:electricity': 'yes', 'plant:source': 'solar', 'power': 'plant'}"
1434450509,way,Unknown,,,,,49.7770231,27.2099262,"{'plant:source': 'solar', 'power': 'plant'}"
1436188554,way,Unknown,,,,,48.4708239,32.2077912,"{'building': 'yes', 'plant:source': 'solar', 'power': 'plant'}"
1445915708,way,Unknown,,,,,47.077246,31.849448,"{'landuse': 'industrial', 'plant:source': 'solar', 'power': 'plant'}"
1446730162,way,Unknown,,,,,48.7249188,24.4596101,"{'plant:method': 'photovoltaic', 'plant:output:electricity': 'yes', 'plant:source': 'solar', 'power': 'plant'}"
1446784702,way,Unknown,,,,,49.1879915,28.6000453,"{'plant:method': 'photovoltaic', 'plant:output:electricity': 'yes', 'plant:source': 'solar', 'power': 'plant'}"
1446784704,way,Unknown,,,,,49.1880846,28.6000068,"{'plant:method': 'photovoltaic', 'plant:output:electricity': 'yes', 'plant:source': 'solar', 'power': 'plant'}"
1446784705,way,Unknown,,,,,49.1880406,28.600508,"{'plant:method': 'photovoltaic', 'plant:output:electricity': 'yes', 'plant:source': 'solar', 'power': 'plant'}"
1446784706,way,Unknown,,,,,49.1881299,28.6004883,"{'plant:method': 'photovoltaic', 'plant:output:electricity': 'yes', 'plant:source': 'solar', 'power': 'plant'}"
1450815704,way,Unknown,,,,,46.85347,32.039149,"{'landuse': 'industrial', 'plant:source': 'solar', 'power': 'plant'}"
1451381070,way,Котельная Завод Обважнювачів,,,,,48.5427635,37.6682938,"{'landuse': 'industrial', 'name': 'Котельная Завод Обважнювачів', 'plant:method': 'gasification', 'plant:output:hot_water': 'yes', 'power': 'plant'}"
1453079334,way,Unknown,,,,,48.3847779,33.4779209,"{'plant:source': 'solar', 'power': 'plant'}"
1453148456,way,Unknown,,,,,48.3555744,29.490678,"{'plant:method': 'photovoltaic', 'plant:output:electricity': 'yes', 'plant:source': 'solar', 'power': 'plant'}"
1453148457,way,Unknown,,,,,48.3554522,29.4904886,"{'plant:method': 'photovoltaic', 'plant:output:electricity': 'yes', 'plant:source': 'solar', 'power': 'plant'}"
1453148458,way,Unknown,,,,,48.3550251,29.49122,"{'plant:method': 'photovoltaic', 'plant:output:electricity': 'yes', 'plant:source': 'solar', 'power': 'plant'}"
1453148459,way,Unknown,,,,,48.3549308,29.4912452,"{'plant:method': 'photovoltaic', 'plant:output:electricity': 'yes', 'plant:source': 'solar', 'power': 'plant'}"
1453148460,way,Unknown,,,,,48.354186,29.4897445,"{'plant:method': 'photovoltaic', 'plant:output:electricity': 'yes', 'plant:source': 'solar', 'power': 'plant'}"
1453148461,way,Unknown,,,,,48.3540714,29.4896728,"{'plant:method': 'photovoltaic', 'plant:output:electricity': 'yes', 'plant:source': 'solar', 'power': 'plant'}"
1456960769,way,Unknown,,,,,49.2368379,37.2610549,"{'plant:method': 'photovoltaic', 'plant:output:electricity': 'yes', 'plant:source': 'solar', 'power': 'plant'}"
1458453490,way,Unknown,,,,,44.8843255,34.0409785,"{'landuse': 'industrial', 'power': 'plant'}"
1458854179,way,Unknown,,,,,49.3071695,23.9024783,"{'plant:source': 'solar', 'power': 'plant'}"
1459489924,way,Unknown,,,,,49.9727367,24.0914853,"{'plant:source': 'solar', 'power': 'plant'}"
1460242366,way,Unknown,,,,,50.4484032,30.2915547,"{'plant:source': 'solar', 'power': 'plant'}"
1460242367,way,Unknown,,,,,50.4483156,30.2915701,"{'plant:source': 'solar', 'power': 'plant'}"
1460242368,way,Unknown,,,,,50.4482259,30.2915815,"{'plant:source': 'solar', 'power': 'plant'}"
1460242369,way,Unknown,,,,,50.4481325,30.2915976,"{'plant:source': 'solar', 'power': 'plant'}"
1460547095,way,Нафтобаза,,,,,51.2010288,33.8486361,"{'addr:street': 'вулиця Незалежності', 'landuse': 'industrial', 'name': 'Нафтобаза', 'plant:method': 'combustion', 'plant:output:electricity': 'yes', 'plant:source': 'oil', 'power': 'plant'}"
1462134266,way,Unknown,,,,,48.7144928,27.5483829,"{'plant:method': 'photovoltaic', 'plant:output:electricity': 'yes', 'plant:source': 'solar', 'power': 'plant'}"
1462137679,way,Unknown,,,,,48.7141955,27.5446492,"{'plant:method': 'photovoltaic', 'plant:output:electricity': 'yes', 'plant:source': 'solar', 'power': 'plant'}"
1462652066,way,Котельная,,,,,44.9416574,34.0966148,"{'addr:city': 'Симферополь', 'addr:housenumber': '32а', 'addr:street': 'Севастопольская улица', 'landuse': 'industrial', 'name': 'Котельная', 'power': 'plant'}"
1463489749,way,Unknown,,,,,48.7190878,27.5316838,"{'plant:method': 'photovoltaic', 'plant:output:electricity': 'yes', 'plant:source': 'solar', 'power': 'plant'}"
1467079689,way,Малояблунівська  мала ГЕС,,,,,49.1708687,31.9253533,"{'name': 'Малояблунівська  мала ГЕС', 'plant:output:electricity': 'yes', 'plant:source': 'hydro', 'power': 'plant'}"
1470041204,way,Unknown,,,,,48.7469803,24.6426443,"{'plant:method': 'photovoltaic', 'plant:output:electricity': 'yes', 'plant:source': 'solar', 'power': 'plant'}"
1470847020,way,Френа,,,,,48.8657966,24.6103222,"{'name': 'Френа', 'plant:method': 'photovoltaic', 'plant:output:electricity': '0.999 MW', 'plant:source': 'solar', 'power': 'plant', 'start_date': '2019'}"
1478522189,way,Unknown,,,,,50.1693317,30.2441798,"{'plant:source': 'solar', 'power': 'plant'}"
1478984693,way,Котельная Центральний ринок,,,,,48.5377074,37.694507,"{'landuse': 'industrial', 'name': 'Котельная Центральний ринок', 'name:uk': 'Котельная Центральний ринок', 'opening_hours': 'off', 'plant:method': 'gasification', 'plant:output:hot_water': 'yes', 'power': 'plant'}"
1480039522,way,Unknown,,,,,49.0857942,25.7532353,"{'plant:output:electricity': 'yes', 'plant:source': 'hydro', 'power': 'plant'}"
1480575971,way,Unknown,,,,,45.0332212,35.3762817,"{'building': 'industrial', 'power': 'plant'}"
1481399600,way,Unknown,,,,,50.148987,30.0497331,"{'plant:source': 'solar', 'power': 'plant'}"
1482424061,way,Unknown,,,,,46.9944188,32.1370676,"{'landuse': 'industrial', 'plant:source': 'solar', 'power': 'plant'}"
1482533321,way,Unknown,,,,,46.586259,32.275436,"{'plant:method': 'photovoltaic', 'plant:output:electricity': 'yes', 'plant:source': 'solar', 'power': 'plant'}"
1486153722,way,Котельная Абрамова,,,,,48.5171021,37.676223,"{'addr:housenumber': '16', 'addr:street': 'вулиця Дружби', 'building:levels': '2', 'landuse': 'industrial', 'name': 'Котельная Абрамова', 'opening_hours': 'off', 'plant:method': 'gasification', 'plant:output:electricity': 'yes', 'plant:output:hot_water': 'yes', 'power': 'plant'}"
1493429536,way,Котельная Незалежності,,,,,48.5338136,37.7038062,"{'landuse': 'industrial', 'name': 'Котельная Незалежності', 'opening_hours': 'off', 'plant:method': 'gasification', 'plant:output:hot_water': 'yes', 'power': 'plant'}"
1494165551,way,Unknown,,,,,48.2324716,26.2560738,"{'plant:method': 'photovoltaic', 'plant:output:electricity': 'yes', 'plant:source': 'solar', 'power': 'plant'}"
1494165552,way,Unknown,,,,,48.2327399,26.2563288,"{'plant:method': 'photovoltaic', 'plant:output:electricity': 'yes', 'plant:source': 'solar', 'power': 'plant'}"
1494457997,way,Unknown,,,,,48.5231868,27.6183386,"{'plant:method': 'photovoltaic', 'plant:output:electricity': 'yes', 'plant:source': 'solar', 'power': 'plant'}"
1495583118,way,Unknown,,,,,49.2854887,23.5035418,"{'landuse': 'industrial', 'power': 'plant'}"
1496762427,way,Котельная Трампарк,,,,,48.517287,37.7554671,"{'landuse': 'industrial', 'name': 'Котельная Трампарк', 'name:uk': 'Котельная Трампарк', 'opening_hours': 'off', 'plant:method': 'gasification', 'plant:output:hot_water': 'yes', 'power': 'plant'}"
1497146797,way,Unknown,,,,,49.2852203,23.5090685,"{'landuse': 'industrial', 'power': 'plant'}"
1498004756,way,Котельная Соборності,,,,,48.5146963,37.7445898,"{'landuse': 'industrial', 'name': 'Котельная Соборності', 'name:uk': 'Котельная Соборності', 'opening_hours': 'off', 'plant:method': 'gasification', 'plant:output:hot_water': 'yes', 'power': 'plant'}"
1499114857,way,Unknown,,,,,48.7261187,27.6978493,"{'plant:method': 'photovoltaic', 'plant:output:electricity': 'yes', 'plant:source': 'solar', 'power': 'plant'}"
1502521224,way,СЕС Південна,,,,,49.4527116,24.0453793,"{'landuse': 'industrial', 'name': 'СЕС Південна', 'name:uk': 'СЕС Південна', 'plant:method': 'photovoltaic', 'plant:output:electricity': '9.95 MW', 'plant:source': 'solar', 'power': 'plant', 'start_date': '2019'}"
1504312056,way,СЕС Південна,,,,,49.4464793,24.045639,"{'area': 'yes', 'landuse': 'industrial', 'name': 'СЕС Південна', 'name:uk': 'СЕС Південна', 'plant:method': 'photovoltaic', 'plant:output:electricity': '9.95 MW', 'plant:source': 'solar', 'power': 'plant', 'start_date': '2019'}"
1509629707,way,Unknown,,,,,51.0745061,33.9840564,"{'landuse': 'industrial', 'power': 'plant'}"
1515285200,way,Unknown,,,,,48.3824888,33.5029435,"{'plant:method': 'photovoltaic', 'plant:output:electricity': 'yes', 'plant:source': 'solar', 'power': 'plant'}"
1515304582,way,Unknown,,,,,48.3331205,33.4805789,"{'plant:method': 'photovoltaic', 'plant:output:electricity': 'yes', 'plant:source': 'solar', 'power': 'plant'}"
1515686099,way,Unknown,,,,,48.6132957,35.3775521,"{'plant:method': 'photovoltaic', 'plant:output:electricity': 'yes', 'plant:source': 'solar', 'power': 'plant'}"
1515686100,way,Unknown,,,,,48.6237474,35.408166,"{'plant:method': 'photovoltaic', 'plant:output:electricity': 'yes', 'plant:source': 'solar', 'power': 'plant'}"
1518055593,way,Unknown,,,,,48.2710775,25.905487,"{'plant:method': 'photovoltaic', 'plant:output:electricity': 'yes', 'plant:source': 'solar', 'power': 'plant'}"
1520520303,way,Unknown,,,,,48.5967186,34.7490933,"{'plant:method': 'photovoltaic', 'plant:output:electricity': 'yes', 'plant:source': 'solar', 'power': 'plant'}"
1526871106,way,Unknown,,,,,51.5408996,31.5104156,"{'landuse': 'industrial', 'power': 'plant'}"
1528892852,way,Unknown,,,,,48.6006156,27.6886177,"{'plant:method': 'photovoltaic', 'plant:output:electricity': 'yes', 'plant:source': 'solar', 'power': 'plant'}"
1531148002,way,Ековат Плюс,,,,,48.8824441,24.1774596,"{'name': 'Ековат Плюс', 'plant:method': 'photovoltaic', 'plant:output:electricity': '2.42 MW', 'plant:source': 'solar', 'power': 'plant', 'start_date': '2019'}"
1531148003,way,Імпульс-Іва,,,,,48.7404427,24.8434075,"{'name': 'Імпульс-Іва', 'plant:method': 'photovoltaic', 'plant:output:electricity': '1.382 MW', 'plant:source': 'solar', 'power': 'plant'}"
1531148004,way,Галсан,,,,,49.1252597,24.753862,"{'name': 'Галсан', 'operator': 'Галсан Інвест', 'plant:method': 'photovoltaic', 'plant:output:electricity': '4.14 MW', 'plant:source': 'solar', 'power': 'plant', 'start_date': '2019'}"
1531148011,way,Сарники 2 черга,,,,,49.3040126,24.7340105,"{'addr:housenumber': '16', 'addr:street': 'Зарічна вулиця', 'name': 'Сарники 2 черга', 'operator': 'Сан Вест Енерджі', 'plant:method': 'photovoltaic', 'plant:output:electricity': '1.13 MW', 'plant:source': 'solar', 'power': 'plant', 'start_date': '2020'}"
1531148012,way,Unknown,,,,,49.3057196,24.7276015,"{'plant:method': 'photovoltaic', 'plant:source': 'solar', 'power': 'plant'}"
1531148014,way,Аврора Солар,,,,,48.8100563,24.8397714,"{'addr:housenumber': '32-А', 'addr:street': 'вулиця Шевченка', 'fixme': 'geometry', 'name': 'Аврора Солар', 'plant:output:electricity': '2.139 MW', 'plant:source': 'solar', 'power': 'plant', 'start_date': '2020'}"
1531148021,way,Жураківська СЕС,,,,,48.731347,24.5165585,"{'name': 'Жураківська СЕС', 'plant:method': 'photovoltaic', 'plant:output:electricity': '693 kW', 'plant:source': 'solar', 'power': 'plant'}"
1531148029,way,Unknown,,,,,48.8365566,24.7107035,"{'plant:method': 'photovoltaic', 'plant:source': 'solar', 'power': 'plant'}"
1531148030,way,Unknown,,,,,48.8393971,24.7123718,"{'plant:method': 'photovoltaic', 'plant:source': 'solar', 'power': 'plant'}"
1532145319,way,Букачівці,,,,,49.2462749,24.4933654,"{'name': 'Букачівці', 'operator': 'ТОВ «Солар Енерджі ЛКК»', 'plant:method': 'photovoltaic', 'plant:output:electricity': '3.064 MW', 'plant:source': 'solar', 'power': 'plant', 'start_date': '2019'}"
1534204562,way,Unknown,,,,,47.0440445,32.1579182,"{'plant:method': 'photovoltaic', 'plant:output:electricity': 'yes', 'plant:source': 'solar', 'power': 'plant'}"
1534261086,way,Unknown,,,,,46.6186073,31.1000556,"{'plant:method': 'photovoltaic', 'plant:output:electricity': 'yes', 'plant:source': 'solar', 'power': 'plant'}"
1535613810,way,Шевченкове,,,,,48.5246334,25.4122031,"{'name': 'Шевченкове', 'operator': 'ТОВ ""Снятиненергоінвест""', 'plant:method': 'photovoltaic', 'plant:output:electricity': '10573,20 kW', 'plant:source': 'solar', 'power': 'plant', 'start_date': '2019'}"
1537508569,way,Unknown,,,,,48.4779444,34.028405,"{'plant:source': 'solar', 'power': 'plant'}"
1537683902,way,Unknown,,,,,48.4668313,34.0337147,"{'plant:source': 'solar', 'power': 'plant'}"
1537683963,way,Unknown,,,,,48.4684862,34.044021,"{'plant:source': 'solar', 'power': 'plant'}"
1539082243,way,Котельня,,,,,48.4870939,35.1310202,"{'landuse': 'industrial', 'name': 'Котельня', 'power': 'plant'}"
1543087790,way,Unknown,,,,,48.8136679,31.667963,"{'plant:method': 'photovoltaic', 'plant:output:electricity': 'yes', 'plant:source': 'solar', 'power': 'plant'}"
1544308424,way,Unknown,,,,,49.8000787,26.9532639,"{'fixme': 'Приблизний обрис', 'plant:method': 'photovoltaic', 'plant:output:electricity': 'yes', 'plant:source': 'solar', 'power': 'plant'}"
1658782,relation,Unknown,,,,,49.5707161,34.510963,"{'description': 'Котельня', 'landuse': 'industrial', 'plant:method': 'combustion', 'plant:output:hot_water': 'yes', 'plant:output:steam': 'yes', 'power': 'plant', 'type': 'multipolygon'}"
1754517,relation,Станція теплопостачання №1,,,,,50.440196,30.4949337,"{'access': 'private', 'landuse': 'industrial', 'name': 'Станція теплопостачання №1', 'name:uk': 'Станція теплопостачання №1', 'old_name': 'ТЕЦ-3', 'plant:method': 'combustion', 'plant:output:electricity': 'yes', 'plant:output:hot_water': 'yes', 'plant:source': 'gas', 'power': 'plant', 'type': 'multipolygon', 'wikidata': 'Q12110201', 'wikipedia': 'uk:Київська ТЕЦ-3'}"
2271440,relation,Трипільська ТЕС,,,,,50.1328604,30.7505209,"{'landuse': 'industrial', 'name': 'Трипільська ТЕС', 'name:en': 'Trypilska Power Plant', 'name:ru': 'Трипольская ТЭС', 'name:uk': 'Трипільська ТЕС', 'plant:method': 'combustion', 'plant:output:electricity': '1800 MW', 'plant:output:hot_water': 'yes', 'plant:source': 'coal', 'power': 'plant', 'type': 'multipolygon', 'wikidata': 'Q12007778', 'wikipedia': 'uk:Трипільська ТЕС'}"
2888901,relation,Крымская АЭС,,,,,45.3874924,35.7950416,"{'construction:plant:source': 'nuclear', 'construction:power': 'plant', 'landuse': 'industrial', 'name': 'Крымская АЭС', 'name:de': 'Kernkraftwerk Krim', 'name:ru': 'Крымская АЭС', 'name:uk': 'Кримська АЕС', 'note:de': 'Bau eingestellt', 'power': 'plant', 'type': 'multipolygon', 'was:landuse': 'construction', 'wikidata': 'Q1121496', 'wikipedia': 'ru:Крымская АЭС'}"
3828051,relation,Луганська теплова електростанція,,,,,48.7542166,39.2656683,"{'landuse': 'industrial', 'name': 'Луганська теплова електростанція', 'name:en': 'Luhansk power station', 'name:ru': 'Луганская ТЭС', 'name:uk': 'Луганська теплова електростанція', 'plant:method': 'combustion', 'plant:output:electricity': '1220 MW', 'plant:source': 'coal', 'power': 'plant', 'type': 'multipolygon', 'wikidata': 'Q3443758', 'wikipedia': 'uk:Луганська ТЕС'}"
4064208,relation,Районна котельня «Відрадний»,,,,,50.4349637,30.4098431,"{'addr:housenumber': '5', 'addr:street': 'проспект Космонавта Комарова', 'landuse': 'industrial', 'name': 'Районна котельня «Відрадний»', 'name:ru': 'Районная котельная «Отрадный»', 'name:uk': 'Районна котельня «Відрадний»', 'operator': 'Київенерго', 'power': 'plant', 'type': 'multipolygon'}"
4096525,relation,Кременчуцька ТЕЦ,,,,,49.172106,33.4438363,"{'landuse': 'industrial', 'name': 'Кременчуцька ТЕЦ', 'name:ru': 'Кременчугская ТЭЦ', 'name:uk': 'Кременчуцька ТЕЦ', 'plant:output:electricity': '255 MW', 'plant:output:hot_water': 'yes', 'plant:source': 'gas', 'power': 'plant', 'start_date': '1965', 'type': 'multipolygon', 'wikidata': 'Q12114491', 'wikipedia': 'uk:Кременчуцька ТЕЦ'}"
4265152,relation,Пресноводная ВЭС,,,,,45.3317192,36.0596987,"{'name': 'Пресноводная ВЭС', 'name:ru': 'Пресноводная ВЭС', 'name:uk': 'Прісноводна ВЕС', 'plant:output:electricity': '5.6 MW', 'power': 'plant', 'type': 'site'}"
4546127,relation,Південноукраїнська АЕС,,,,,47.8107971,31.2184387,"{'alt_name': 'Південноукраїнська АЕС', 'alt_name:fr': 'Centrale nucléaire de Konstantinovka', 'landuse': 'industrial', 'name': 'Південноукраїнська АЕС', 'name:de': 'Kernkraftwerk Süd-Ukraine', 'name:en': 'South Ukraine Nuclear Power Plant', 'name:fr': ""Centrale nucléaire d'Ukraine du Sud"", 'name:it': 'Centrale nucleare Ucraina del Sud', 'name:ru': 'Южно-Украинская АЭС', 'name:uk': 'Південноукраїнська АЕС', 'old_name': 'Южно-Українська АЕС', 'old_name:uk': 'Южно-Українська АЕС', 'operator': 'НАЕК Енергоатом', 'plant:method': 'fission', 'plant:output:electricity': '3000 MW', 'plant:source': 'nuclear', 'power': 'plant', 'ref': 'ПУАЕС', 'start_date': '1983-12-02', 'type': 'multipolygon', 'wikidata': 'Q186223', 'wikipedia': 'uk:Южно-Українська АЕС'}"
4863926,relation,Новороздільська ТЕЦ,,,,,49.4600239,24.1232118,"{'landuse': 'industrial', 'name': 'Новороздільська ТЕЦ', 'name:uk': 'Новороздільська ТЕЦ', 'plant:output:electricity': '36 MW', 'plant:output:hot_water': 'yes', 'plant:source': 'gas', 'power': 'plant', 'type': 'multipolygon'}"
5342588,relation,Придніпровська ТЕС,,,,,48.4060641,35.1110294,"{'addr:housenumber': '1', 'addr:postcode': '49127', 'addr:street': 'Гаванська вулиця', 'generator:method': 'combustion', 'landuse': 'industrial', 'name': 'Придніпровська ТЕС', 'name:en': 'Prydniprovska power station', 'name:ru': 'Приднепровская ТЭС', 'name:uk': 'Придніпровська ТЕС', 'plant:method': 'combustion', 'plant:output:electricity': '1765 MW', 'plant:output:hot_water': 'yes', 'plant:source': 'coal', 'power': 'plant', 'start_date': '1954-12-28', 'type': 'multipolygon', 'wikidata': 'Q3443743', 'wikipedia': 'uk:Придніпровська ТЕС'}"
5441707,relation,СЭС Охотниково,,,,,45.2868523,33.5977953,"{'name': 'СЭС Охотниково', 'name:uk': 'СЕС Охотникове', 'official_name': 'Солнечная электростанция ""Охотниково""', 'operator': 'Activ Solar', 'plant:method': 'photovoltaic', 'plant:output:electricity': '82.65 MW', 'plant:source': 'solar', 'power': 'plant', 'start_date': '2011', 'type': 'multipolygon'}"
5734686,relation,"СЕС ""Пороги""",,,,,48.2515836,28.3340054,"{'name': 'СЕС ""Пороги""', 'name:uk': 'СЕС ""Пороги""', 'plant:method': 'photovoltaic', 'plant:output:electricity': '4.5 MW', 'plant:source': 'solar', 'power': 'plant', 'type': 'multipolygon'}"
6276543,relation,Дністровська ГАЕС,,,,,48.5126919,27.4732282,"{'generator:method': 'water-pumped-storage', 'name': 'Дністровська ГАЕС', 'name:de': 'Pumpspeicherkraftwerk Dnister', 'name:en': 'Dniester Pumped Storage Power Station', 'name:fr': 'Centrale de pompage-turbinage du Dniestr', 'name:no': 'Dnjestr-demningen', 'name:ro': 'Centrala hidroelectrică reversibilă de pe Nistru', 'name:uk': 'Дністровська ГАЕС', 'old_name:de': 'Pumpspeicherkraftwerk Dnjester', 'plant:output:electricity': '972 MW', 'plant:source': 'hydro', 'power': 'plant', 'type': 'multipolygon', 'wikidata': 'Q1153545', 'wikipedia': 'uk:Дністровська ГАЕС'}"
6498581,relation,Токмак Солар Енерджі,,,,,47.3389579,35.7971947,"{'email': 'info@tokmaksolar.com', 'landuse': 'industrial', 'name': 'Токмак Солар Енерджі', 'name:uk': 'Токмак Солар Енерджі', 'operator': 'ООО «Токмак Солар Энерджи»', 'plant:output:electricity': '10 MW', 'plant:source': 'solar', 'power': 'plant', 'type': 'multipolygon', 'website': 'https://www.tokmaksolar.com.ua/'}"
6573418,relation,Новояворівська ТЕЦ,,,,,49.9313271,23.5814964,"{'landuse': 'industrial', 'name': 'Новояворівська ТЕЦ', 'name:uk': 'Новояворівська ТЕЦ', 'plant:method': 'combustion', 'plant:output:electricity': '25.9 MW', 'plant:source': 'gas', 'power': 'plant', 'type': 'multipolygon', 'wikidata': 'Q16709329', 'wikipedia': 'uk:Новояворівська ТЕЦ'}"
6674937,relation,Київська ТЕЦ-5,,,,,50.3942175,30.5683615,"{'landuse': 'industrial', 'name': 'Київська ТЕЦ-5', 'name:en': 'Kyiv CHP-5 Power Plant', 'name:ru': 'Киевская ТЭЦ-5', 'name:uk': 'Київська ТЕЦ-5', 'operator': 'ВАТ Київенерго', 'plant:method': 'combustion', 'plant:output:electricity': '700 MW', 'plant:output:hot_water': 'yes', 'plant:source': 'gas', 'power': 'plant', 'type': 'multipolygon', 'wikidata': 'Q12110202', 'wikipedia': 'uk:Київська теплоелектроцентраль № 5'}"
6680280,relation,Київська ГАЕС,,,,,50.6100597,30.4876777,"{'name': 'Київська ГАЕС', 'plant:method': 'water-pumped-storage', 'plant:output:electricity': 'yes', 'plant:source': 'hydro', 'plant:storage': 'yes', 'power': 'plant', 'type': 'multipolygon', 'wikidata': 'Q4220145', 'wikipedia': 'uk:Київська ГАЕС'}"
6992608,relation,"ФЕС ""Писарівка-1""",,,,,49.5175906,28.4781299,"{'landuse': 'industrial', 'name': 'ФЕС ""Писарівка-1""', 'name:uk': 'ФЕС ""Писарівка-1""', 'plant:method': 'photovoltaic', 'plant:output:electricity': '2.5 MW', 'plant:source': 'solar', 'power': 'plant', 'type': 'multipolygon'}"
7087301,relation,СЕС «РАДЧА-2»,,,,,48.8442431,24.6792212,"{'addr:housenumber': '21-23', 'addr:street': 'Тракторна вулиця', 'landuse': 'industrial', 'name': 'СЕС «РАДЧА-2»', 'operator': 'Геліос Енерджі', 'plant:method': 'photovoltaic', 'plant:output:electricity': '18390 kW', 'plant:source': 'solar', 'power': 'plant', 'type': 'multipolygon', 'url': 'http://tridentenergy.com.ua/ua/gelios/'}"
7111151,relation,Unknown,,,,,46.1804942,30.3183988,"{'landuse': 'industrial', 'power': 'plant', 'type': 'multipolygon'}"
7162734,relation,Котельня,,,,,46.1962804,30.3314786,"{'landuse': 'industrial', 'name': 'Котельня', 'name:ru': 'Котельная', 'name:uk': 'Котельня', 'power': 'plant', 'type': 'multipolygon'}"
7317657,relation,колишня Каховська ГЕС імені П. С. Непорожнього,,,,,46.7805556,33.3655206,"{'construction': 'industrial', 'damage': 'destroyed', 'damage:date': '2023-06-06', 'damage:event': 'war', 'damage:type': 'explosion', 'landuse': 'industrial', 'name': 'колишня Каховська ГЕС імені П.\xa0С.\xa0Непорожнього', 'name:de': 'Wasserkraftwerk Kachowka', 'name:en': 'ex Kakhovskaya HPP named after P. S. Neporozhny', 'name:fr': 'Centrale hydroélectrique de Kakhovka', 'name:ru': 'бывшая Каховская ГЭС имени П.\xa0С.\xa0Непорожнего', 'name:uk': 'Каховська ГЕС імені П.\xa0С.\xa0Непорожнього', 'official_name': 'Каховська гідроелетростанція імені П.\xa0С.\xa0Непорожнього', 'old_name': 'Каховська ГЕС', 'operator': 'ВАТ «Укргідроенерго»', 'plant:output:electricity': '351 MW', 'plant:source': 'hydro', 'power': 'plant', 'ruins': 'yes', 'start_date': '1955', 'type': 'multipolygon', 'wikidata': 'Q3379049', 'wikipedia': 'uk:Каховська ГЕС'}"
7478534,relation,Шосткінська ТЕЦ,,,,,51.8855224,33.4557776,"{'landuse': 'industrial', 'name': 'Шосткінська ТЕЦ', 'name:en': 'Shostka (Svema) Power Plant', 'name:uk': 'Шосткінська ТЕЦ', 'plant:method': 'combustion', 'plant:output:electricity': '115 MW', 'plant:output:hot_water': 'yes', 'plant:source': 'gas', 'power': 'plant', 'type': 'multipolygon'}"
7588105,relation,Восход-Солар,,,,,46.8660096,31.4175191,"{'name': 'Восход-Солар', 'name:uk': 'Восход-Солар', 'plant:output:electricity': '52900 kW', 'plant:source': 'solar', 'power': 'plant', 'start_date': '2013', 'type': 'multipolygon'}"
7676310,relation,Сакская ВЭС,,,,,45.3299288,33.0986703,"{'description': 'Мирновский участок', 'landuse': 'industrial', 'name': 'Сакская ВЭС', 'name:ru': 'Сакская ВЭС', 'operator': 'ГУП РК «Крымэнерго»', 'plant:method': 'wind_turbine', 'plant:output:electricity': '18 MW', 'plant:source': 'wind', 'power': 'plant', 'type': 'multipolygon', 'wikidata': 'Q16693904', 'wikipedia': 'ru:Сакская ВЭС'}"
8051184,relation,Unknown,,,,,45.3504397,33.246035,"{'generator:source': 'wind', 'plant:output:electricity': 'yes', 'power': 'plant', 'type': 'site'}"
8051185,relation,Unknown,,,,,45.3978013,33.1499672,"{'generator:source': 'wind', 'plant:output:electricity': 'yes', 'power': 'plant', 'type': 'site'}"
8480644,relation,СЭС Николаевка,,,,,44.967764,33.7508064,"{'landuse': 'industrial', 'name': 'СЭС Николаевка', 'plant:method': 'photovoltaic', 'plant:output:electricity': '69.7 MW', 'plant:source': 'solar', 'power': 'plant', 'type': 'multipolygon', 'wikidata': 'Q16680871', 'wikipedia': 'ru:Николаевка (электростанция)'}"
8480645,relation,СЭС Митяево,,,,,45.2366276,33.6744127,"{'name': 'СЭС Митяево', 'name:uk': 'СЕС Мітяєве', 'plant:method': 'photovoltaic', 'plant:output:electricity': '31.55 MW', 'plant:source': 'solar', 'power': 'plant', 'start_date': '2012', 'type': 'multipolygon'}"
8480646,relation,Солнечная ЭС Перово,,,,,44.9578854,33.9268729,"{'landuse': 'industrial', 'name': 'Солнечная ЭС Перово', 'name:ru': 'Солнечная ЭС Перово', 'name:uk': 'Сонячна ЕС Перово', 'operator': 'Activ Solar', 'plant:method': 'photovoltaic', 'plant:output:electricity': '105.56 MW', 'plant:source': 'solar', 'power': 'plant', 'short_name': 'СЭС Перово', 'type': 'multipolygon', 'wikidata': 'Q2328753', 'wikipedia': 'ru:Перово (электростанция)'}"
9153084,relation,"ФЕС ""Слобода-Бушанська""",,,,,48.3464641,28.0838413,"{'addr:housenumber': '35-Б', 'alt_name': 'Фотоелектрична електростанція ""Слобода-Бушанська""', 'landuse': 'industrial', 'name': 'ФЕС ""Слобода-Бушанська""', 'name:uk': 'ФЕС ""Слобода-Бушанська""', 'plant:method': 'photovoltaic', 'plant:output:electricity': '1.875 MW', 'plant:source': 'solar', 'power': 'plant', 'type': 'multipolygon', 'website': 'https://rentechno.com/ua/portfolio/solar-plants/sloboda.html'}"
9290983,relation,Охтирська ТЕЦ,,,,,50.3223238,34.8594934,"{'landuse': 'industrial', 'name': 'Охтирська ТЕЦ', 'name:ru': 'Ахтырская ТЭЦ', 'name:uk': 'Охтирська ТЕЦ', 'operator': 'БРОКЕНЕРГІЯ', 'plant:method': 'combustion', 'plant:output:electricity': '12750 kW', 'plant:output:hot_water': 'yes', 'plant:source': 'gas', 'power': 'plant', 'type': 'multipolygon', 'website': 'https://ohtec.com.ua/', 'wikidata': 'Q16710581', 'wikipedia': 'uk:Охтирська ТЕЦ'}"
9300624,relation,Богуславська ГЕС,,,,,49.5400068,30.8771074,"{'addr:housenumber': '22-А', 'addr:street': 'вулиця Михайла Грушевського', 'landuse': 'industrial', 'name': 'Богуславська ГЕС', 'name:uk': 'Богуславська ГЕС', 'plant:output:electricity': '950 kW', 'plant:source': 'hydro', 'power': 'plant', 'start_date': '1953', 'type': 'multipolygon'}"
9355355,relation,Миропільська ГЕС,,,,,50.1609473,27.6788905,"{'landuse': 'industrial', 'layer': '1', 'name': 'Миропільська ГЕС', 'name:uk': 'Миропільська ГЕС', 'plant:output:electricity': '500 kW', 'plant:source': 'hydro', 'power': 'plant', 'type': 'multipolygon'}"
9500051,relation,"СЕС ""Іванівка""",,,,,48.4264418,31.8385412,"{'barrier': 'fence', 'name': 'СЕС ""Іванівка""', 'name:uk': 'СЕС ""Іванівка""', 'operator': 'ФГ ""Омельяненко""', 'plant:method': 'photovoltaic', 'plant:output:electricity': '1591 kW', 'plant:source': 'solar', 'power': 'plant', 'start_date': '2013', 'type': 'multipolygon', 'website': 'https://rentechno.ua/ua/portfolio/solar-plants/ivanovka.html'}"
9504885,relation,"СЕС ""Зоря""",,,,,48.3401081,31.5206761,"{'landuse': 'industrial', 'name': 'СЕС ""Зоря""', 'name:uk': 'СЕС ""Зоря""', 'operator': 'СТОВ ""Зоря""', 'plant:method': 'photovoltaic', 'plant:output:electricity': '252 kW', 'plant:source': 'solar', 'power': 'plant', 'start_date': '2018', 'type': 'multipolygon', 'website': 'https://rentechno.ua/ua/portfolio/solar-plants/zaria.html'}"
9684503,relation,Олександрівська ГЕС,,,,,47.701993,31.2543642,"{'landuse': 'industrial', 'name': 'Олександрівська ГЕС', 'name:ru': 'Александровская ГЭС', 'name:uk': 'Олександрівська ГЕС', 'plant:output:electricity': '10.5 MW', 'plant:source': 'hydro', 'power': 'plant', 'start_date': '1999', 'type': 'multipolygon', 'waterway': 'dam'}"
9716089,relation,Випробувальна газотурбінна електростанція Зоря-Машпроект,,,,,46.7038647,31.5370344,"{'landuse': 'industrial', 'name': 'Випробувальна газотурбінна електростанція Зоря-Машпроект', 'name:uk': 'Випробувальна газотурбінна електростанція Зоря-Машпроект', 'power': 'plant', 'type': 'multipolygon'}"
9718564,relation,"СЕС ""Синьків""",,,,,48.6219123,25.9595219,"{'barrier': 'fence', 'name': 'СЕС ""Синьків""', 'name:uk': 'СЕС ""Синьків""', 'natural': 'heath', 'operator': 'DF Agro', 'plant:output:electricity': '0.99 MW', 'plant:source': 'solar', 'power': 'plant', 'start_date': '28.03.2019', 'type': 'multipolygon'}"
9741782,relation,ЦТП,,,,,48.509028,32.2291762,"{'addr:housenumber': '1', 'addr:street': 'Тінистий проїзд', 'building': 'industrial', 'landuse': 'industrial', 'name': 'ЦТП', 'name:uk': 'ЦТП', 'operator': 'ДП ""Кіровоградтепло"" ТОВ ""ЦНТІ УНГА""', 'power': 'plant', 'type': 'multipolygon'}"
9742117,relation,Unknown,,,,,48.4990747,32.2177341,"{'landuse': 'industrial', 'operator': 'ДП ""Кіровоградтепло"" ТОВ ""ЦНТІ УНГА""', 'power': 'plant', 'type': 'multipolygon'}"
9744477,relation,Кіровоградська ТЕЦ,,,,,48.5295225,32.2454563,"{'email': 'vp_tec@krmr.gov.ua', 'fax': '+380 522 30 1520', 'generator:method': 'combustion', 'generator:output:hot_water': 'yes', 'generator:source': 'gas', 'landuse': 'industrial', 'name': 'Кіровоградська ТЕЦ', 'name:uk': 'Кіровоградська ТЕЦ', 'operator': 'КП ""ТЕПЛОЕНЕРГЕТИК""', 'phone': '+380 522 30 1520', 'plant:output:electricity': '15 MW', 'power': 'plant', 'type': 'multipolygon', 'website': 'https://teploenergetik.kr.ua/'}"
9765033,relation,Південно-західна котельня,,,,,48.5204057,32.1950621,"{'landuse': 'industrial', 'name': 'Південно-західна котельня', 'name:uk': 'Південно-західна котельня', 'operator': 'ДП ""Кіровоградтепло"" ТОВ ""ЦНТІ УНГА""', 'power': 'plant', 'type': 'multipolygon'}"
10016211,relation,Ботієвська ВЕС,,,,,46.6348092,35.7931885,"{'landuse': 'industrial', 'name': 'Ботієвська ВЕС', 'name:uk': 'Ботієвська ВЕС', 'plant:output:electricity': '200 MW', 'plant:source': 'wind', 'power': 'plant', 'type': 'multipolygon', 'wikidata': 'Q13666162', 'wikipedia': 'uk:Ботієвська вітрова електростанція'}"
10073530,relation,"СЕС ""Маків-1""",,,,,48.7919933,26.7117718,"{'name': 'СЕС ""Маків-1""', 'name:uk': 'СЕС ""Маків-1""', 'natural': 'heath', 'plant:method': 'photovoltaic', 'plant:output:electricity': '9.99 MW', 'plant:source': 'solar', 'power': 'plant', 'type': 'multipolygon'}"
10276163,relation,СЕС Межиріч,,,,,48.5636676,35.7576935,"{'generator:method': 'photovoltaic', 'name': 'СЕС Межиріч', 'name:uk': 'СЕС Межиріч', 'plant:method': 'photovoltaic', 'plant:output:electricity': '3.556 MW', 'plant:source': 'solar', 'power': 'plant', 'start_date': '2019', 'type': 'multipolygon'}"
10945249,relation,Еней Солар,,,,,48.8669094,24.7276132,"{'addr:housenumber': '30', 'addr:street': 'Вишнева вулиця', 'fixme': 'geometry', 'landuse': 'industrial', 'name': 'Еней Солар', 'operator': 'ТОВ ""Еней Солар""', 'plant:method': 'photovoltaic', 'plant:output:electricity': '2.74 MW', 'plant:source': 'solar', 'power': 'plant', 'start_date': '2019', 'type': 'multipolygon', 'url': 'http://news.stem.if.ua/index.php/portfolio/nazemna-ses-2-69-mvt-s-cherniyiv/'}"
11052197,relation,Селена Солар,,,,,48.8667095,24.7298007,"{'landuse': 'industrial', 'name': 'Селена Солар', 'operator': 'ТОВ ""Селена Солар""', 'plant:method': 'photovoltaic', 'plant:output:electricity': '2.14 MW', 'plant:source': 'solar', 'power': 'plant', 'type': 'multipolygon'}"
11095807,relation,Терновицька СЕС,,,,,49.9247965,23.4664325,"{'landuse': 'industrial', 'name': 'Терновицька СЕС', 'name:uk': 'Терновицька СЕС', 'operator': 'ГК ""Грінвіль""', 'plant:output:electricity': '20 MW', 'plant:source': 'solar', 'power': 'plant', 'type': 'multipolygon'}"
11340973,relation,Unknown,,,,,48.6583069,33.1353822,"{'landuse': 'industrial', 'power': 'plant', 'type': 'multipolygon'}"
11622114,relation,Unknown,,,,,48.9044035,26.2250229,"{'building': 'yes', 'generator:type': 'steam_turbine', 'plant:source': 'hydro', 'power': 'plant', 'type': 'multipolygon'}"
11659868,relation,Судакская ВЭС,,,,,44.8105436,35.0859759,"{'name': 'Судакская ВЭС', 'name:en': 'Sudak wind farm', 'name:uk': 'Судакська ВЕС', 'plant:method': 'wind_turbine', 'plant:output:electricity': '6.3 MW', 'plant:source': 'wind', 'power': 'plant', 'type': 'site', 'wikidata': 'Q16702868', 'wikipedia': 'ru:Судакская ВЭС'}"
11733841,relation,Unknown,,,,,47.2309932,34.0157327,"{'plant:method': 'photovoltaic', 'plant:output:electricity': 'yes', 'plant:source': 'solar', 'power': 'plant', 'type': 'multipolygon'}"
11733842,relation,СЕС Мала Лепетиха,,,,,47.2299117,34.0157512,"{'landuse': 'industrial', 'name': 'СЕС Мала Лепетиха', 'name:uk': 'СЕС Мала Лепетиха', 'operator': 'ООО ""Фрі - Енерджи""', 'plant:method': 'photovoltaic', 'plant:output:electricity': '5.52 MW', 'plant:source': 'solar', 'power': 'plant', 'start_date': '2017-05', 'type': 'multipolygon'}"
11734218,relation,ВЕС Ставки,,,,,46.1427968,33.5484172,"{'name': 'ВЕС Ставки', 'name:uk': 'ВЕС Ставки', 'operator': 'ООО ""ВІНДКРАФТ УКРАЇНА""', 'plant:output:electricity': '9 MW', 'plant:source': 'wind', 'power': 'plant', 'site': 'wind_farm', 'start_date': '2014', 'type': 'site'}"
11734235,relation,Новоросійська ВЕС,,,,,46.1035392,32.6086734,"{'name': 'Новоросійська ВЕС', 'name:uk': 'Новоросійська ВЕС', 'operator': 'ООО ""ВІНДКРАФТ УКРАЇНА""', 'plant:output:electricity': '9 MW', 'plant:source': 'wind', 'power': 'plant', 'site': 'wind_farm', 'start_date': '2010', 'type': 'site'}"
11734236,relation,ВЕС Берегова,,,,,46.1379028,33.106078,"{'name': 'ВЕС Берегова', 'name:uk': 'ВЕС Берегова', 'operator': 'ООО ""ВІНДКРАФТ УКРАЇНА""', 'plant:output:electricity': '12 MW', 'plant:source': 'wind', 'power': 'plant', 'site': 'wind_farm', 'start_date': '2014', 'type': 'site'}"
11734472,relation,ВЕС Краматорська,,,,,48.7799279,37.5094201,"{'name': 'ВЕС Краматорська', 'name:en': 'Kramatorsk Wind Farm', 'name:uk': 'ВЕС Краматорська', 'operator': 'ООО ""АТОМВІНД-КРАМАТОРСЬК""', 'plant:source': 'wind', 'power': 'plant', 'site': 'wind_farm', 'start_date': '2019', 'type': 'site', 'wikidata': 'Q61373280', 'wikipedia': 'uk:Краматорська ВЕС'}"
11801214,relation,Останинская ВЭС,,,,,45.3382096,36.0017785,"{'name': 'Останинская ВЭС', 'name:uk': 'Останинська ВЕС', 'plant:method': 'wind_turbine', 'plant:output:electricity': '25 MW', 'plant:source': 'wind', 'power': 'plant', 'type': 'multipolygon'}"
11978749,relation,"ФЕС ""Енергосолар Про""",,,,,48.8397674,27.8281725,"{'alt_name': 'Фотоелектрична електростанція ""Енергосолар Про""', 'name': 'ФЕС ""Енергосолар Про""', 'name:uk': 'ФЕС ""Енергосолар Про""', 'plant:method': 'photovoltaic', 'plant:output:electricity': '7.298 MW', 'plant:source': 'solar', 'power': 'plant', 'type': 'multipolygon'}"
12076773,relation,Сонячна електростанція,,,,,50.7400617,25.5045873,"{'access': 'private', 'name': 'Сонячна електростанція', 'name:en': 'Solar Power Station', 'name:uk': 'Сонячна електростанція', 'plant:output:electricity': 'yes', 'plant:source': 'solar', 'power': 'plant', 'type': 'multipolygon'}"
12086761,relation,Unknown,,,,,49.6032605,34.5358104,"{'landuse': 'industrial', 'power': 'plant', 'type': 'multipolygon'}"
12096921,relation,Unknown,,,,,50.77502,25.2784158,"{'access': 'private', 'plant:output:electricity': 'yes', 'plant:source': 'solar', 'power': 'plant', 'type': 'multipolygon'}"
12385321,relation,СЕС Сирове,,,,,47.8997505,30.4550229,"{'landuse': 'industrial', 'name': 'СЕС Сирове', 'name:uk': 'СЕС Сирове', 'plant:method': 'photovoltaic', 'plant:output:electricity': '8.06 MW', 'plant:source': 'solar', 'power': 'plant', 'type': 'multipolygon'}"
12826993,relation,ФЕС Бохоники,,,,,49.1745652,28.3711726,"{'landuse': 'industrial', 'name': 'ФЕС Бохоники', 'name:uk': 'ФЕС Бохоники', 'operator': 'ТОВ ""БУ №7""', 'plant:output:electricity': '4.9 MW', 'plant:source': 'solar', 'power': 'plant', 'start_date': '2019', 'type': 'multipolygon'}"
13065256,relation,СЕС Коломия. 1 черга,,,,,48.5288621,25.0964869,"{'landuse': 'industrial', 'name': 'СЕС Коломия. 1 черга', 'name:uk': 'СЕС Коломия. 1 черга', 'operator': 'Коломияенерго, ТОВ', 'plant:method': 'photovoltaic', 'plant:output:electricity': 'yes', 'plant:source': 'solar', 'power': 'plant', 'start_date': '2019', 'type': 'multipolygon'}"
13087277,relation,Млинівська ГЕС,,,,,50.5110782,25.5945886,"{'layer': '1', 'name': 'Млинівська ГЕС', 'name:uk': 'Млинівська ГЕС', 'plant:output:electricity': '362 kW', 'plant:source': 'hydro', 'power': 'plant', 'type': 'multipolygon', 'wikidata': 'Q60736364', 'wikipedia': 'uk:Млинівська ГЕС'}"
13138659,relation,Гута-2,,,,,48.6960518,22.3723453,"{'alt_name': 'Кам’яницька СЕС', 'landuse': 'industrial', 'name': 'Гута-2', 'name:uk': 'Гута-2', 'operator': 'Акванова Гідроресурс', 'plant:method': 'photovoltaic', 'plant:output:electricity': '3 MW', 'plant:source': 'solar', 'power': 'plant', 'type': 'multipolygon'}"
13138660,relation,Гута-3,,,,,48.6979001,22.3719929,"{'landuse': 'industrial', 'name': 'Гута-3', 'name:uk': 'Гута-3', 'operator': 'Акванова Гідроресурс', 'plant:method': 'photovoltaic', 'plant:output:electricity': '5.498 MW', 'plant:source': 'solar', 'power': 'plant', 'type': 'multipolygon'}"
13360139,relation,Unknown,,,,,49.0088071,24.8893787,"{'plant:method': 'photovoltaic', 'plant:output:electricity': 'yes', 'plant:source': 'solar', 'power': 'plant', 'type': 'multipolygon'}"
13663022,relation,Unknown,,,,,49.9350817,23.5052029,"{'landuse': 'industrial', 'plant:source': 'solar', 'power': 'plant', 'rating': '72 MW', 'type': 'multipolygon'}"
13696928,relation,Міська котельня,,,,,51.519273,30.7302899,"{'landuse': 'industrial', 'name': 'Міська котельня', 'name:ru': 'Городская котельная', 'name:uk': 'Міська котельня', 'plant:method': 'combustion', 'plant:output:hot_water': 'yes', 'power': 'plant', 'type': 'multipolygon'}"
13738417,relation,Unknown,,,,,47.0542524,32.7856853,"{'landuse': 'industrial', 'plant:source': 'solar', 'power': 'plant', 'type': 'multipolygon'}"
13739409,relation,Unknown,,,,,47.0573788,32.7988766,"{'landuse': 'industrial', 'plant:source': 'solar', 'power': 'plant', 'type': 'multipolygon'}"
13766266,relation,Сумська ТЕЦ,,,,,50.9326323,34.8193682,"{'name': 'Сумська ТЕЦ', 'name:ru': 'Сумская ТЭЦ', 'name:uk': 'Сумська ТЕЦ', 'plant:output:electricity': '40 MW', 'plant:output:hot_water': 'yes', 'plant:source': 'coal;gas', 'power': 'plant', 'type': 'multipolygon', 'wikidata': 'Q12158666', 'wikipedia': 'uk:Сумська ТЕЦ'}"
13807988,relation,Unknown,,,,,49.6086019,34.5394703,"{'landuse': 'industrial', 'power': 'plant', 'type': 'multipolygon'}"
13911274,relation,Сиваська ВЕС,,,,,46.2421037,33.7163517,"{'name': 'Сиваська ВЕС', 'name:en': 'Syvash wind farm', 'name:uk': 'Сиваська ВЕС', 'plant:method': 'wind_turbine', 'plant:output:electricity': '2.92 MW', 'plant:source': 'wind', 'power': 'plant', 'site': 'wind_farm', 'type': 'site', 'wikidata': 'Q61373149', 'wikipedia': 'uk:Сиваська ВЕС'}"
14110665,relation,Unknown,,,,,48.7440082,32.5366614,"{'plant:source': 'solar', 'power': 'plant', 'type': 'multipolygon'}"
14170218,relation,Unknown,,,,,48.5350751,35.3196046,"{'landuse': 'industrial', 'plant:method': 'photovoltaic', 'plant:output:electricity': 'yes', 'plant:source': 'solar', 'power': 'plant', 'type': 'multipolygon'}"
14448567,relation,Unknown,,,,,48.8239666,25.2381595,"{'plant:method': 'photovoltaic', 'plant:output:electricity': 'yes', 'plant:source': 'solar', 'power': 'plant', 'type': 'multipolygon'}"
14704496,relation,Unknown,,,,,48.9021626,26.6246238,"{'plant:method': 'photovoltaic', 'plant:output:electricity': 'yes', 'plant:source': 'solar', 'power': 'plant', 'type': 'multipolygon'}"
14772020,relation,Дністровська ВЕС,,,,,46.2986394,30.0637718,"{'name': 'Дністровська ВЕС', 'name:en': 'Dnistrovska WPP', 'name:ru': 'Днестровская ВЭС', 'name:uk': 'Дністровська ВЕС', 'operator': 'Elementum Energy', 'plant:method': 'wind_turbine', 'plant:output:electricity': '100 MW', 'plant:source': 'wind', 'power': 'plant', 'start_date': '2021-03', 'type': 'site'}"
15488231,relation,Лиманська сонячна електростанція,,,,,45.4694148,28.2490583,"{'addr:housenumber': '88а', 'addr:street': 'Дунайська вулиця', 'landuse': 'industrial', 'name': 'Лиманська сонячна електростанція', 'name:en': 'Limanskaya solar power plant', 'name:ru': 'Лиманская солнечная электростанция', 'name:uk': 'Лиманська сонячна електростанція', 'operator': 'CNBM International Corporation (China)', 'plant:method': 'photovoltaic', 'plant:output:electricity': '43.4 MW', 'plant:source': 'solar', 'power': 'plant', 'start_date': '2013/04/5', 'type': 'multipolygon'}"
16228352,relation,Unknown,,,,,48.9317123,24.7814806,"{'plant:method': 'photovoltaic', 'plant:output:electricity': 'yes', 'plant:source': 'solar', 'power': 'plant', 'type': 'multipolygon'}"
17232047,relation,Східницька ВЕС,,,,,49.2415606,23.3643042,"{'landuse': 'industrial', 'name': 'Східницька ВЕС', 'name:en': 'Skhidnytsia Windpark', 'name:uk': 'Східницька ВЕС', 'plant:method': 'wind_turbine', 'plant:output:electricity': '750 kW', 'plant:source': 'wind', 'power': 'plant', 'type': 'multipolygon', 'wikidata': 'Q12159082', 'wikipedia': 'uk:Східницька ВЕС'}"
17690012,relation,Районна котельня «Північна-2»,,,,,46.5944208,30.8073225,"{'addr:street': 'вулиця 28-ї Бригади', 'generator:output:hot_water': 'yes', 'landuse': 'industrial', 'name': 'Районна котельня «Північна-2»', 'power': 'plant', 'power:output:hot_water': 'yes', 'type': 'multipolygon'}"
17912732,relation,Unknown,,,,,46.9256378,31.0665185,"{'plant:method': 'photovoltaic', 'plant:output:electricity': '148 MW', 'plant:source': 'solar', 'power': 'plant', 'type': 'multipolygon', 'wikidata': 'Q106414232', 'wikipedia': 'uk:СЕС Прогресівка'}"
17963796,relation,СЕС Морозівка,,,,,48.7032997,32.9362754,"{'name': 'СЕС Морозівка', 'name:uk': 'СЕС Морозівка', 'operator': 'ТОВ ""САНВІН 5""', 'plant:method': 'photovoltaic', 'plant:output:electricity': '91.3 MW', 'plant:source': 'solar', 'power': 'plant', 'start_date': '12.2019', 'type': 'multipolygon'}"
18021605,relation,"БіоТЕС ТДВ ""Колос""",,,,,48.7288494,32.6906711,"{'barrier': 'fence', 'construction': 'gasometer', 'landuse': 'construction', 'name': 'БіоТЕС ТДВ ""Колос""', 'operator': 'ТДВ ""Колос""', 'plant:method': 'combustion', 'plant:source': 'biogas', 'power': 'plant', 'type': 'multipolygon'}"
18215218,relation,Unknown,,,,,48.6404905,33.122388,"{'plant:method': 'photovoltaic', 'plant:output:electricity': 'yes', 'plant:source': 'solar', 'power': 'plant', 'type': 'multipolygon'}"
18766255,relation,Unknown,,,,,48.7457026,32.5234408,"{'plant:source': 'solar', 'power': 'plant', 'type': 'multipolygon'}"
18850139,relation,Гудзовка-Солар-2,,,,,45.3549295,28.8735096,"{'landuse': 'industrial', 'name': 'Гудзовка-Солар-2', 'name:en': 'Hudzovka-Solar-2', 'name:ru': 'Гудзовка-Солар-2', 'name:uk': 'Гудзовка-Солар-2', 'plant:method': 'photovoltaic', 'plant:output:electricity': '12.16 MW', 'plant:source': 'solar', 'power': 'plant', 'seamark:production_area:category': 'power_station', 'seamark:type': 'production_area', 'start_date': '2019-11', 'type': 'multipolygon'}"
18850141,relation,Гудзовка-Солар-1,,,,,45.3548178,28.8696878,"{'landuse': 'industrial', 'name': 'Гудзовка-Солар-1', 'name:en': 'Hudzovka-Solar-1', 'name:ru': 'Гудзовка-Солар-1', 'name:uk': 'Гудзовка-Солар-1', 'plant:method': 'photovoltaic', 'plant:output:electricity': '12.16 MW', 'plant:source': 'solar', 'power': 'plant', 'seamark:production_area:category': 'power_station', 'seamark:type': 'production_area', 'start_date': '2019-11', 'type': 'multipolygon'}"
18993152,relation,"СЕС ""Іванівка-2""",,,,,48.4175391,31.8483259,"{'landuse': 'industrial', 'name': 'СЕС ""Іванівка-2""', 'name:uk': 'СЕС ""Іванівка-2""', 'operator': 'ТОВ ""Агро-Трейд""', 'plant:method': 'photovoltaic', 'plant:output:electricity': '3078 kW', 'plant:source': 'solar', 'power': 'plant', 'start_date': '2016', 'type': 'multipolygon', 'website': 'https://rentechno.ua/ua/portfolio/solar-plants/ivanovka-2.html'}"
19324137,relation,Гайворонська ГЕС,,,,,48.3278822,29.8665913,"{'addr:housenumber': '81-А', 'addr:street': 'вулиця Василя Стуса', 'landuse': 'industrial', 'name': 'Гайворонська ГЕС', 'name:uk': 'Гайворонська ГЕС', 'operator': 'Тов ""Гідроенергоінвест""', 'plant:output:electricity': '7.818 MW', 'plant:source': 'hydro', 'power': 'plant', 'type': 'multipolygon', 'wikidata': 'Q56307517', 'wikipedia': 'uk:Гайворонська ГЕС'}"
19352986,relation,Unknown,,,,,50.4587488,30.4293239,"{'landuse': 'industrial', 'plant:output:hot_water': 'yes', 'power': 'plant', 'type': 'multipolygon'}"
19394075,relation,Новоархангельська ГЕС,,,,,48.6819704,30.8081717,"{'addr:housenumber': '67-В', 'addr:street': 'вулиця Котляревського', 'name': 'Новоархангельська ГЕС', 'name:uk': 'Новоархангельська ГЕС', 'operator': 'Тов ""Гідроенергоінвест""', 'plant:method': 'water-storage', 'plant:output:electricity': '1360kW', 'plant:source': 'hydro', 'power': 'plant', 'start_date': '1954', 'type': 'multipolygon'}"
19409921,relation,Тернівська ГЕС,,,,,48.529083,30.7454337,"{'addr:housenumber': '31-Б', 'addr:street': 'Енергетична вулиця', 'name': 'Тернівська ГЕС', 'name:uk': 'Тернівська ГЕС', 'operator': 'Тов ""Гідроенергоінвест""', 'plant:method': 'water-storage', 'plant:output:electricity': '2040kW', 'plant:source': 'hydro', 'power': 'plant', 'start_date': '1957', 'type': 'multipolygon'}"
19412791,relation,МГЕС Покотилове,,,,,48.4751479,30.6918269,"{'addr:housenumber': '1', 'addr:street': 'Лісова вулиця', 'layer': '1', 'name': 'МГЕС Покотилове', 'name:uk': 'МГЕС Покотилове', 'plant:output:electricity': 'yes', 'plant:source': 'hydro', 'power': 'plant', 'source:geometry': 'кадастр', 'start_date': '2020s', 'type': 'multipolygon'}"
19443525,relation,Приютівська СЕС,,,,,48.7173569,33.0847002,"{'generator:method': 'photovoltaic', 'landuse': 'industrial', 'name': 'Приютівська СЕС', 'name:uk': 'Приютівська СЕС', 'plant:output:electricity': '10MW', 'power': 'plant', 'start_date': '2020', 'type': 'multipolygon'}"
19773115,relation,Unknown,,,,,47.0537495,32.0185097,"{'landuse': 'industrial', 'plant:source': 'solar', 'power': 'plant', 'type': 'multipolygon'}"
19927444,relation,"СЕС ""Могутнє""",,,,,48.6833565,31.9883801,"{'name': 'СЕС ""Могутнє""', 'operator': 'Тов ""Грін Тек""', 'plant:method': 'photovoltaic', 'plant:output:electricity': '1.82 MW', 'plant:source': 'solar', 'power': 'plant', 'start_date': '2018', 'type': 'multipolygon'}"
20704388,relation,Миронівська ТЕС,,,,,48.4814739,38.2873565,"{'landuse': 'industrial', 'name': 'Миронівська ТЕС', 'name:ru': 'Мироновская ТЭС', 'name:uk': 'Миронівська ТЕС', 'plant:method': 'combustion', 'plant:output:electricity': '115 MW', 'plant:source': 'coal', 'power': 'plant', 'start_date': '1953', 'type': 'multipolygon', 'wikidata': 'Q4296146', 'wikipedia': 'uk:Миронівська ТЕС'}"
20769588,relation,Unknown,,,,,47.1157527,31.8254854,"{'plant:method': 'photovoltaic', 'plant:output:electricity': 'yes', 'plant:source': 'solar', 'power': 'plant', 'type': 'multipolygon'}"
